id,app_name,package_name,title,body,label,notification_type,template_group,clarity,reason_code,android_category,is_ongoing,rule_score,rule_level,forced,model_eligible,source,dataset_version,source_detail,source_url,license,is_real,is_public,label_status,original_source_id
V02_TRAIN_001,토스,synthetic.kr.toss,토스,자동이체 처리가 정상적으로 완료되지 않았습니다.,1,exception,eligible_promote_0_0,CLEAR,concrete_failure_or_exception,msg,false,25,REVIEW,false,true,SYNTHETIC_REVIEWED,0.3,noti_v0.2_generator,,PROJECT_OWNED,false,true,POLICY_REVIEWED,V02_TRAIN_001
V02_TRAIN_002,토스,synthetic.kr.toss,자동이체 안내,자동이체 처리 중 문제가 발생했습니다.,1,exception,eligible_promote_0_1,CLEAR,concrete_failure_or_exception,msg,false,25,REVIEW,false,true,SYNTHETIC_REVIEWED,0.3,noti_v0.2_generator,,PROJECT_OWNED,false,true,POLICY_REVIEWED,V02_TRAIN_002
V02_TRAIN_003,토스,synthetic.kr.toss,토스,카드대금 출금: 오늘 오후 6시로 변경되었습니다.,1,schedule_change,eligible_promote_schedule_0,CLEAR,meaningful_schedule_change,msg,false,30,REVIEW,false,true,SYNTHETIC_REVIEWED,0.3,noti_v0.2_generator,,PROJECT_OWNED,false,true,POLICY_REVIEWED,V02_TRAIN_003
V02_TRAIN_004,토스,synthetic.kr.toss,카드대금 출금 안내,카드대금 출금: 내일 오전 9시로 변경되었습니다.,1,schedule_change,eligible_promote_schedule_1,CLEAR,meaningful_schedule_change,msg,false,30,REVIEW,false,true,SYNTHETIC_REVIEWED,0.3,noti_v0.2_generator,,PROJECT_OWNED,false,true,POLICY_REVIEWED,V02_TRAIN_004
V02_TRAIN_005,토스,synthetic.kr.toss,토스,확인이 필요합니다: 송금 정보,1,action_required,eligible_promote_2_0,CLEAR,concrete_user_confirmation,msg,false,25,REVIEW,false,true,SYNTHETIC_REVIEWED,0.3,noti_v0.2_generator,,PROJECT_OWNED,false,true,POLICY_REVIEWED,V02_TRAIN_005
V02_TRAIN_006,토스,synthetic.kr.toss,송금 정보 안내,송금 정보 관련 확인이 필요합니다.,1,action_required,eligible_promote_2_1,CLEAR,concrete_user_confirmation,msg,false,25,REVIEW,false,true,SYNTHETIC_REVIEWED,0.3,noti_v0.2_generator,,PROJECT_OWNED,false,true,POLICY_REVIEWED,V02_TRAIN_006
V02_TRAIN_007,토스,synthetic.kr.toss,토스,주간 소비 리포트: 이번 주 요약이 도착했습니다.,0,summary,eligible_keep_0_0,CLEAR,informational_summary,msg,false,25,REVIEW,false,true,SYNTHETIC_REVIEWED,0.3,noti_v0.2_generator,,PROJECT_OWNED,false,true,POLICY_REVIEWED,V02_TRAIN_007
V02_TRAIN_008,토스,synthetic.kr.toss,주간 소비 리포트 안내,주간 소비 리포트 세부 내용을 확인해주세요.,0,summary,eligible_keep_0_1,CLEAR,informational_summary,msg,false,25,REVIEW,false,true,SYNTHETIC_REVIEWED,0.3,noti_v0.2_generator,,PROJECT_OWNED,false,true,POLICY_REVIEWED,V02_TRAIN_008
V02_TRAIN_009,토스,synthetic.kr.toss,토스,자산 현황 보기 관련 새 내용이 오늘 오후 3시에 공개됩니다.,0,optional_schedule,eligible_keep_schedule_0,CLEAR,optional_timed_content,reminder,false,25,REVIEW,false,true,SYNTHETIC_REVIEWED,0.3,noti_v0.2_generator,,PROJECT_OWNED,false,true,POLICY_REVIEWED,V02_TRAIN_009
V02_TRAIN_010,토스,synthetic.kr.toss,자산 현황 보기 안내,자산 현황 보기 관련 내용이 내일 오전 10시에 업데이트됩니다.,0,optional_schedule,eligible_keep_schedule_1,CLEAR,optional_timed_content,reminder,false,25,REVIEW,false,true,SYNTHETIC_REVIEWED,0.3,noti_v0.2_generator,,PROJECT_OWNED,false,true,POLICY_REVIEWED,V02_TRAIN_010
V02_TRAIN_011,토스,synthetic.kr.toss,토스,서비스 만족도 참여 요청이 도착했습니다.,0,optional_survey,eligible_keep_2_0,CLEAR,optional_participation_request,msg,false,25,REVIEW,false,true,SYNTHETIC_REVIEWED,0.3,noti_v0.2_generator,,PROJECT_OWNED,false,true,POLICY_REVIEWED,V02_TRAIN_011
V02_TRAIN_012,토스,synthetic.kr.toss,서비스 만족도 안내,서비스 만족도 관련 의견을 남겨주세요.,0,optional_survey,eligible_keep_2_1,CLEAR,optional_participation_request,msg,false,25,REVIEW,false,true,SYNTHETIC_REVIEWED,0.3,noti_v0.2_generator,,PROJECT_OWNED,false,true,POLICY_REVIEWED,V02_TRAIN_012
V02_TRAIN_013,토스,synthetic.kr.toss,긴급 확인,자동이체 문제로 오늘까지 처리가 필요합니다. 즉시 확인해주세요.,1,urgent_action,clear_important_0,CLEAR,urgent_and_action_required,alarm,false,45,IMPORTANT,false,false,SYNTHETIC_REVIEWED,0.3,noti_v0.2_generator,,PROJECT_OWNED,false,true,POLICY_REVIEWED,V02_TRAIN_013
V02_TRAIN_014,토스,synthetic.kr.toss,보안 알림,새로운 기기에서 송금 정보 변경이 감지되었습니다.,1,security_change,clear_important_1,CLEAR,explicit_security_change,msg,false,50,IMPORTANT,false,false,SYNTHETIC_REVIEWED,0.3,noti_v0.2_generator,,PROJECT_OWNED,false,true,POLICY_REVIEWED,V02_TRAIN_014
V02_TRAIN_015,토스,synthetic.kr.toss,(광고) 오늘의 혜택,"첫 결제 캐시백 혜택, 오늘만 확인하세요. 수신거부는 설정에서 가능합니다.",0,promotion,clear_general_0,CLEAR,explicit_promotion,promo,false,-15,GENERAL,false,false,SYNTHETIC_REVIEWED,0.3,noti_v0.2_generator,,PROJECT_OWNED,false,true,POLICY_REVIEWED,V02_TRAIN_015
V02_TRAIN_016,토스,synthetic.kr.toss,업데이트 완료,주간 소비 리포트 업데이트가 완료되었습니다. 별도 작업은 필요하지 않습니다.,0,passive_update,clear_general_1,CLEAR,no_action_status,status,false,-10,GENERAL,false,false,SYNTHETIC_REVIEWED,0.3,noti_v0.2_generator,,PROJECT_OWNED,false,true,POLICY_REVIEWED,V02_TRAIN_016
V02_TRAIN_017,카카오뱅크,synthetic.kr.kakaobank,카카오뱅크,계좌이체 처리가 정상적으로 완료되지 않았습니다.,1,exception,eligible_promote_0_0,CLEAR,concrete_failure_or_exception,msg,false,25,REVIEW,false,true,SYNTHETIC_REVIEWED,0.3,noti_v0.2_generator,,PROJECT_OWNED,false,true,POLICY_REVIEWED,V02_TRAIN_017
V02_TRAIN_018,카카오뱅크,synthetic.kr.kakaobank,계좌이체 안내,계좌이체 처리 중 문제가 발생했습니다.,1,exception,eligible_promote_0_1,CLEAR,concrete_failure_or_exception,msg,false,25,REVIEW,false,true,SYNTHETIC_REVIEWED,0.3,noti_v0.2_generator,,PROJECT_OWNED,false,true,POLICY_REVIEWED,V02_TRAIN_018
V02_TRAIN_019,카카오뱅크,synthetic.kr.kakaobank,카카오뱅크,대출이자 납부 변경 안내입니다. 기존 일정과 달라졌습니다.,1,schedule_change,eligible_promote_schedule_2,CLEAR,meaningful_schedule_change,msg,false,30,REVIEW,false,true,SYNTHETIC_REVIEWED,0.3,noti_v0.2_generator,,PROJECT_OWNED,false,true,POLICY_REVIEWED,V02_TRAIN_019
V02_TRAIN_020,카카오뱅크,synthetic.kr.kakaobank,대출이자 납부 안내,대출이자 납부: 기존 시간이 취소되고 새 시간이 등록되었습니다.,1,schedule_change,eligible_promote_schedule_3,CLEAR,meaningful_schedule_change,msg,false,30,REVIEW,false,true,SYNTHETIC_REVIEWED,0.3,noti_v0.2_generator,,PROJECT_OWNED,false,true,POLICY_REVIEWED,V02_TRAIN_020
V02_TRAIN_021,카카오뱅크,synthetic.kr.kakaobank,카카오뱅크,확인이 필요합니다: 받는 계좌 정보,1,action_required,eligible_promote_2_0,CLEAR,concrete_user_confirmation,msg,false,25,REVIEW,false,true,SYNTHETIC_REVIEWED,0.3,noti_v0.2_generator,,PROJECT_OWNED,false,true,POLICY_REVIEWED,V02_TRAIN_021
V02_TRAIN_022,카카오뱅크,synthetic.kr.kakaobank,받는 계좌 정보 안내,받는 계좌 정보 관련 확인이 필요합니다.,1,action_required,eligible_promote_2_1,CLEAR,concrete_user_confirmation,msg,false,25,REVIEW,false,true,SYNTHETIC_REVIEWED,0.3,noti_v0.2_generator,,PROJECT_OWNED,false,true,POLICY_REVIEWED,V02_TRAIN_022
V02_TRAIN_023,카카오뱅크,synthetic.kr.kakaobank,카카오뱅크,이번 달 자산 리포트: 이번 주 요약이 도착했습니다.,0,summary,eligible_keep_0_0,CLEAR,informational_summary,msg,false,25,REVIEW,false,true,SYNTHETIC_REVIEWED,0.3,noti_v0.2_generator,,PROJECT_OWNED,false,true,POLICY_REVIEWED,V02_TRAIN_023
V02_TRAIN_024,카카오뱅크,synthetic.kr.kakaobank,이번 달 자산 리포트 안내,이번 달 자산 리포트 세부 내용을 확인해주세요.,0,summary,eligible_keep_0_1,CLEAR,informational_summary,msg,false,25,REVIEW,false,true,SYNTHETIC_REVIEWED,0.3,noti_v0.2_generator,,PROJECT_OWNED,false,true,POLICY_REVIEWED,V02_TRAIN_024
V02_TRAIN_025,카카오뱅크,synthetic.kr.kakaobank,카카오뱅크,관심 등록한 저금통 현황 소식이 이번 주 공개될 예정입니다.,0,optional_schedule,eligible_keep_schedule_2,CLEAR,optional_timed_content,reminder,false,25,REVIEW,false,true,SYNTHETIC_REVIEWED,0.3,noti_v0.2_generator,,PROJECT_OWNED,false,true,POLICY_REVIEWED,V02_TRAIN_025
V02_TRAIN_026,카카오뱅크,synthetic.kr.kakaobank,저금통 현황 안내,저금통 현황 공개 시간이 정해졌습니다.,0,optional_schedule,eligible_keep_schedule_3,CLEAR,optional_timed_content,reminder,false,25,REVIEW,false,true,SYNTHETIC_REVIEWED,0.3,noti_v0.2_generator,,PROJECT_OWNED,false,true,POLICY_REVIEWED,V02_TRAIN_026
V02_TRAIN_027,카카오뱅크,synthetic.kr.kakaobank,카카오뱅크,앱 이용 설문 참여 요청이 도착했습니다.,0,optional_survey,eligible_keep_2_0,CLEAR,optional_participation_request,msg,false,25,REVIEW,false,true,SYNTHETIC_REVIEWED,0.3,noti_v0.2_generator,,PROJECT_OWNED,false,true,POLICY_REVIEWED,V02_TRAIN_027
V02_TRAIN_028,카카오뱅크,synthetic.kr.kakaobank,앱 이용 설문 안내,앱 이용 설문 관련 의견을 남겨주세요.,0,optional_survey,eligible_keep_2_1,CLEAR,optional_participation_request,msg,false,25,REVIEW,false,true,SYNTHETIC_REVIEWED,0.3,noti_v0.2_generator,,PROJECT_OWNED,false,true,POLICY_REVIEWED,V02_TRAIN_028
V02_TRAIN_029,카카오뱅크,synthetic.kr.kakaobank,긴급 확인,계좌이체 문제로 오늘까지 처리가 필요합니다. 즉시 확인해주세요.,1,urgent_action,clear_important_0,CLEAR,urgent_and_action_required,alarm,false,45,IMPORTANT,false,false,SYNTHETIC_REVIEWED,0.3,noti_v0.2_generator,,PROJECT_OWNED,false,true,POLICY_REVIEWED,V02_TRAIN_029
V02_TRAIN_030,카카오뱅크,synthetic.kr.kakaobank,보안 알림,새로운 기기에서 받는 계좌 정보 변경이 감지되었습니다.,1,security_change,clear_important_1,CLEAR,explicit_security_change,msg,false,50,IMPORTANT,false,false,SYNTHETIC_REVIEWED,0.3,noti_v0.2_generator,,PROJECT_OWNED,false,true,POLICY_REVIEWED,V02_TRAIN_030
V02_TRAIN_031,카카오뱅크,synthetic.kr.kakaobank,(광고) 오늘의 혜택,"예금 가입 이벤트, 오늘만 확인하세요. 수신거부는 설정에서 가능합니다.",0,promotion,clear_general_0,CLEAR,explicit_promotion,promo,false,-15,GENERAL,false,false,SYNTHETIC_REVIEWED,0.3,noti_v0.2_generator,,PROJECT_OWNED,false,true,POLICY_REVIEWED,V02_TRAIN_031
V02_TRAIN_032,카카오뱅크,synthetic.kr.kakaobank,업데이트 완료,이번 달 자산 리포트 업데이트가 완료되었습니다. 별도 작업은 필요하지 않습니다.,0,passive_update,clear_general_1,CLEAR,no_action_status,status,false,-10,GENERAL,false,false,SYNTHETIC_REVIEWED,0.3,noti_v0.2_generator,,PROJECT_OWNED,false,true,POLICY_REVIEWED,V02_TRAIN_032
V02_TRAIN_033,삼성카드,synthetic.kr.samsungcard,삼성카드,해외 결제 처리가 정상적으로 완료되지 않았습니다.,1,exception,eligible_promote_0_0,CLEAR,concrete_failure_or_exception,msg,false,25,REVIEW,false,true,SYNTHETIC_REVIEWED,0.3,noti_v0.2_generator,,PROJECT_OWNED,false,true,POLICY_REVIEWED,V02_TRAIN_033
V02_TRAIN_034,삼성카드,synthetic.kr.samsungcard,해외 결제 안내,해외 결제 처리 중 문제가 발생했습니다.,1,exception,eligible_promote_0_1,CLEAR,concrete_failure_or_exception,msg,false,25,REVIEW,false,true,SYNTHETIC_REVIEWED,0.3,noti_v0.2_generator,,PROJECT_OWNED,false,true,POLICY_REVIEWED,V02_TRAIN_034
V02_TRAIN_035,삼성카드,synthetic.kr.samsungcard,삼성카드,카드대금 납부: 예정보다 2시간 앞당겨졌습니다.,1,schedule_change,eligible_promote_schedule_4,CLEAR,meaningful_schedule_change,msg,false,30,REVIEW,false,true,SYNTHETIC_REVIEWED,0.3,noti_v0.2_generator,,PROJECT_OWNED,false,true,POLICY_REVIEWED,V02_TRAIN_035
V02_TRAIN_036,삼성카드,synthetic.kr.samsungcard,카드대금 납부 안내,카드대금 납부: 오늘 오후 6시로 변경되었습니다.,1,schedule_change,eligible_promote_schedule_0,CLEAR,meaningful_schedule_change,msg,false,30,REVIEW,false,true,SYNTHETIC_REVIEWED,0.3,noti_v0.2_generator,,PROJECT_OWNED,false,true,POLICY_REVIEWED,V02_TRAIN_036
V02_TRAIN_037,삼성카드,synthetic.kr.samsungcard,삼성카드,확인이 필요합니다: 결제 수단 정보,1,action_required,eligible_promote_2_0,CLEAR,concrete_user_confirmation,msg,false,25,REVIEW,false,true,SYNTHETIC_REVIEWED,0.3,noti_v0.2_generator,,PROJECT_OWNED,false,true,POLICY_REVIEWED,V02_TRAIN_037
V02_TRAIN_038,삼성카드,synthetic.kr.samsungcard,결제 수단 정보 안내,결제 수단 정보 관련 확인이 필요합니다.,1,action_required,eligible_promote_2_1,CLEAR,concrete_user_confirmation,msg,false,25,REVIEW,false,true,SYNTHETIC_REVIEWED,0.3,noti_v0.2_generator,,PROJECT_OWNED,false,true,POLICY_REVIEWED,V02_TRAIN_038
V02_TRAIN_039,삼성카드,synthetic.kr.samsungcard,삼성카드,이번 달 이용 내역: 이번 주 요약이 도착했습니다.,0,summary,eligible_keep_0_0,CLEAR,informational_summary,msg,false,25,REVIEW,false,true,SYNTHETIC_REVIEWED,0.3,noti_v0.2_generator,,PROJECT_OWNED,false,true,POLICY_REVIEWED,V02_TRAIN_039
V02_TRAIN_040,삼성카드,synthetic.kr.samsungcard,이번 달 이용 내역 안내,이번 달 이용 내역 세부 내용을 확인해주세요.,0,summary,eligible_keep_0_1,CLEAR,informational_summary,msg,false,25,REVIEW,false,true,SYNTHETIC_REVIEWED,0.3,noti_v0.2_generator,,PROJECT_OWNED,false,true,POLICY_REVIEWED,V02_TRAIN_040
V02_TRAIN_041,삼성카드,synthetic.kr.samsungcard,삼성카드,카드 혜택 캘린더 관련 알림이 곧 시작됩니다.,0,optional_schedule,eligible_keep_schedule_4,CLEAR,optional_timed_content,reminder,false,25,REVIEW,false,true,SYNTHETIC_REVIEWED,0.3,noti_v0.2_generator,,PROJECT_OWNED,false,true,POLICY_REVIEWED,V02_TRAIN_041
V02_TRAIN_042,삼성카드,synthetic.kr.samsungcard,카드 혜택 캘린더 안내,카드 혜택 캘린더 관련 새 내용이 오늘 오후 3시에 공개됩니다.,0,optional_schedule,eligible_keep_schedule_0,CLEAR,optional_timed_content,reminder,false,25,REVIEW,false,true,SYNTHETIC_REVIEWED,0.3,noti_v0.2_generator,,PROJECT_OWNED,false,true,POLICY_REVIEWED,V02_TRAIN_042
V02_TRAIN_043,삼성카드,synthetic.kr.samsungcard,삼성카드,서비스 설문 참여 요청이 도착했습니다.,0,optional_survey,eligible_keep_2_0,CLEAR,optional_participation_request,msg,false,25,REVIEW,false,true,SYNTHETIC_REVIEWED,0.3,noti_v0.2_generator,,PROJECT_OWNED,false,true,POLICY_REVIEWED,V02_TRAIN_043
V02_TRAIN_044,삼성카드,synthetic.kr.samsungcard,서비스 설문 안내,서비스 설문 관련 의견을 남겨주세요.,0,optional_survey,eligible_keep_2_1,CLEAR,optional_participation_request,msg,false,25,REVIEW,false,true,SYNTHETIC_REVIEWED,0.3,noti_v0.2_generator,,PROJECT_OWNED,false,true,POLICY_REVIEWED,V02_TRAIN_044
V02_TRAIN_045,삼성카드,synthetic.kr.samsungcard,긴급 확인,해외 결제 문제로 오늘까지 처리가 필요합니다. 즉시 확인해주세요.,1,urgent_action,clear_important_0,CLEAR,urgent_and_action_required,alarm,false,45,IMPORTANT,false,false,SYNTHETIC_REVIEWED,0.3,noti_v0.2_generator,,PROJECT_OWNED,false,true,POLICY_REVIEWED,V02_TRAIN_045
V02_TRAIN_046,삼성카드,synthetic.kr.samsungcard,보안 알림,새로운 기기에서 결제 수단 정보 변경이 감지되었습니다.,1,security_change,clear_important_1,CLEAR,explicit_security_change,msg,false,50,IMPORTANT,false,false,SYNTHETIC_REVIEWED,0.3,noti_v0.2_generator,,PROJECT_OWNED,false,true,POLICY_REVIEWED,V02_TRAIN_046
V02_TRAIN_047,삼성카드,synthetic.kr.samsungcard,(광고) 오늘의 혜택,"온라인 쇼핑 할인 혜택, 오늘만 확인하세요. 수신거부는 설정에서 가능합니다.",0,promotion,clear_general_0,CLEAR,explicit_promotion,promo,false,-15,GENERAL,false,false,SYNTHETIC_REVIEWED,0.3,noti_v0.2_generator,,PROJECT_OWNED,false,true,POLICY_REVIEWED,V02_TRAIN_047
V02_TRAIN_048,삼성카드,synthetic.kr.samsungcard,업데이트 완료,이번 달 이용 내역 업데이트가 완료되었습니다. 별도 작업은 필요하지 않습니다.,0,passive_update,clear_general_1,CLEAR,no_action_status,status,false,-10,GENERAL,false,false,SYNTHETIC_REVIEWED,0.3,noti_v0.2_generator,,PROJECT_OWNED,false,true,POLICY_REVIEWED,V02_TRAIN_048
V02_TRAIN_049,네이버페이,synthetic.kr.naverpay,네이버페이,간편결제 처리가 정상적으로 완료되지 않았습니다.,1,exception,eligible_promote_0_0,CLEAR,concrete_failure_or_exception,msg,false,25,REVIEW,false,true,SYNTHETIC_REVIEWED,0.3,noti_v0.2_generator,,PROJECT_OWNED,false,true,POLICY_REVIEWED,V02_TRAIN_049
V02_TRAIN_050,네이버페이,synthetic.kr.naverpay,간편결제 안내,간편결제 처리 중 문제가 발생했습니다.,1,exception,eligible_promote_0_1,CLEAR,concrete_failure_or_exception,msg,false,25,REVIEW,false,true,SYNTHETIC_REVIEWED,0.3,noti_v0.2_generator,,PROJECT_OWNED,false,true,POLICY_REVIEWED,V02_TRAIN_050
V02_TRAIN_051,네이버페이,synthetic.kr.naverpay,네이버페이,후불결제 납부: 내일 오전 9시로 변경되었습니다.,1,schedule_change,eligible_promote_schedule_1,CLEAR,meaningful_schedule_change,msg,false,30,REVIEW,false,true,SYNTHETIC_REVIEWED,0.3,noti_v0.2_generator,,PROJECT_OWNED,false,true,POLICY_REVIEWED,V02_TRAIN_051
V02_TRAIN_052,네이버페이,synthetic.kr.naverpay,후불결제 납부 안내,후불결제 납부 변경 안내입니다. 기존 일정과 달라졌습니다.,1,schedule_change,eligible_promote_schedule_2,CLEAR,meaningful_schedule_change,msg,false,30,REVIEW,false,true,SYNTHETIC_REVIEWED,0.3,noti_v0.2_generator,,PROJECT_OWNED,false,true,POLICY_REVIEWED,V02_TRAIN_052
V02_TRAIN_053,네이버페이,synthetic.kr.naverpay,네이버페이,확인이 필요합니다: 환불 계좌 정보,1,action_required,eligible_promote_2_0,CLEAR,concrete_user_confirmation,msg,false,25,REVIEW,false,true,SYNTHETIC_REVIEWED,0.3,noti_v0.2_generator,,PROJECT_OWNED,false,true,POLICY_REVIEWED,V02_TRAIN_053
V02_TRAIN_054,네이버페이,synthetic.kr.naverpay,환불 계좌 정보 안내,환불 계좌 정보 관련 확인이 필요합니다.,1,action_required,eligible_promote_2_1,CLEAR,concrete_user_confirmation,msg,false,25,REVIEW,false,true,SYNTHETIC_REVIEWED,0.3,noti_v0.2_generator,,PROJECT_OWNED,false,true,POLICY_REVIEWED,V02_TRAIN_054
V02_TRAIN_055,네이버페이,synthetic.kr.naverpay,네이버페이,포인트 사용 리포트: 이번 주 요약이 도착했습니다.,0,summary,eligible_keep_0_0,CLEAR,informational_summary,msg,false,25,REVIEW,false,true,SYNTHETIC_REVIEWED,0.3,noti_v0.2_generator,,PROJECT_OWNED,false,true,POLICY_REVIEWED,V02_TRAIN_055
V02_TRAIN_056,네이버페이,synthetic.kr.naverpay,포인트 사용 리포트 안내,포인트 사용 리포트 세부 내용을 확인해주세요.,0,summary,eligible_keep_0_1,CLEAR,informational_summary,msg,false,25,REVIEW,false,true,SYNTHETIC_REVIEWED,0.3,noti_v0.2_generator,,PROJECT_OWNED,false,true,POLICY_REVIEWED,V02_TRAIN_056
V02_TRAIN_057,네이버페이,synthetic.kr.naverpay,네이버페이,멤버십 캘린더 관련 내용이 내일 오전 10시에 업데이트됩니다.,0,optional_schedule,eligible_keep_schedule_1,CLEAR,optional_timed_content,reminder,false,25,REVIEW,false,true,SYNTHETIC_REVIEWED,0.3,noti_v0.2_generator,,PROJECT_OWNED,false,true,POLICY_REVIEWED,V02_TRAIN_057
V02_TRAIN_058,네이버페이,synthetic.kr.naverpay,멤버십 캘린더 안내,관심 등록한 멤버십 캘린더 소식이 이번 주 공개될 예정입니다.,0,optional_schedule,eligible_keep_schedule_2,CLEAR,optional_timed_content,reminder,false,25,REVIEW,false,true,SYNTHETIC_REVIEWED,0.3,noti_v0.2_generator,,PROJECT_OWNED,false,true,POLICY_REVIEWED,V02_TRAIN_058
V02_TRAIN_059,네이버페이,synthetic.kr.naverpay,네이버페이,결제 서비스 설문 참여 요청이 도착했습니다.,0,optional_survey,eligible_keep_2_0,CLEAR,optional_participation_request,msg,false,25,REVIEW,false,true,SYNTHETIC_REVIEWED,0.3,noti_v0.2_generator,,PROJECT_OWNED,false,true,POLICY_REVIEWED,V02_TRAIN_059
V02_TRAIN_060,네이버페이,synthetic.kr.naverpay,결제 서비스 설문 안내,결제 서비스 설문 관련 의견을 남겨주세요.,0,optional_survey,eligible_keep_2_1,CLEAR,optional_participation_request,msg,false,25,REVIEW,false,true,SYNTHETIC_REVIEWED,0.3,noti_v0.2_generator,,PROJECT_OWNED,false,true,POLICY_REVIEWED,V02_TRAIN_060
V02_TRAIN_061,네이버페이,synthetic.kr.naverpay,긴급 확인,간편결제 문제로 오늘까지 처리가 필요합니다. 즉시 확인해주세요.,1,urgent_action,clear_important_0,CLEAR,urgent_and_action_required,alarm,false,45,IMPORTANT,false,false,SYNTHETIC_REVIEWED,0.3,noti_v0.2_generator,,PROJECT_OWNED,false,true,POLICY_REVIEWED,V02_TRAIN_061
V02_TRAIN_062,네이버페이,synthetic.kr.naverpay,보안 알림,새로운 기기에서 환불 계좌 정보 변경이 감지되었습니다.,1,security_change,clear_important_1,CLEAR,explicit_security_change,msg,false,50,IMPORTANT,false,false,SYNTHETIC_REVIEWED,0.3,noti_v0.2_generator,,PROJECT_OWNED,false,true,POLICY_REVIEWED,V02_TRAIN_062
V02_TRAIN_063,네이버페이,synthetic.kr.naverpay,(광고) 오늘의 혜택,"포인트 추가 적립 이벤트, 오늘만 확인하세요. 수신거부는 설정에서 가능합니다.",0,promotion,clear_general_0,CLEAR,explicit_promotion,promo,false,-15,GENERAL,false,false,SYNTHETIC_REVIEWED,0.3,noti_v0.2_generator,,PROJECT_OWNED,false,true,POLICY_REVIEWED,V02_TRAIN_063
V02_TRAIN_064,네이버페이,synthetic.kr.naverpay,업데이트 완료,포인트 사용 리포트 업데이트가 완료되었습니다. 별도 작업은 필요하지 않습니다.,0,passive_update,clear_general_1,CLEAR,no_action_status,status,false,-10,GENERAL,false,false,SYNTHETIC_REVIEWED,0.3,noti_v0.2_generator,,PROJECT_OWNED,false,true,POLICY_REVIEWED,V02_TRAIN_064
V02_TRAIN_065,쿠팡,synthetic.kr.coupang,쿠팡,상품 주문 결제 처리가 정상적으로 완료되지 않았습니다.,1,exception,eligible_promote_0_0,CLEAR,concrete_failure_or_exception,msg,false,25,REVIEW,false,true,SYNTHETIC_REVIEWED,0.3,noti_v0.2_generator,,PROJECT_OWNED,false,true,POLICY_REVIEWED,V02_TRAIN_065
V02_TRAIN_066,쿠팡,synthetic.kr.coupang,상품 주문 결제 안내,상품 주문 결제 처리 중 문제가 발생했습니다.,1,exception,eligible_promote_0_1,CLEAR,concrete_failure_or_exception,msg,false,25,REVIEW,false,true,SYNTHETIC_REVIEWED,0.3,noti_v0.2_generator,,PROJECT_OWNED,false,true,POLICY_REVIEWED,V02_TRAIN_066
V02_TRAIN_067,쿠팡,synthetic.kr.coupang,쿠팡,배송 예정일: 기존 시간이 취소되고 새 시간이 등록되었습니다.,1,schedule_change,eligible_promote_schedule_3,CLEAR,meaningful_schedule_change,msg,false,30,REVIEW,false,true,SYNTHETIC_REVIEWED,0.3,noti_v0.2_generator,,PROJECT_OWNED,false,true,POLICY_REVIEWED,V02_TRAIN_067
V02_TRAIN_068,쿠팡,synthetic.kr.coupang,배송 예정일 안내,배송 예정일: 예정보다 2시간 앞당겨졌습니다.,1,schedule_change,eligible_promote_schedule_4,CLEAR,meaningful_schedule_change,msg,false,30,REVIEW,false,true,SYNTHETIC_REVIEWED,0.3,noti_v0.2_generator,,PROJECT_OWNED,false,true,POLICY_REVIEWED,V02_TRAIN_068
V02_TRAIN_069,쿠팡,synthetic.kr.coupang,쿠팡,확인이 필요합니다: 반품 수거 정보,1,action_required,eligible_promote_2_0,CLEAR,concrete_user_confirmation,msg,false,25,REVIEW,false,true,SYNTHETIC_REVIEWED,0.3,noti_v0.2_generator,,PROJECT_OWNED,false,true,POLICY_REVIEWED,V02_TRAIN_069
V02_TRAIN_070,쿠팡,synthetic.kr.coupang,반품 수거 정보 안내,반품 수거 정보 관련 확인이 필요합니다.,1,action_required,eligible_promote_2_1,CLEAR,concrete_user_confirmation,msg,false,25,REVIEW,false,true,SYNTHETIC_REVIEWED,0.3,noti_v0.2_generator,,PROJECT_OWNED,false,true,POLICY_REVIEWED,V02_TRAIN_070
V02_TRAIN_071,쿠팡,synthetic.kr.coupang,쿠팡,최근 본 상품 요약: 이번 주 요약이 도착했습니다.,0,summary,eligible_keep_0_0,CLEAR,informational_summary,msg,false,25,REVIEW,false,true,SYNTHETIC_REVIEWED,0.3,noti_v0.2_generator,,PROJECT_OWNED,false,true,POLICY_REVIEWED,V02_TRAIN_071
V02_TRAIN_072,쿠팡,synthetic.kr.coupang,최근 본 상품 요약 안내,최근 본 상품 요약 세부 내용을 확인해주세요.,0,summary,eligible_keep_0_1,CLEAR,informational_summary,msg,false,25,REVIEW,false,true,SYNTHETIC_REVIEWED,0.3,noti_v0.2_generator,,PROJECT_OWNED,false,true,POLICY_REVIEWED,V02_TRAIN_072
V02_TRAIN_073,쿠팡,synthetic.kr.coupang,쿠팡,장바구니 알림 공개 시간이 정해졌습니다.,0,optional_schedule,eligible_keep_schedule_3,CLEAR,optional_timed_content,reminder,false,25,REVIEW,false,true,SYNTHETIC_REVIEWED,0.3,noti_v0.2_generator,,PROJECT_OWNED,false,true,POLICY_REVIEWED,V02_TRAIN_073
V02_TRAIN_074,쿠팡,synthetic.kr.coupang,장바구니 알림 안내,장바구니 알림 관련 알림이 곧 시작됩니다.,0,optional_schedule,eligible_keep_schedule_4,CLEAR,optional_timed_content,reminder,false,25,REVIEW,false,true,SYNTHETIC_REVIEWED,0.3,noti_v0.2_generator,,PROJECT_OWNED,false,true,POLICY_REVIEWED,V02_TRAIN_074
V02_TRAIN_075,쿠팡,synthetic.kr.coupang,쿠팡,쇼핑 경험 설문 참여 요청이 도착했습니다.,0,optional_survey,eligible_keep_2_0,CLEAR,optional_participation_request,msg,false,25,REVIEW,false,true,SYNTHETIC_REVIEWED,0.3,noti_v0.2_generator,,PROJECT_OWNED,false,true,POLICY_REVIEWED,V02_TRAIN_075
V02_TRAIN_076,쿠팡,synthetic.kr.coupang,쇼핑 경험 설문 안내,쇼핑 경험 설문 관련 의견을 남겨주세요.,0,optional_survey,eligible_keep_2_1,CLEAR,optional_participation_request,msg,false,25,REVIEW,false,true,SYNTHETIC_REVIEWED,0.3,noti_v0.2_generator,,PROJECT_OWNED,false,true,POLICY_REVIEWED,V02_TRAIN_076
V02_TRAIN_077,쿠팡,synthetic.kr.coupang,긴급 확인,상품 주문 결제 문제로 오늘까지 처리가 필요합니다. 즉시 확인해주세요.,1,urgent_action,clear_important_0,CLEAR,urgent_and_action_required,alarm,false,45,IMPORTANT,false,false,SYNTHETIC_REVIEWED,0.3,noti_v0.2_generator,,PROJECT_OWNED,false,true,POLICY_REVIEWED,V02_TRAIN_077
V02_TRAIN_078,쿠팡,synthetic.kr.coupang,보안 알림,새로운 기기에서 반품 수거 정보 변경이 감지되었습니다.,1,security_change,clear_important_1,CLEAR,explicit_security_change,msg,false,50,IMPORTANT,false,false,SYNTHETIC_REVIEWED,0.3,noti_v0.2_generator,,PROJECT_OWNED,false,true,POLICY_REVIEWED,V02_TRAIN_078
V02_TRAIN_079,쿠팡,synthetic.kr.coupang,(광고) 오늘의 혜택,"와우회원 전용 특가, 오늘만 확인하세요. 수신거부는 설정에서 가능합니다.",0,promotion,clear_general_0,CLEAR,explicit_promotion,promo,false,-15,GENERAL,false,false,SYNTHETIC_REVIEWED,0.3,noti_v0.2_generator,,PROJECT_OWNED,false,true,POLICY_REVIEWED,V02_TRAIN_079
V02_TRAIN_080,쿠팡,synthetic.kr.coupang,업데이트 완료,최근 본 상품 요약 업데이트가 완료되었습니다. 별도 작업은 필요하지 않습니다.,0,passive_update,clear_general_1,CLEAR,no_action_status,status,false,-10,GENERAL,false,false,SYNTHETIC_REVIEWED,0.3,noti_v0.2_generator,,PROJECT_OWNED,false,true,POLICY_REVIEWED,V02_TRAIN_080
V02_TRAIN_081,오늘의집,synthetic.kr.ohou,오늘의집,가구 주문 결제 처리가 정상적으로 완료되지 않았습니다.,1,exception,eligible_promote_0_0,CLEAR,concrete_failure_or_exception,msg,false,25,REVIEW,false,true,SYNTHETIC_REVIEWED,0.3,noti_v0.2_generator,,PROJECT_OWNED,false,true,POLICY_REVIEWED,V02_TRAIN_081
V02_TRAIN_082,오늘의집,synthetic.kr.ohou,가구 주문 결제 안내,가구 주문 결제 처리 중 문제가 발생했습니다.,1,exception,eligible_promote_0_1,CLEAR,concrete_failure_or_exception,msg,false,25,REVIEW,false,true,SYNTHETIC_REVIEWED,0.3,noti_v0.2_generator,,PROJECT_OWNED,false,true,POLICY_REVIEWED,V02_TRAIN_082
V02_TRAIN_083,오늘의집,synthetic.kr.ohou,오늘의집,설치 배송일: 오늘 오후 6시로 변경되었습니다.,1,schedule_change,eligible_promote_schedule_0,CLEAR,meaningful_schedule_change,msg,false,30,REVIEW,false,true,SYNTHETIC_REVIEWED,0.3,noti_v0.2_generator,,PROJECT_OWNED,false,true,POLICY_REVIEWED,V02_TRAIN_083
V02_TRAIN_084,오늘의집,synthetic.kr.ohou,설치 배송일 안내,설치 배송일: 내일 오전 9시로 변경되었습니다.,1,schedule_change,eligible_promote_schedule_1,CLEAR,meaningful_schedule_change,msg,false,30,REVIEW,false,true,SYNTHETIC_REVIEWED,0.3,noti_v0.2_generator,,PROJECT_OWNED,false,true,POLICY_REVIEWED,V02_TRAIN_084
V02_TRAIN_085,오늘의집,synthetic.kr.ohou,오늘의집,확인이 필요합니다: 교환 수거 주소,1,action_required,eligible_promote_2_0,CLEAR,concrete_user_confirmation,msg,false,25,REVIEW,false,true,SYNTHETIC_REVIEWED,0.3,noti_v0.2_generator,,PROJECT_OWNED,false,true,POLICY_REVIEWED,V02_TRAIN_085
V02_TRAIN_086,오늘의집,synthetic.kr.ohou,교환 수거 주소 안내,교환 수거 주소 관련 확인이 필요합니다.,1,action_required,eligible_promote_2_1,CLEAR,concrete_user_confirmation,msg,false,25,REVIEW,false,true,SYNTHETIC_REVIEWED,0.3,noti_v0.2_generator,,PROJECT_OWNED,false,true,POLICY_REVIEWED,V02_TRAIN_086
V02_TRAIN_087,오늘의집,synthetic.kr.ohou,오늘의집,집들이 콘텐츠 요약: 이번 주 요약이 도착했습니다.,0,summary,eligible_keep_0_0,CLEAR,informational_summary,msg,false,25,REVIEW,false,true,SYNTHETIC_REVIEWED,0.3,noti_v0.2_generator,,PROJECT_OWNED,false,true,POLICY_REVIEWED,V02_TRAIN_087
V02_TRAIN_088,오늘의집,synthetic.kr.ohou,집들이 콘텐츠 요약 안내,집들이 콘텐츠 요약 세부 내용을 확인해주세요.,0,summary,eligible_keep_0_1,CLEAR,informational_summary,msg,false,25,REVIEW,false,true,SYNTHETIC_REVIEWED,0.3,noti_v0.2_generator,,PROJECT_OWNED,false,true,POLICY_REVIEWED,V02_TRAIN_088
V02_TRAIN_089,오늘의집,synthetic.kr.ohou,오늘의집,관심 상품 일정 관련 새 내용이 오늘 오후 3시에 공개됩니다.,0,optional_schedule,eligible_keep_schedule_0,CLEAR,optional_timed_content,reminder,false,25,REVIEW,false,true,SYNTHETIC_REVIEWED,0.3,noti_v0.2_generator,,PROJECT_OWNED,false,true,POLICY_REVIEWED,V02_TRAIN_089
V02_TRAIN_090,오늘의집,synthetic.kr.ohou,관심 상품 일정 안내,관심 상품 일정 관련 내용이 내일 오전 10시에 업데이트됩니다.,0,optional_schedule,eligible_keep_schedule_1,CLEAR,optional_timed_content,reminder,false,25,REVIEW,false,true,SYNTHETIC_REVIEWED,0.3,noti_v0.2_generator,,PROJECT_OWNED,false,true,POLICY_REVIEWED,V02_TRAIN_090
V02_TRAIN_091,오늘의집,synthetic.kr.ohou,오늘의집,인테리어 취향 설문 참여 요청이 도착했습니다.,0,optional_survey,eligible_keep_2_0,CLEAR,optional_participation_request,msg,false,25,REVIEW,false,true,SYNTHETIC_REVIEWED,0.3,noti_v0.2_generator,,PROJECT_OWNED,false,true,POLICY_REVIEWED,V02_TRAIN_091
V02_TRAIN_092,오늘의집,synthetic.kr.ohou,인테리어 취향 설문 안내,인테리어 취향 설문 관련 의견을 남겨주세요.,0,optional_survey,eligible_keep_2_1,CLEAR,optional_participation_request,msg,false,25,REVIEW,false,true,SYNTHETIC_REVIEWED,0.3,noti_v0.2_generator,,PROJECT_OWNED,false,true,POLICY_REVIEWED,V02_TRAIN_092
V02_TRAIN_093,오늘의집,synthetic.kr.ohou,긴급 확인,가구 주문 결제 문제로 오늘까지 처리가 필요합니다. 즉시 확인해주세요.,1,urgent_action,clear_important_0,CLEAR,urgent_and_action_required,alarm,false,45,IMPORTANT,false,false,SYNTHETIC_REVIEWED,0.3,noti_v0.2_generator,,PROJECT_OWNED,false,true,POLICY_REVIEWED,V02_TRAIN_093
V02_TRAIN_094,오늘의집,synthetic.kr.ohou,보안 알림,새로운 기기에서 교환 수거 주소 변경이 감지되었습니다.,1,security_change,clear_important_1,CLEAR,explicit_security_change,msg,false,50,IMPORTANT,false,false,SYNTHETIC_REVIEWED,0.3,noti_v0.2_generator,,PROJECT_OWNED,false,true,POLICY_REVIEWED,V02_TRAIN_094
V02_TRAIN_095,오늘의집,synthetic.kr.ohou,(광고) 오늘의 혜택,"인기 가구 최대 할인, 오늘만 확인하세요. 수신거부는 설정에서 가능합니다.",0,promotion,clear_general_0,CLEAR,explicit_promotion,promo,false,-15,GENERAL,false,false,SYNTHETIC_REVIEWED,0.3,noti_v0.2_generator,,PROJECT_OWNED,false,true,POLICY_REVIEWED,V02_TRAIN_095
V02_TRAIN_096,오늘의집,synthetic.kr.ohou,업데이트 완료,집들이 콘텐츠 요약 업데이트가 완료되었습니다. 별도 작업은 필요하지 않습니다.,0,passive_update,clear_general_1,CLEAR,no_action_status,status,false,-10,GENERAL,false,false,SYNTHETIC_REVIEWED,0.3,noti_v0.2_generator,,PROJECT_OWNED,false,true,POLICY_REVIEWED,V02_TRAIN_096
V02_TRAIN_097,당근,synthetic.kr.daangn,당근,송금 처리 처리가 정상적으로 완료되지 않았습니다.,1,exception,eligible_promote_0_0,CLEAR,concrete_failure_or_exception,msg,false,25,REVIEW,false,true,SYNTHETIC_REVIEWED,0.3,noti_v0.2_generator,,PROJECT_OWNED,false,true,POLICY_REVIEWED,V02_TRAIN_097
V02_TRAIN_098,당근,synthetic.kr.daangn,송금 처리 안내,송금 처리 처리 중 문제가 발생했습니다.,1,exception,eligible_promote_0_1,CLEAR,concrete_failure_or_exception,msg,false,25,REVIEW,false,true,SYNTHETIC_REVIEWED,0.3,noti_v0.2_generator,,PROJECT_OWNED,false,true,POLICY_REVIEWED,V02_TRAIN_098
V02_TRAIN_099,당근,synthetic.kr.daangn,당근,거래 약속 시간 변경 안내입니다. 기존 일정과 달라졌습니다.,1,schedule_change,eligible_promote_schedule_2,CLEAR,meaningful_schedule_change,msg,false,30,REVIEW,false,true,SYNTHETIC_REVIEWED,0.3,noti_v0.2_generator,,PROJECT_OWNED,false,true,POLICY_REVIEWED,V02_TRAIN_099
V02_TRAIN_100,당근,synthetic.kr.daangn,거래 약속 시간 안내,거래 약속 시간: 기존 시간이 취소되고 새 시간이 등록되었습니다.,1,schedule_change,eligible_promote_schedule_3,CLEAR,meaningful_schedule_change,msg,false,30,REVIEW,false,true,SYNTHETIC_REVIEWED,0.3,noti_v0.2_generator,,PROJECT_OWNED,false,true,POLICY_REVIEWED,V02_TRAIN_100
V02_TRAIN_101,당근,synthetic.kr.daangn,당근,확인이 필요합니다: 거래 장소 정보,1,action_required,eligible_promote_2_0,CLEAR,concrete_user_confirmation,msg,false,25,REVIEW,false,true,SYNTHETIC_REVIEWED,0.3,noti_v0.2_generator,,PROJECT_OWNED,false,true,POLICY_REVIEWED,V02_TRAIN_101
V02_TRAIN_102,당근,synthetic.kr.daangn,거래 장소 정보 안내,거래 장소 정보 관련 확인이 필요합니다.,1,action_required,eligible_promote_2_1,CLEAR,concrete_user_confirmation,msg,false,25,REVIEW,false,true,SYNTHETIC_REVIEWED,0.3,noti_v0.2_generator,,PROJECT_OWNED,false,true,POLICY_REVIEWED,V02_TRAIN_102
V02_TRAIN_103,당근,synthetic.kr.daangn,당근,동네 활동 요약: 이번 주 요약이 도착했습니다.,0,summary,eligible_keep_0_0,CLEAR,informational_summary,msg,false,25,REVIEW,false,true,SYNTHETIC_REVIEWED,0.3,noti_v0.2_generator,,PROJECT_OWNED,false,true,POLICY_REVIEWED,V02_TRAIN_103
V02_TRAIN_104,당근,synthetic.kr.daangn,동네 활동 요약 안내,동네 활동 요약 세부 내용을 확인해주세요.,0,summary,eligible_keep_0_1,CLEAR,informational_summary,msg,false,25,REVIEW,false,true,SYNTHETIC_REVIEWED,0.3,noti_v0.2_generator,,PROJECT_OWNED,false,true,POLICY_REVIEWED,V02_TRAIN_104
V02_TRAIN_105,당근,synthetic.kr.daangn,당근,관심 등록한 관심 물품 알림 소식이 이번 주 공개될 예정입니다.,0,optional_schedule,eligible_keep_schedule_2,CLEAR,optional_timed_content,reminder,false,25,REVIEW,false,true,SYNTHETIC_REVIEWED,0.3,noti_v0.2_generator,,PROJECT_OWNED,false,true,POLICY_REVIEWED,V02_TRAIN_105
V02_TRAIN_106,당근,synthetic.kr.daangn,관심 물품 알림 안내,관심 물품 알림 공개 시간이 정해졌습니다.,0,optional_schedule,eligible_keep_schedule_3,CLEAR,optional_timed_content,reminder,false,25,REVIEW,false,true,SYNTHETIC_REVIEWED,0.3,noti_v0.2_generator,,PROJECT_OWNED,false,true,POLICY_REVIEWED,V02_TRAIN_106
V02_TRAIN_107,당근,synthetic.kr.daangn,당근,거래 경험 설문 참여 요청이 도착했습니다.,0,optional_survey,eligible_keep_2_0,CLEAR,optional_participation_request,msg,false,25,REVIEW,false,true,SYNTHETIC_REVIEWED,0.3,noti_v0.2_generator,,PROJECT_OWNED,false,true,POLICY_REVIEWED,V02_TRAIN_107
V02_TRAIN_108,당근,synthetic.kr.daangn,거래 경험 설문 안내,거래 경험 설문 관련 의견을 남겨주세요.,0,optional_survey,eligible_keep_2_1,CLEAR,optional_participation_request,msg,false,25,REVIEW,false,true,SYNTHETIC_REVIEWED,0.3,noti_v0.2_generator,,PROJECT_OWNED,false,true,POLICY_REVIEWED,V02_TRAIN_108
V02_TRAIN_109,당근,synthetic.kr.daangn,긴급 확인,송금 처리 문제로 오늘까지 처리가 필요합니다. 즉시 확인해주세요.,1,urgent_action,clear_important_0,CLEAR,urgent_and_action_required,alarm,false,45,IMPORTANT,false,false,SYNTHETIC_REVIEWED,0.3,noti_v0.2_generator,,PROJECT_OWNED,false,true,POLICY_REVIEWED,V02_TRAIN_109
V02_TRAIN_110,당근,synthetic.kr.daangn,보안 알림,새로운 기기에서 거래 장소 정보 변경이 감지되었습니다.,1,security_change,clear_important_1,CLEAR,explicit_security_change,msg,false,50,IMPORTANT,false,false,SYNTHETIC_REVIEWED,0.3,noti_v0.2_generator,,PROJECT_OWNED,false,true,POLICY_REVIEWED,V02_TRAIN_110
V02_TRAIN_111,당근,synthetic.kr.daangn,(광고) 오늘의 혜택,"동네 가게 단골 쿠폰, 오늘만 확인하세요. 수신거부는 설정에서 가능합니다.",0,promotion,clear_general_0,CLEAR,explicit_promotion,promo,false,-15,GENERAL,false,false,SYNTHETIC_REVIEWED,0.3,noti_v0.2_generator,,PROJECT_OWNED,false,true,POLICY_REVIEWED,V02_TRAIN_111
V02_TRAIN_112,당근,synthetic.kr.daangn,업데이트 완료,동네 활동 요약 업데이트가 완료되었습니다. 별도 작업은 필요하지 않습니다.,0,passive_update,clear_general_1,CLEAR,no_action_status,status,false,-10,GENERAL,false,false,SYNTHETIC_REVIEWED,0.3,noti_v0.2_generator,,PROJECT_OWNED,false,true,POLICY_REVIEWED,V02_TRAIN_112
V02_TRAIN_113,CJ대한통운,synthetic.kr.cjlogistics,CJ대한통운,배송지 확인 처리가 정상적으로 완료되지 않았습니다.,1,exception,eligible_promote_0_0,CLEAR,concrete_failure_or_exception,msg,false,25,REVIEW,false,true,SYNTHETIC_REVIEWED,0.3,noti_v0.2_generator,,PROJECT_OWNED,false,true,POLICY_REVIEWED,V02_TRAIN_113
V02_TRAIN_114,CJ대한통운,synthetic.kr.cjlogistics,배송지 확인 안내,배송지 확인 처리 중 문제가 발생했습니다.,1,exception,eligible_promote_0_1,CLEAR,concrete_failure_or_exception,msg,false,25,REVIEW,false,true,SYNTHETIC_REVIEWED,0.3,noti_v0.2_generator,,PROJECT_OWNED,false,true,POLICY_REVIEWED,V02_TRAIN_114
V02_TRAIN_115,CJ대한통운,synthetic.kr.cjlogistics,CJ대한통운,택배 도착 예정일: 예정보다 2시간 앞당겨졌습니다.,1,schedule_change,eligible_promote_schedule_4,CLEAR,meaningful_schedule_change,msg,false,30,REVIEW,false,true,SYNTHETIC_REVIEWED,0.3,noti_v0.2_generator,,PROJECT_OWNED,false,true,POLICY_REVIEWED,V02_TRAIN_115
V02_TRAIN_116,CJ대한통운,synthetic.kr.cjlogistics,택배 도착 예정일 안내,택배 도착 예정일: 오늘 오후 6시로 변경되었습니다.,1,schedule_change,eligible_promote_schedule_0,CLEAR,meaningful_schedule_change,msg,false,30,REVIEW,false,true,SYNTHETIC_REVIEWED,0.3,noti_v0.2_generator,,PROJECT_OWNED,false,true,POLICY_REVIEWED,V02_TRAIN_116
V02_TRAIN_117,CJ대한통운,synthetic.kr.cjlogistics,CJ대한통운,확인이 필요합니다: 반송 접수 정보,1,action_required,eligible_promote_2_0,CLEAR,concrete_user_confirmation,msg,false,25,REVIEW,false,true,SYNTHETIC_REVIEWED,0.3,noti_v0.2_generator,,PROJECT_OWNED,false,true,POLICY_REVIEWED,V02_TRAIN_117
V02_TRAIN_118,CJ대한통운,synthetic.kr.cjlogistics,반송 접수 정보 안내,반송 접수 정보 관련 확인이 필요합니다.,1,action_required,eligible_promote_2_1,CLEAR,concrete_user_confirmation,msg,false,25,REVIEW,false,true,SYNTHETIC_REVIEWED,0.3,noti_v0.2_generator,,PROJECT_OWNED,false,true,POLICY_REVIEWED,V02_TRAIN_118
V02_TRAIN_119,CJ대한통운,synthetic.kr.cjlogistics,CJ대한통운,주간 배송 요약: 이번 주 요약이 도착했습니다.,0,summary,eligible_keep_0_0,CLEAR,informational_summary,msg,false,25,REVIEW,false,true,SYNTHETIC_REVIEWED,0.3,noti_v0.2_generator,,PROJECT_OWNED,false,true,POLICY_REVIEWED,V02_TRAIN_119
V02_TRAIN_120,CJ대한통운,synthetic.kr.cjlogistics,주간 배송 요약 안내,주간 배송 요약 세부 내용을 확인해주세요.,0,summary,eligible_keep_0_1,CLEAR,informational_summary,msg,false,25,REVIEW,false,true,SYNTHETIC_REVIEWED,0.3,noti_v0.2_generator,,PROJECT_OWNED,false,true,POLICY_REVIEWED,V02_TRAIN_120
V02_TRAIN_121,CJ대한통운,synthetic.kr.cjlogistics,CJ대한통운,택배 조회 일정 관련 알림이 곧 시작됩니다.,0,optional_schedule,eligible_keep_schedule_4,CLEAR,optional_timed_content,reminder,false,25,REVIEW,false,true,SYNTHETIC_REVIEWED,0.3,noti_v0.2_generator,,PROJECT_OWNED,false,true,POLICY_REVIEWED,V02_TRAIN_121
V02_TRAIN_122,CJ대한통운,synthetic.kr.cjlogistics,택배 조회 일정 안내,택배 조회 일정 관련 새 내용이 오늘 오후 3시에 공개됩니다.,0,optional_schedule,eligible_keep_schedule_0,CLEAR,optional_timed_content,reminder,false,25,REVIEW,false,true,SYNTHETIC_REVIEWED,0.3,noti_v0.2_generator,,PROJECT_OWNED,false,true,POLICY_REVIEWED,V02_TRAIN_122
V02_TRAIN_123,CJ대한통운,synthetic.kr.cjlogistics,CJ대한통운,배송 만족도 설문 참여 요청이 도착했습니다.,0,optional_survey,eligible_keep_2_0,CLEAR,optional_participation_request,msg,false,25,REVIEW,false,true,SYNTHETIC_REVIEWED,0.3,noti_v0.2_generator,,PROJECT_OWNED,false,true,POLICY_REVIEWED,V02_TRAIN_123
V02_TRAIN_124,CJ대한통운,synthetic.kr.cjlogistics,배송 만족도 설문 안내,배송 만족도 설문 관련 의견을 남겨주세요.,0,optional_survey,eligible_keep_2_1,CLEAR,optional_participation_request,msg,false,25,REVIEW,false,true,SYNTHETIC_REVIEWED,0.3,noti_v0.2_generator,,PROJECT_OWNED,false,true,POLICY_REVIEWED,V02_TRAIN_124
V02_TRAIN_125,CJ대한통운,synthetic.kr.cjlogistics,긴급 확인,배송지 확인 문제로 오늘까지 처리가 필요합니다. 즉시 확인해주세요.,1,urgent_action,clear_important_0,CLEAR,urgent_and_action_required,alarm,false,45,IMPORTANT,false,false,SYNTHETIC_REVIEWED,0.3,noti_v0.2_generator,,PROJECT_OWNED,false,true,POLICY_REVIEWED,V02_TRAIN_125
V02_TRAIN_126,CJ대한통운,synthetic.kr.cjlogistics,보안 알림,새로운 기기에서 반송 접수 정보 변경이 감지되었습니다.,1,security_change,clear_important_1,CLEAR,explicit_security_change,msg,false,50,IMPORTANT,false,false,SYNTHETIC_REVIEWED,0.3,noti_v0.2_generator,,PROJECT_OWNED,false,true,POLICY_REVIEWED,V02_TRAIN_126
V02_TRAIN_127,CJ대한통운,synthetic.kr.cjlogistics,(광고) 오늘의 혜택,"택배 이용 고객 이벤트, 오늘만 확인하세요. 수신거부는 설정에서 가능합니다.",0,promotion,clear_general_0,CLEAR,explicit_promotion,promo,false,-15,GENERAL,false,false,SYNTHETIC_REVIEWED,0.3,noti_v0.2_generator,,PROJECT_OWNED,false,true,POLICY_REVIEWED,V02_TRAIN_127
V02_TRAIN_128,CJ대한통운,synthetic.kr.cjlogistics,업데이트 완료,주간 배송 요약 업데이트가 완료되었습니다. 별도 작업은 필요하지 않습니다.,0,passive_update,clear_general_1,CLEAR,no_action_status,status,false,-10,GENERAL,false,false,SYNTHETIC_REVIEWED,0.3,noti_v0.2_generator,,PROJECT_OWNED,false,true,POLICY_REVIEWED,V02_TRAIN_128
V02_TRAIN_129,배달의민족,synthetic.kr.baemin,배달의민족,배달 주문 결제 처리가 정상적으로 완료되지 않았습니다.,1,exception,eligible_promote_0_0,CLEAR,concrete_failure_or_exception,msg,false,25,REVIEW,false,true,SYNTHETIC_REVIEWED,0.3,noti_v0.2_generator,,PROJECT_OWNED,false,true,POLICY_REVIEWED,V02_TRAIN_129
V02_TRAIN_130,배달의민족,synthetic.kr.baemin,배달 주문 결제 안내,배달 주문 결제 처리 중 문제가 발생했습니다.,1,exception,eligible_promote_0_1,CLEAR,concrete_failure_or_exception,msg,false,25,REVIEW,false,true,SYNTHETIC_REVIEWED,0.3,noti_v0.2_generator,,PROJECT_OWNED,false,true,POLICY_REVIEWED,V02_TRAIN_130
V02_TRAIN_131,배달의민족,synthetic.kr.baemin,배달의민족,배달 도착 예정 시간: 내일 오전 9시로 변경되었습니다.,1,schedule_change,eligible_promote_schedule_1,CLEAR,meaningful_schedule_change,msg,false,30,REVIEW,false,true,SYNTHETIC_REVIEWED,0.3,noti_v0.2_generator,,PROJECT_OWNED,false,true,POLICY_REVIEWED,V02_TRAIN_131
V02_TRAIN_132,배달의민족,synthetic.kr.baemin,배달 도착 예정 시간 안내,배달 도착 예정 시간 변경 안내입니다. 기존 일정과 달라졌습니다.,1,schedule_change,eligible_promote_schedule_2,CLEAR,meaningful_schedule_change,msg,false,30,REVIEW,false,true,SYNTHETIC_REVIEWED,0.3,noti_v0.2_generator,,PROJECT_OWNED,false,true,POLICY_REVIEWED,V02_TRAIN_132
V02_TRAIN_133,배달의민족,synthetic.kr.baemin,배달의민족,확인이 필요합니다: 배달 주소,1,action_required,eligible_promote_2_0,CLEAR,concrete_user_confirmation,msg,false,25,REVIEW,false,true,SYNTHETIC_REVIEWED,0.3,noti_v0.2_generator,,PROJECT_OWNED,false,true,POLICY_REVIEWED,V02_TRAIN_133
V02_TRAIN_134,배달의민족,synthetic.kr.baemin,배달 주소 안내,배달 주소 관련 확인이 필요합니다.,1,action_required,eligible_promote_2_1,CLEAR,concrete_user_confirmation,msg,false,25,REVIEW,false,true,SYNTHETIC_REVIEWED,0.3,noti_v0.2_generator,,PROJECT_OWNED,false,true,POLICY_REVIEWED,V02_TRAIN_134
V02_TRAIN_135,배달의민족,synthetic.kr.baemin,배달의민족,이번 주 주문 요약: 이번 주 요약이 도착했습니다.,0,summary,eligible_keep_0_0,CLEAR,informational_summary,msg,false,25,REVIEW,false,true,SYNTHETIC_REVIEWED,0.3,noti_v0.2_generator,,PROJECT_OWNED,false,true,POLICY_REVIEWED,V02_TRAIN_135
V02_TRAIN_136,배달의민족,synthetic.kr.baemin,이번 주 주문 요약 안내,이번 주 주문 요약 세부 내용을 확인해주세요.,0,summary,eligible_keep_0_1,CLEAR,informational_summary,msg,false,25,REVIEW,false,true,SYNTHETIC_REVIEWED,0.3,noti_v0.2_generator,,PROJECT_OWNED,false,true,POLICY_REVIEWED,V02_TRAIN_136
V02_TRAIN_137,배달의민족,synthetic.kr.baemin,배달의민족,찜한 가게 알림 관련 내용이 내일 오전 10시에 업데이트됩니다.,0,optional_schedule,eligible_keep_schedule_1,CLEAR,optional_timed_content,reminder,false,25,REVIEW,false,true,SYNTHETIC_REVIEWED,0.3,noti_v0.2_generator,,PROJECT_OWNED,false,true,POLICY_REVIEWED,V02_TRAIN_137
V02_TRAIN_138,배달의민족,synthetic.kr.baemin,찜한 가게 알림 안내,관심 등록한 찜한 가게 알림 소식이 이번 주 공개될 예정입니다.,0,optional_schedule,eligible_keep_schedule_2,CLEAR,optional_timed_content,reminder,false,25,REVIEW,false,true,SYNTHETIC_REVIEWED,0.3,noti_v0.2_generator,,PROJECT_OWNED,false,true,POLICY_REVIEWED,V02_TRAIN_138
V02_TRAIN_139,배달의민족,synthetic.kr.baemin,배달의민족,배달 경험 설문 참여 요청이 도착했습니다.,0,optional_survey,eligible_keep_2_0,CLEAR,optional_participation_request,msg,false,25,REVIEW,false,true,SYNTHETIC_REVIEWED,0.3,noti_v0.2_generator,,PROJECT_OWNED,false,true,POLICY_REVIEWED,V02_TRAIN_139
V02_TRAIN_140,배달의민족,synthetic.kr.baemin,배달 경험 설문 안내,배달 경험 설문 관련 의견을 남겨주세요.,0,optional_survey,eligible_keep_2_1,CLEAR,optional_participation_request,msg,false,25,REVIEW,false,true,SYNTHETIC_REVIEWED,0.3,noti_v0.2_generator,,PROJECT_OWNED,false,true,POLICY_REVIEWED,V02_TRAIN_140
V02_TRAIN_141,배달의민족,synthetic.kr.baemin,긴급 확인,배달 주문 결제 문제로 오늘까지 처리가 필요합니다. 즉시 확인해주세요.,1,urgent_action,clear_important_0,CLEAR,urgent_and_action_required,alarm,false,45,IMPORTANT,false,false,SYNTHETIC_REVIEWED,0.3,noti_v0.2_generator,,PROJECT_OWNED,false,true,POLICY_REVIEWED,V02_TRAIN_141
V02_TRAIN_142,배달의민족,synthetic.kr.baemin,보안 알림,새로운 기기에서 배달 주소 변경이 감지되었습니다.,1,security_change,clear_important_1,CLEAR,explicit_security_change,msg,false,50,IMPORTANT,false,false,SYNTHETIC_REVIEWED,0.3,noti_v0.2_generator,,PROJECT_OWNED,false,true,POLICY_REVIEWED,V02_TRAIN_142
V02_TRAIN_143,배달의민족,synthetic.kr.baemin,(광고) 오늘의 혜택,"첫 주문 할인 쿠폰, 오늘만 확인하세요. 수신거부는 설정에서 가능합니다.",0,promotion,clear_general_0,CLEAR,explicit_promotion,promo,false,-15,GENERAL,false,false,SYNTHETIC_REVIEWED,0.3,noti_v0.2_generator,,PROJECT_OWNED,false,true,POLICY_REVIEWED,V02_TRAIN_143
V02_TRAIN_144,배달의민족,synthetic.kr.baemin,업데이트 완료,이번 주 주문 요약 업데이트가 완료되었습니다. 별도 작업은 필요하지 않습니다.,0,passive_update,clear_general_1,CLEAR,no_action_status,status,false,-10,GENERAL,false,false,SYNTHETIC_REVIEWED,0.3,noti_v0.2_generator,,PROJECT_OWNED,false,true,POLICY_REVIEWED,V02_TRAIN_144
V02_TRAIN_145,요기요,synthetic.kr.yogiyo,요기요,주문 승인 처리가 정상적으로 완료되지 않았습니다.,1,exception,eligible_promote_0_0,CLEAR,concrete_failure_or_exception,msg,false,25,REVIEW,false,true,SYNTHETIC_REVIEWED,0.3,noti_v0.2_generator,,PROJECT_OWNED,false,true,POLICY_REVIEWED,V02_TRAIN_145
V02_TRAIN_146,요기요,synthetic.kr.yogiyo,주문 승인 안내,주문 승인 처리 중 문제가 발생했습니다.,1,exception,eligible_promote_0_1,CLEAR,concrete_failure_or_exception,msg,false,25,REVIEW,false,true,SYNTHETIC_REVIEWED,0.3,noti_v0.2_generator,,PROJECT_OWNED,false,true,POLICY_REVIEWED,V02_TRAIN_146
V02_TRAIN_147,요기요,synthetic.kr.yogiyo,요기요,포장 완료 예정 시간: 기존 시간이 취소되고 새 시간이 등록되었습니다.,1,schedule_change,eligible_promote_schedule_3,CLEAR,meaningful_schedule_change,msg,false,30,REVIEW,false,true,SYNTHETIC_REVIEWED,0.3,noti_v0.2_generator,,PROJECT_OWNED,false,true,POLICY_REVIEWED,V02_TRAIN_147
V02_TRAIN_148,요기요,synthetic.kr.yogiyo,포장 완료 예정 시간 안내,포장 완료 예정 시간: 예정보다 2시간 앞당겨졌습니다.,1,schedule_change,eligible_promote_schedule_4,CLEAR,meaningful_schedule_change,msg,false,30,REVIEW,false,true,SYNTHETIC_REVIEWED,0.3,noti_v0.2_generator,,PROJECT_OWNED,false,true,POLICY_REVIEWED,V02_TRAIN_148
V02_TRAIN_149,요기요,synthetic.kr.yogiyo,요기요,확인이 필요합니다: 수령 장소,1,action_required,eligible_promote_2_0,CLEAR,concrete_user_confirmation,msg,false,25,REVIEW,false,true,SYNTHETIC_REVIEWED,0.3,noti_v0.2_generator,,PROJECT_OWNED,false,true,POLICY_REVIEWED,V02_TRAIN_149
V02_TRAIN_150,요기요,synthetic.kr.yogiyo,수령 장소 안내,수령 장소 관련 확인이 필요합니다.,1,action_required,eligible_promote_2_1,CLEAR,concrete_user_confirmation,msg,false,25,REVIEW,false,true,SYNTHETIC_REVIEWED,0.3,noti_v0.2_generator,,PROJECT_OWNED,false,true,POLICY_REVIEWED,V02_TRAIN_150
V02_TRAIN_151,요기요,synthetic.kr.yogiyo,요기요,최근 주문 요약: 이번 주 요약이 도착했습니다.,0,summary,eligible_keep_0_0,CLEAR,informational_summary,msg,false,25,REVIEW,false,true,SYNTHETIC_REVIEWED,0.3,noti_v0.2_generator,,PROJECT_OWNED,false,true,POLICY_REVIEWED,V02_TRAIN_151
V02_TRAIN_152,요기요,synthetic.kr.yogiyo,최근 주문 요약 안내,최근 주문 요약 세부 내용을 확인해주세요.,0,summary,eligible_keep_0_1,CLEAR,informational_summary,msg,false,25,REVIEW,false,true,SYNTHETIC_REVIEWED,0.3,noti_v0.2_generator,,PROJECT_OWNED,false,true,POLICY_REVIEWED,V02_TRAIN_152
V02_TRAIN_153,요기요,synthetic.kr.yogiyo,요기요,즐겨찾기 가게 일정 공개 시간이 정해졌습니다.,0,optional_schedule,eligible_keep_schedule_3,CLEAR,optional_timed_content,reminder,false,25,REVIEW,false,true,SYNTHETIC_REVIEWED,0.3,noti_v0.2_generator,,PROJECT_OWNED,false,true,POLICY_REVIEWED,V02_TRAIN_153
V02_TRAIN_154,요기요,synthetic.kr.yogiyo,즐겨찾기 가게 일정 안내,즐겨찾기 가게 일정 관련 알림이 곧 시작됩니다.,0,optional_schedule,eligible_keep_schedule_4,CLEAR,optional_timed_content,reminder,false,25,REVIEW,false,true,SYNTHETIC_REVIEWED,0.3,noti_v0.2_generator,,PROJECT_OWNED,false,true,POLICY_REVIEWED,V02_TRAIN_154
V02_TRAIN_155,요기요,synthetic.kr.yogiyo,요기요,주문 만족도 설문 참여 요청이 도착했습니다.,0,optional_survey,eligible_keep_2_0,CLEAR,optional_participation_request,msg,false,25,REVIEW,false,true,SYNTHETIC_REVIEWED,0.3,noti_v0.2_generator,,PROJECT_OWNED,false,true,POLICY_REVIEWED,V02_TRAIN_155
V02_TRAIN_156,요기요,synthetic.kr.yogiyo,주문 만족도 설문 안내,주문 만족도 설문 관련 의견을 남겨주세요.,0,optional_survey,eligible_keep_2_1,CLEAR,optional_participation_request,msg,false,25,REVIEW,false,true,SYNTHETIC_REVIEWED,0.3,noti_v0.2_generator,,PROJECT_OWNED,false,true,POLICY_REVIEWED,V02_TRAIN_156
V02_TRAIN_157,요기요,synthetic.kr.yogiyo,긴급 확인,주문 승인 문제로 오늘까지 처리가 필요합니다. 즉시 확인해주세요.,1,urgent_action,clear_important_0,CLEAR,urgent_and_action_required,alarm,false,45,IMPORTANT,false,false,SYNTHETIC_REVIEWED,0.3,noti_v0.2_generator,,PROJECT_OWNED,false,true,POLICY_REVIEWED,V02_TRAIN_157
V02_TRAIN_158,요기요,synthetic.kr.yogiyo,보안 알림,새로운 기기에서 수령 장소 변경이 감지되었습니다.,1,security_change,clear_important_1,CLEAR,explicit_security_change,msg,false,50,IMPORTANT,false,false,SYNTHETIC_REVIEWED,0.3,noti_v0.2_generator,,PROJECT_OWNED,false,true,POLICY_REVIEWED,V02_TRAIN_158
V02_TRAIN_159,요기요,synthetic.kr.yogiyo,(광고) 오늘의 혜택,"오늘만 배달비 할인, 오늘만 확인하세요. 수신거부는 설정에서 가능합니다.",0,promotion,clear_general_0,CLEAR,explicit_promotion,promo,false,-15,GENERAL,false,false,SYNTHETIC_REVIEWED,0.3,noti_v0.2_generator,,PROJECT_OWNED,false,true,POLICY_REVIEWED,V02_TRAIN_159
V02_TRAIN_160,요기요,synthetic.kr.yogiyo,업데이트 완료,최근 주문 요약 업데이트가 완료되었습니다. 별도 작업은 필요하지 않습니다.,0,passive_update,clear_general_1,CLEAR,no_action_status,status,false,-10,GENERAL,false,false,SYNTHETIC_REVIEWED,0.3,noti_v0.2_generator,,PROJECT_OWNED,false,true,POLICY_REVIEWED,V02_TRAIN_160
V02_TRAIN_161,카카오 T,synthetic.kr.kakaot,카카오 T,택시 자동결제 처리가 정상적으로 완료되지 않았습니다.,1,exception,eligible_promote_0_0,CLEAR,concrete_failure_or_exception,msg,false,25,REVIEW,false,true,SYNTHETIC_REVIEWED,0.3,noti_v0.2_generator,,PROJECT_OWNED,false,true,POLICY_REVIEWED,V02_TRAIN_161
V02_TRAIN_162,카카오 T,synthetic.kr.kakaot,택시 자동결제 안내,택시 자동결제 처리 중 문제가 발생했습니다.,1,exception,eligible_promote_0_1,CLEAR,concrete_failure_or_exception,msg,false,25,REVIEW,false,true,SYNTHETIC_REVIEWED,0.3,noti_v0.2_generator,,PROJECT_OWNED,false,true,POLICY_REVIEWED,V02_TRAIN_162
V02_TRAIN_163,카카오 T,synthetic.kr.kakaot,카카오 T,예약 호출 시간: 오늘 오후 6시로 변경되었습니다.,1,schedule_change,eligible_promote_schedule_0,CLEAR,meaningful_schedule_change,msg,false,30,REVIEW,false,true,SYNTHETIC_REVIEWED,0.3,noti_v0.2_generator,,PROJECT_OWNED,false,true,POLICY_REVIEWED,V02_TRAIN_163
V02_TRAIN_164,카카오 T,synthetic.kr.kakaot,예약 호출 시간 안내,예약 호출 시간: 내일 오전 9시로 변경되었습니다.,1,schedule_change,eligible_promote_schedule_1,CLEAR,meaningful_schedule_change,msg,false,30,REVIEW,false,true,SYNTHETIC_REVIEWED,0.3,noti_v0.2_generator,,PROJECT_OWNED,false,true,POLICY_REVIEWED,V02_TRAIN_164
V02_TRAIN_165,카카오 T,synthetic.kr.kakaot,카카오 T,확인이 필요합니다: 탑승 위치,1,action_required,eligible_promote_2_0,CLEAR,concrete_user_confirmation,msg,false,25,REVIEW,false,true,SYNTHETIC_REVIEWED,0.3,noti_v0.2_generator,,PROJECT_OWNED,false,true,POLICY_REVIEWED,V02_TRAIN_165
V02_TRAIN_166,카카오 T,synthetic.kr.kakaot,탑승 위치 안내,탑승 위치 관련 확인이 필요합니다.,1,action_required,eligible_promote_2_1,CLEAR,concrete_user_confirmation,msg,false,25,REVIEW,false,true,SYNTHETIC_REVIEWED,0.3,noti_v0.2_generator,,PROJECT_OWNED,false,true,POLICY_REVIEWED,V02_TRAIN_166
V02_TRAIN_167,카카오 T,synthetic.kr.kakaot,카카오 T,이번 달 이동 리포트: 이번 주 요약이 도착했습니다.,0,summary,eligible_keep_0_0,CLEAR,informational_summary,msg,false,25,REVIEW,false,true,SYNTHETIC_REVIEWED,0.3,noti_v0.2_generator,,PROJECT_OWNED,false,true,POLICY_REVIEWED,V02_TRAIN_167
V02_TRAIN_168,카카오 T,synthetic.kr.kakaot,이번 달 이동 리포트 안내,이번 달 이동 리포트 세부 내용을 확인해주세요.,0,summary,eligible_keep_0_1,CLEAR,informational_summary,msg,false,25,REVIEW,false,true,SYNTHETIC_REVIEWED,0.3,noti_v0.2_generator,,PROJECT_OWNED,false,true,POLICY_REVIEWED,V02_TRAIN_168
V02_TRAIN_169,카카오 T,synthetic.kr.kakaot,카카오 T,출근길 알림 관련 새 내용이 오늘 오후 3시에 공개됩니다.,0,optional_schedule,eligible_keep_schedule_0,CLEAR,optional_timed_content,reminder,false,25,REVIEW,false,true,SYNTHETIC_REVIEWED,0.3,noti_v0.2_generator,,PROJECT_OWNED,false,true,POLICY_REVIEWED,V02_TRAIN_169
V02_TRAIN_170,카카오 T,synthetic.kr.kakaot,출근길 알림 안내,출근길 알림 관련 내용이 내일 오전 10시에 업데이트됩니다.,0,optional_schedule,eligible_keep_schedule_1,CLEAR,optional_timed_content,reminder,false,25,REVIEW,false,true,SYNTHETIC_REVIEWED,0.3,noti_v0.2_generator,,PROJECT_OWNED,false,true,POLICY_REVIEWED,V02_TRAIN_170
V02_TRAIN_171,카카오 T,synthetic.kr.kakaot,카카오 T,이동 서비스 설문 참여 요청이 도착했습니다.,0,optional_survey,eligible_keep_2_0,CLEAR,optional_participation_request,msg,false,25,REVIEW,false,true,SYNTHETIC_REVIEWED,0.3,noti_v0.2_generator,,PROJECT_OWNED,false,true,POLICY_REVIEWED,V02_TRAIN_171
V02_TRAIN_172,카카오 T,synthetic.kr.kakaot,이동 서비스 설문 안내,이동 서비스 설문 관련 의견을 남겨주세요.,0,optional_survey,eligible_keep_2_1,CLEAR,optional_participation_request,msg,false,25,REVIEW,false,true,SYNTHETIC_REVIEWED,0.3,noti_v0.2_generator,,PROJECT_OWNED,false,true,POLICY_REVIEWED,V02_TRAIN_172
V02_TRAIN_173,카카오 T,synthetic.kr.kakaot,긴급 확인,택시 자동결제 문제로 오늘까지 처리가 필요합니다. 즉시 확인해주세요.,1,urgent_action,clear_important_0,CLEAR,urgent_and_action_required,alarm,false,45,IMPORTANT,false,false,SYNTHETIC_REVIEWED,0.3,noti_v0.2_generator,,PROJECT_OWNED,false,true,POLICY_REVIEWED,V02_TRAIN_173
V02_TRAIN_174,카카오 T,synthetic.kr.kakaot,보안 알림,새로운 기기에서 탑승 위치 변경이 감지되었습니다.,1,security_change,clear_important_1,CLEAR,explicit_security_change,msg,false,50,IMPORTANT,false,false,SYNTHETIC_REVIEWED,0.3,noti_v0.2_generator,,PROJECT_OWNED,false,true,POLICY_REVIEWED,V02_TRAIN_174
V02_TRAIN_175,카카오 T,synthetic.kr.kakaot,(광고) 오늘의 혜택,"공항 이동 할인 쿠폰, 오늘만 확인하세요. 수신거부는 설정에서 가능합니다.",0,promotion,clear_general_0,CLEAR,explicit_promotion,promo,false,-15,GENERAL,false,false,SYNTHETIC_REVIEWED,0.3,noti_v0.2_generator,,PROJECT_OWNED,false,true,POLICY_REVIEWED,V02_TRAIN_175
V02_TRAIN_176,카카오 T,synthetic.kr.kakaot,업데이트 완료,이번 달 이동 리포트 업데이트가 완료되었습니다. 별도 작업은 필요하지 않습니다.,0,passive_update,clear_general_1,CLEAR,no_action_status,status,false,-10,GENERAL,false,false,SYNTHETIC_REVIEWED,0.3,noti_v0.2_generator,,PROJECT_OWNED,false,true,POLICY_REVIEWED,V02_TRAIN_176
V02_TRAIN_177,코레일톡,synthetic.kr.korailtalk,코레일톡,승차권 결제 처리가 정상적으로 완료되지 않았습니다.,1,exception,eligible_promote_0_0,CLEAR,concrete_failure_or_exception,msg,false,25,REVIEW,false,true,SYNTHETIC_REVIEWED,0.3,noti_v0.2_generator,,PROJECT_OWNED,false,true,POLICY_REVIEWED,V02_TRAIN_177
V02_TRAIN_178,코레일톡,synthetic.kr.korailtalk,승차권 결제 안내,승차권 결제 처리 중 문제가 발생했습니다.,1,exception,eligible_promote_0_1,CLEAR,concrete_failure_or_exception,msg,false,25,REVIEW,false,true,SYNTHETIC_REVIEWED,0.3,noti_v0.2_generator,,PROJECT_OWNED,false,true,POLICY_REVIEWED,V02_TRAIN_178
V02_TRAIN_179,코레일톡,synthetic.kr.korailtalk,코레일톡,열차 출발 시간 변경 안내입니다. 기존 일정과 달라졌습니다.,1,schedule_change,eligible_promote_schedule_2,CLEAR,meaningful_schedule_change,msg,false,30,REVIEW,false,true,SYNTHETIC_REVIEWED,0.3,noti_v0.2_generator,,PROJECT_OWNED,false,true,POLICY_REVIEWED,V02_TRAIN_179
V02_TRAIN_180,코레일톡,synthetic.kr.korailtalk,열차 출발 시간 안내,열차 출발 시간: 기존 시간이 취소되고 새 시간이 등록되었습니다.,1,schedule_change,eligible_promote_schedule_3,CLEAR,meaningful_schedule_change,msg,false,30,REVIEW,false,true,SYNTHETIC_REVIEWED,0.3,noti_v0.2_generator,,PROJECT_OWNED,false,true,POLICY_REVIEWED,V02_TRAIN_180
V02_TRAIN_181,코레일톡,synthetic.kr.korailtalk,코레일톡,확인이 필요합니다: 탑승객 정보,1,action_required,eligible_promote_2_0,CLEAR,concrete_user_confirmation,msg,false,25,REVIEW,false,true,SYNTHETIC_REVIEWED,0.3,noti_v0.2_generator,,PROJECT_OWNED,false,true,POLICY_REVIEWED,V02_TRAIN_181
V02_TRAIN_182,코레일톡,synthetic.kr.korailtalk,탑승객 정보 안내,탑승객 정보 관련 확인이 필요합니다.,1,action_required,eligible_promote_2_1,CLEAR,concrete_user_confirmation,msg,false,25,REVIEW,false,true,SYNTHETIC_REVIEWED,0.3,noti_v0.2_generator,,PROJECT_OWNED,false,true,POLICY_REVIEWED,V02_TRAIN_182
V02_TRAIN_183,코레일톡,synthetic.kr.korailtalk,코레일톡,여행 기록 요약: 이번 주 요약이 도착했습니다.,0,summary,eligible_keep_0_0,CLEAR,informational_summary,msg,false,25,REVIEW,false,true,SYNTHETIC_REVIEWED,0.3,noti_v0.2_generator,,PROJECT_OWNED,false,true,POLICY_REVIEWED,V02_TRAIN_183
V02_TRAIN_184,코레일톡,synthetic.kr.korailtalk,여행 기록 요약 안내,여행 기록 요약 세부 내용을 확인해주세요.,0,summary,eligible_keep_0_1,CLEAR,informational_summary,msg,false,25,REVIEW,false,true,SYNTHETIC_REVIEWED,0.3,noti_v0.2_generator,,PROJECT_OWNED,false,true,POLICY_REVIEWED,V02_TRAIN_184
V02_TRAIN_185,코레일톡,synthetic.kr.korailtalk,코레일톡,관심 등록한 관심 노선 일정 소식이 이번 주 공개될 예정입니다.,0,optional_schedule,eligible_keep_schedule_2,CLEAR,optional_timed_content,reminder,false,25,REVIEW,false,true,SYNTHETIC_REVIEWED,0.3,noti_v0.2_generator,,PROJECT_OWNED,false,true,POLICY_REVIEWED,V02_TRAIN_185
V02_TRAIN_186,코레일톡,synthetic.kr.korailtalk,관심 노선 일정 안내,관심 노선 일정 공개 시간이 정해졌습니다.,0,optional_schedule,eligible_keep_schedule_3,CLEAR,optional_timed_content,reminder,false,25,REVIEW,false,true,SYNTHETIC_REVIEWED,0.3,noti_v0.2_generator,,PROJECT_OWNED,false,true,POLICY_REVIEWED,V02_TRAIN_186
V02_TRAIN_187,코레일톡,synthetic.kr.korailtalk,코레일톡,열차 이용 설문 참여 요청이 도착했습니다.,0,optional_survey,eligible_keep_2_0,CLEAR,optional_participation_request,msg,false,25,REVIEW,false,true,SYNTHETIC_REVIEWED,0.3,noti_v0.2_generator,,PROJECT_OWNED,false,true,POLICY_REVIEWED,V02_TRAIN_187
V02_TRAIN_188,코레일톡,synthetic.kr.korailtalk,열차 이용 설문 안내,열차 이용 설문 관련 의견을 남겨주세요.,0,optional_survey,eligible_keep_2_1,CLEAR,optional_participation_request,msg,false,25,REVIEW,false,true,SYNTHETIC_REVIEWED,0.3,noti_v0.2_generator,,PROJECT_OWNED,false,true,POLICY_REVIEWED,V02_TRAIN_188
V02_TRAIN_189,코레일톡,synthetic.kr.korailtalk,긴급 확인,승차권 결제 문제로 오늘까지 처리가 필요합니다. 즉시 확인해주세요.,1,urgent_action,clear_important_0,CLEAR,urgent_and_action_required,alarm,false,45,IMPORTANT,false,false,SYNTHETIC_REVIEWED,0.3,noti_v0.2_generator,,PROJECT_OWNED,false,true,POLICY_REVIEWED,V02_TRAIN_189
V02_TRAIN_190,코레일톡,synthetic.kr.korailtalk,보안 알림,새로운 기기에서 탑승객 정보 변경이 감지되었습니다.,1,security_change,clear_important_1,CLEAR,explicit_security_change,msg,false,50,IMPORTANT,false,false,SYNTHETIC_REVIEWED,0.3,noti_v0.2_generator,,PROJECT_OWNED,false,true,POLICY_REVIEWED,V02_TRAIN_190
V02_TRAIN_191,코레일톡,synthetic.kr.korailtalk,(광고) 오늘의 혜택,"주말 여행 상품 할인, 오늘만 확인하세요. 수신거부는 설정에서 가능합니다.",0,promotion,clear_general_0,CLEAR,explicit_promotion,promo,false,-15,GENERAL,false,false,SYNTHETIC_REVIEWED,0.3,noti_v0.2_generator,,PROJECT_OWNED,false,true,POLICY_REVIEWED,V02_TRAIN_191
V02_TRAIN_192,코레일톡,synthetic.kr.korailtalk,업데이트 완료,여행 기록 요약 업데이트가 완료되었습니다. 별도 작업은 필요하지 않습니다.,0,passive_update,clear_general_1,CLEAR,no_action_status,status,false,-10,GENERAL,false,false,SYNTHETIC_REVIEWED,0.3,noti_v0.2_generator,,PROJECT_OWNED,false,true,POLICY_REVIEWED,V02_TRAIN_192
V02_TRAIN_193,에브리타임,synthetic.kr.everytime,에브리타임,과제 제출 처리가 정상적으로 완료되지 않았습니다.,1,exception,eligible_promote_0_0,CLEAR,concrete_failure_or_exception,msg,false,25,REVIEW,false,true,SYNTHETIC_REVIEWED,0.3,noti_v0.2_generator,,PROJECT_OWNED,false,true,POLICY_REVIEWED,V02_TRAIN_193
V02_TRAIN_194,에브리타임,synthetic.kr.everytime,과제 제출 안내,과제 제출 처리 중 문제가 발생했습니다.,1,exception,eligible_promote_0_1,CLEAR,concrete_failure_or_exception,msg,false,25,REVIEW,false,true,SYNTHETIC_REVIEWED,0.3,noti_v0.2_generator,,PROJECT_OWNED,false,true,POLICY_REVIEWED,V02_TRAIN_194
V02_TRAIN_195,에브리타임,synthetic.kr.everytime,에브리타임,시험 일정: 예정보다 2시간 앞당겨졌습니다.,1,schedule_change,eligible_promote_schedule_4,CLEAR,meaningful_schedule_change,msg,false,30,REVIEW,false,true,SYNTHETIC_REVIEWED,0.3,noti_v0.2_generator,,PROJECT_OWNED,false,true,POLICY_REVIEWED,V02_TRAIN_195
V02_TRAIN_196,에브리타임,synthetic.kr.everytime,시험 일정 안내,시험 일정: 오늘 오후 6시로 변경되었습니다.,1,schedule_change,eligible_promote_schedule_0,CLEAR,meaningful_schedule_change,msg,false,30,REVIEW,false,true,SYNTHETIC_REVIEWED,0.3,noti_v0.2_generator,,PROJECT_OWNED,false,true,POLICY_REVIEWED,V02_TRAIN_196
V02_TRAIN_197,에브리타임,synthetic.kr.everytime,에브리타임,확인이 필요합니다: 수강 신청 정보,1,action_required,eligible_promote_2_0,CLEAR,concrete_user_confirmation,msg,false,25,REVIEW,false,true,SYNTHETIC_REVIEWED,0.3,noti_v0.2_generator,,PROJECT_OWNED,false,true,POLICY_REVIEWED,V02_TRAIN_197
V02_TRAIN_198,에브리타임,synthetic.kr.everytime,수강 신청 정보 안내,수강 신청 정보 관련 확인이 필요합니다.,1,action_required,eligible_promote_2_1,CLEAR,concrete_user_confirmation,msg,false,25,REVIEW,false,true,SYNTHETIC_REVIEWED,0.3,noti_v0.2_generator,,PROJECT_OWNED,false,true,POLICY_REVIEWED,V02_TRAIN_198
V02_TRAIN_199,에브리타임,synthetic.kr.everytime,에브리타임,주간 게시판 요약: 이번 주 요약이 도착했습니다.,0,summary,eligible_keep_0_0,CLEAR,informational_summary,msg,false,25,REVIEW,false,true,SYNTHETIC_REVIEWED,0.3,noti_v0.2_generator,,PROJECT_OWNED,false,true,POLICY_REVIEWED,V02_TRAIN_199
V02_TRAIN_200,에브리타임,synthetic.kr.everytime,주간 게시판 요약 안내,주간 게시판 요약 세부 내용을 확인해주세요.,0,summary,eligible_keep_0_1,CLEAR,informational_summary,msg,false,25,REVIEW,false,true,SYNTHETIC_REVIEWED,0.3,noti_v0.2_generator,,PROJECT_OWNED,false,true,POLICY_REVIEWED,V02_TRAIN_200
V02_TRAIN_201,에브리타임,synthetic.kr.everytime,에브리타임,동아리 모집 일정 관련 알림이 곧 시작됩니다.,0,optional_schedule,eligible_keep_schedule_4,CLEAR,optional_timed_content,reminder,false,25,REVIEW,false,true,SYNTHETIC_REVIEWED,0.3,noti_v0.2_generator,,PROJECT_OWNED,false,true,POLICY_REVIEWED,V02_TRAIN_201
V02_TRAIN_202,에브리타임,synthetic.kr.everytime,동아리 모집 일정 안내,동아리 모집 일정 관련 새 내용이 오늘 오후 3시에 공개됩니다.,0,optional_schedule,eligible_keep_schedule_0,CLEAR,optional_timed_content,reminder,false,25,REVIEW,false,true,SYNTHETIC_REVIEWED,0.3,noti_v0.2_generator,,PROJECT_OWNED,false,true,POLICY_REVIEWED,V02_TRAIN_202
V02_TRAIN_203,에브리타임,synthetic.kr.everytime,에브리타임,학교생활 설문 참여 요청이 도착했습니다.,0,optional_survey,eligible_keep_2_0,CLEAR,optional_participation_request,msg,false,25,REVIEW,false,true,SYNTHETIC_REVIEWED,0.3,noti_v0.2_generator,,PROJECT_OWNED,false,true,POLICY_REVIEWED,V02_TRAIN_203
V02_TRAIN_204,에브리타임,synthetic.kr.everytime,학교생활 설문 안내,학교생활 설문 관련 의견을 남겨주세요.,0,optional_survey,eligible_keep_2_1,CLEAR,optional_participation_request,msg,false,25,REVIEW,false,true,SYNTHETIC_REVIEWED,0.3,noti_v0.2_generator,,PROJECT_OWNED,false,true,POLICY_REVIEWED,V02_TRAIN_204
V02_TRAIN_205,에브리타임,synthetic.kr.everytime,긴급 확인,과제 제출 문제로 오늘까지 처리가 필요합니다. 즉시 확인해주세요.,1,urgent_action,clear_important_0,CLEAR,urgent_and_action_required,alarm,false,45,IMPORTANT,false,false,SYNTHETIC_REVIEWED,0.3,noti_v0.2_generator,,PROJECT_OWNED,false,true,POLICY_REVIEWED,V02_TRAIN_205
V02_TRAIN_206,에브리타임,synthetic.kr.everytime,보안 알림,새로운 기기에서 수강 신청 정보 변경이 감지되었습니다.,1,security_change,clear_important_1,CLEAR,explicit_security_change,msg,false,50,IMPORTANT,false,false,SYNTHETIC_REVIEWED,0.3,noti_v0.2_generator,,PROJECT_OWNED,false,true,POLICY_REVIEWED,V02_TRAIN_206
V02_TRAIN_207,에브리타임,synthetic.kr.everytime,(광고) 오늘의 혜택,"대학생 제휴 할인, 오늘만 확인하세요. 수신거부는 설정에서 가능합니다.",0,promotion,clear_general_0,CLEAR,explicit_promotion,promo,false,-15,GENERAL,false,false,SYNTHETIC_REVIEWED,0.3,noti_v0.2_generator,,PROJECT_OWNED,false,true,POLICY_REVIEWED,V02_TRAIN_207
V02_TRAIN_208,에브리타임,synthetic.kr.everytime,업데이트 완료,주간 게시판 요약 업데이트가 완료되었습니다. 별도 작업은 필요하지 않습니다.,0,passive_update,clear_general_1,CLEAR,no_action_status,status,false,-10,GENERAL,false,false,SYNTHETIC_REVIEWED,0.3,noti_v0.2_generator,,PROJECT_OWNED,false,true,POLICY_REVIEWED,V02_TRAIN_208
V02_TRAIN_209,클래스101,synthetic.kr.class101,클래스101,수강 결제 처리가 정상적으로 완료되지 않았습니다.,1,exception,eligible_promote_0_0,CLEAR,concrete_failure_or_exception,msg,false,25,REVIEW,false,true,SYNTHETIC_REVIEWED,0.3,noti_v0.2_generator,,PROJECT_OWNED,false,true,POLICY_REVIEWED,V02_TRAIN_209
V02_TRAIN_210,클래스101,synthetic.kr.class101,수강 결제 안내,수강 결제 처리 중 문제가 발생했습니다.,1,exception,eligible_promote_0_1,CLEAR,concrete_failure_or_exception,msg,false,25,REVIEW,false,true,SYNTHETIC_REVIEWED,0.3,noti_v0.2_generator,,PROJECT_OWNED,false,true,POLICY_REVIEWED,V02_TRAIN_210
V02_TRAIN_211,클래스101,synthetic.kr.class101,클래스101,라이브 수업 시간: 내일 오전 9시로 변경되었습니다.,1,schedule_change,eligible_promote_schedule_1,CLEAR,meaningful_schedule_change,msg,false,30,REVIEW,false,true,SYNTHETIC_REVIEWED,0.3,noti_v0.2_generator,,PROJECT_OWNED,false,true,POLICY_REVIEWED,V02_TRAIN_211
V02_TRAIN_212,클래스101,synthetic.kr.class101,라이브 수업 시간 안내,라이브 수업 시간 변경 안내입니다. 기존 일정과 달라졌습니다.,1,schedule_change,eligible_promote_schedule_2,CLEAR,meaningful_schedule_change,msg,false,30,REVIEW,false,true,SYNTHETIC_REVIEWED,0.3,noti_v0.2_generator,,PROJECT_OWNED,false,true,POLICY_REVIEWED,V02_TRAIN_212
V02_TRAIN_213,클래스101,synthetic.kr.class101,클래스101,확인이 필요합니다: 과제 제출 정보,1,action_required,eligible_promote_2_0,CLEAR,concrete_user_confirmation,msg,false,25,REVIEW,false,true,SYNTHETIC_REVIEWED,0.3,noti_v0.2_generator,,PROJECT_OWNED,false,true,POLICY_REVIEWED,V02_TRAIN_213
V02_TRAIN_214,클래스101,synthetic.kr.class101,과제 제출 정보 안내,과제 제출 정보 관련 확인이 필요합니다.,1,action_required,eligible_promote_2_1,CLEAR,concrete_user_confirmation,msg,false,25,REVIEW,false,true,SYNTHETIC_REVIEWED,0.3,noti_v0.2_generator,,PROJECT_OWNED,false,true,POLICY_REVIEWED,V02_TRAIN_214
V02_TRAIN_215,클래스101,synthetic.kr.class101,클래스101,학습 리포트: 이번 주 요약이 도착했습니다.,0,summary,eligible_keep_0_0,CLEAR,informational_summary,msg,false,25,REVIEW,false,true,SYNTHETIC_REVIEWED,0.3,noti_v0.2_generator,,PROJECT_OWNED,false,true,POLICY_REVIEWED,V02_TRAIN_215
V02_TRAIN_216,클래스101,synthetic.kr.class101,학습 리포트 안내,학습 리포트 세부 내용을 확인해주세요.,0,summary,eligible_keep_0_1,CLEAR,informational_summary,msg,false,25,REVIEW,false,true,SYNTHETIC_REVIEWED,0.3,noti_v0.2_generator,,PROJECT_OWNED,false,true,POLICY_REVIEWED,V02_TRAIN_216
V02_TRAIN_217,클래스101,synthetic.kr.class101,클래스101,추천 클래스 일정 관련 내용이 내일 오전 10시에 업데이트됩니다.,0,optional_schedule,eligible_keep_schedule_1,CLEAR,optional_timed_content,reminder,false,25,REVIEW,false,true,SYNTHETIC_REVIEWED,0.3,noti_v0.2_generator,,PROJECT_OWNED,false,true,POLICY_REVIEWED,V02_TRAIN_217
V02_TRAIN_218,클래스101,synthetic.kr.class101,추천 클래스 일정 안내,관심 등록한 추천 클래스 일정 소식이 이번 주 공개될 예정입니다.,0,optional_schedule,eligible_keep_schedule_2,CLEAR,optional_timed_content,reminder,false,25,REVIEW,false,true,SYNTHETIC_REVIEWED,0.3,noti_v0.2_generator,,PROJECT_OWNED,false,true,POLICY_REVIEWED,V02_TRAIN_218
V02_TRAIN_219,클래스101,synthetic.kr.class101,클래스101,수강 만족도 설문 참여 요청이 도착했습니다.,0,optional_survey,eligible_keep_2_0,CLEAR,optional_participation_request,msg,false,25,REVIEW,false,true,SYNTHETIC_REVIEWED,0.3,noti_v0.2_generator,,PROJECT_OWNED,false,true,POLICY_REVIEWED,V02_TRAIN_219
V02_TRAIN_220,클래스101,synthetic.kr.class101,수강 만족도 설문 안내,수강 만족도 설문 관련 의견을 남겨주세요.,0,optional_survey,eligible_keep_2_1,CLEAR,optional_participation_request,msg,false,25,REVIEW,false,true,SYNTHETIC_REVIEWED,0.3,noti_v0.2_generator,,PROJECT_OWNED,false,true,POLICY_REVIEWED,V02_TRAIN_220
V02_TRAIN_221,클래스101,synthetic.kr.class101,긴급 확인,수강 결제 문제로 오늘까지 처리가 필요합니다. 즉시 확인해주세요.,1,urgent_action,clear_important_0,CLEAR,urgent_and_action_required,alarm,false,45,IMPORTANT,false,false,SYNTHETIC_REVIEWED,0.3,noti_v0.2_generator,,PROJECT_OWNED,false,true,POLICY_REVIEWED,V02_TRAIN_221
V02_TRAIN_222,클래스101,synthetic.kr.class101,보안 알림,새로운 기기에서 과제 제출 정보 변경이 감지되었습니다.,1,security_change,clear_important_1,CLEAR,explicit_security_change,msg,false,50,IMPORTANT,false,false,SYNTHETIC_REVIEWED,0.3,noti_v0.2_generator,,PROJECT_OWNED,false,true,POLICY_REVIEWED,V02_TRAIN_222
V02_TRAIN_223,클래스101,synthetic.kr.class101,(광고) 오늘의 혜택,"인기 클래스 할인, 오늘만 확인하세요. 수신거부는 설정에서 가능합니다.",0,promotion,clear_general_0,CLEAR,explicit_promotion,promo,false,-15,GENERAL,false,false,SYNTHETIC_REVIEWED,0.3,noti_v0.2_generator,,PROJECT_OWNED,false,true,POLICY_REVIEWED,V02_TRAIN_223
V02_TRAIN_224,클래스101,synthetic.kr.class101,업데이트 완료,학습 리포트 업데이트가 완료되었습니다. 별도 작업은 필요하지 않습니다.,0,passive_update,clear_general_1,CLEAR,no_action_status,status,false,-10,GENERAL,false,false,SYNTHETIC_REVIEWED,0.3,noti_v0.2_generator,,PROJECT_OWNED,false,true,POLICY_REVIEWED,V02_TRAIN_224
V02_TRAIN_225,Slack,synthetic.kr.slack,Slack,배포 승인 처리가 정상적으로 완료되지 않았습니다.,1,exception,eligible_promote_0_0,CLEAR,concrete_failure_or_exception,msg,false,25,REVIEW,false,true,SYNTHETIC_REVIEWED,0.3,noti_v0.2_generator,,PROJECT_OWNED,false,true,POLICY_REVIEWED,V02_TRAIN_225
V02_TRAIN_226,Slack,synthetic.kr.slack,배포 승인 안내,배포 승인 처리 중 문제가 발생했습니다.,1,exception,eligible_promote_0_1,CLEAR,concrete_failure_or_exception,msg,false,25,REVIEW,false,true,SYNTHETIC_REVIEWED,0.3,noti_v0.2_generator,,PROJECT_OWNED,false,true,POLICY_REVIEWED,V02_TRAIN_226
V02_TRAIN_227,Slack,synthetic.kr.slack,Slack,고객 회의 시간: 기존 시간이 취소되고 새 시간이 등록되었습니다.,1,schedule_change,eligible_promote_schedule_3,CLEAR,meaningful_schedule_change,msg,false,30,REVIEW,false,true,SYNTHETIC_REVIEWED,0.3,noti_v0.2_generator,,PROJECT_OWNED,false,true,POLICY_REVIEWED,V02_TRAIN_227
V02_TRAIN_228,Slack,synthetic.kr.slack,고객 회의 시간 안내,고객 회의 시간: 예정보다 2시간 앞당겨졌습니다.,1,schedule_change,eligible_promote_schedule_4,CLEAR,meaningful_schedule_change,msg,false,30,REVIEW,false,true,SYNTHETIC_REVIEWED,0.3,noti_v0.2_generator,,PROJECT_OWNED,false,true,POLICY_REVIEWED,V02_TRAIN_228
V02_TRAIN_229,Slack,synthetic.kr.slack,Slack,확인이 필요합니다: 담당 업무 정보,1,action_required,eligible_promote_2_0,CLEAR,concrete_user_confirmation,msg,false,25,REVIEW,false,true,SYNTHETIC_REVIEWED,0.3,noti_v0.2_generator,,PROJECT_OWNED,false,true,POLICY_REVIEWED,V02_TRAIN_229
V02_TRAIN_230,Slack,synthetic.kr.slack,담당 업무 정보 안내,담당 업무 정보 관련 확인이 필요합니다.,1,action_required,eligible_promote_2_1,CLEAR,concrete_user_confirmation,msg,false,25,REVIEW,false,true,SYNTHETIC_REVIEWED,0.3,noti_v0.2_generator,,PROJECT_OWNED,false,true,POLICY_REVIEWED,V02_TRAIN_230
V02_TRAIN_231,Slack,synthetic.kr.slack,Slack,주간 채널 요약: 이번 주 요약이 도착했습니다.,0,summary,eligible_keep_0_0,CLEAR,informational_summary,msg,false,25,REVIEW,false,true,SYNTHETIC_REVIEWED,0.3,noti_v0.2_generator,,PROJECT_OWNED,false,true,POLICY_REVIEWED,V02_TRAIN_231
V02_TRAIN_232,Slack,synthetic.kr.slack,주간 채널 요약 안내,주간 채널 요약 세부 내용을 확인해주세요.,0,summary,eligible_keep_0_1,CLEAR,informational_summary,msg,false,25,REVIEW,false,true,SYNTHETIC_REVIEWED,0.3,noti_v0.2_generator,,PROJECT_OWNED,false,true,POLICY_REVIEWED,V02_TRAIN_232
V02_TRAIN_233,Slack,synthetic.kr.slack,Slack,사내 행사 일정 공개 시간이 정해졌습니다.,0,optional_schedule,eligible_keep_schedule_3,CLEAR,optional_timed_content,reminder,false,25,REVIEW,false,true,SYNTHETIC_REVIEWED,0.3,noti_v0.2_generator,,PROJECT_OWNED,false,true,POLICY_REVIEWED,V02_TRAIN_233
V02_TRAIN_234,Slack,synthetic.kr.slack,사내 행사 일정 안내,사내 행사 일정 관련 알림이 곧 시작됩니다.,0,optional_schedule,eligible_keep_schedule_4,CLEAR,optional_timed_content,reminder,false,25,REVIEW,false,true,SYNTHETIC_REVIEWED,0.3,noti_v0.2_generator,,PROJECT_OWNED,false,true,POLICY_REVIEWED,V02_TRAIN_234
V02_TRAIN_235,Slack,synthetic.kr.slack,Slack,협업 방식 설문 참여 요청이 도착했습니다.,0,optional_survey,eligible_keep_2_0,CLEAR,optional_participation_request,msg,false,25,REVIEW,false,true,SYNTHETIC_REVIEWED,0.3,noti_v0.2_generator,,PROJECT_OWNED,false,true,POLICY_REVIEWED,V02_TRAIN_235
V02_TRAIN_236,Slack,synthetic.kr.slack,협업 방식 설문 안내,협업 방식 설문 관련 의견을 남겨주세요.,0,optional_survey,eligible_keep_2_1,CLEAR,optional_participation_request,msg,false,25,REVIEW,false,true,SYNTHETIC_REVIEWED,0.3,noti_v0.2_generator,,PROJECT_OWNED,false,true,POLICY_REVIEWED,V02_TRAIN_236
V02_TRAIN_237,Slack,synthetic.kr.slack,긴급 확인,배포 승인 문제로 오늘까지 처리가 필요합니다. 즉시 확인해주세요.,1,urgent_action,clear_important_0,CLEAR,urgent_and_action_required,alarm,false,45,IMPORTANT,false,false,SYNTHETIC_REVIEWED,0.3,noti_v0.2_generator,,PROJECT_OWNED,false,true,POLICY_REVIEWED,V02_TRAIN_237
V02_TRAIN_238,Slack,synthetic.kr.slack,보안 알림,새로운 기기에서 담당 업무 정보 변경이 감지되었습니다.,1,security_change,clear_important_1,CLEAR,explicit_security_change,msg,false,50,IMPORTANT,false,false,SYNTHETIC_REVIEWED,0.3,noti_v0.2_generator,,PROJECT_OWNED,false,true,POLICY_REVIEWED,V02_TRAIN_238
V02_TRAIN_239,Slack,synthetic.kr.slack,(광고) 오늘의 혜택,"업무 생산성 웨비나, 오늘만 확인하세요. 수신거부는 설정에서 가능합니다.",0,promotion,clear_general_0,CLEAR,explicit_promotion,promo,false,-15,GENERAL,false,false,SYNTHETIC_REVIEWED,0.3,noti_v0.2_generator,,PROJECT_OWNED,false,true,POLICY_REVIEWED,V02_TRAIN_239
V02_TRAIN_240,Slack,synthetic.kr.slack,업데이트 완료,주간 채널 요약 업데이트가 완료되었습니다. 별도 작업은 필요하지 않습니다.,0,passive_update,clear_general_1,CLEAR,no_action_status,status,false,-10,GENERAL,false,false,SYNTHETIC_REVIEWED,0.3,noti_v0.2_generator,,PROJECT_OWNED,false,true,POLICY_REVIEWED,V02_TRAIN_240
V02_TRAIN_241,Notion,synthetic.kr.notion,Notion,문서 승인 처리가 정상적으로 완료되지 않았습니다.,1,exception,eligible_promote_0_0,CLEAR,concrete_failure_or_exception,msg,false,25,REVIEW,false,true,SYNTHETIC_REVIEWED,0.3,noti_v0.2_generator,,PROJECT_OWNED,false,true,POLICY_REVIEWED,V02_TRAIN_241
V02_TRAIN_242,Notion,synthetic.kr.notion,문서 승인 안내,문서 승인 처리 중 문제가 발생했습니다.,1,exception,eligible_promote_0_1,CLEAR,concrete_failure_or_exception,msg,false,25,REVIEW,false,true,SYNTHETIC_REVIEWED,0.3,noti_v0.2_generator,,PROJECT_OWNED,false,true,POLICY_REVIEWED,V02_TRAIN_242
V02_TRAIN_243,Notion,synthetic.kr.notion,Notion,프로젝트 마감 일정: 오늘 오후 6시로 변경되었습니다.,1,schedule_change,eligible_promote_schedule_0,CLEAR,meaningful_schedule_change,msg,false,30,REVIEW,false,true,SYNTHETIC_REVIEWED,0.3,noti_v0.2_generator,,PROJECT_OWNED,false,true,POLICY_REVIEWED,V02_TRAIN_243
V02_TRAIN_244,Notion,synthetic.kr.notion,프로젝트 마감 일정 안내,프로젝트 마감 일정: 내일 오전 9시로 변경되었습니다.,1,schedule_change,eligible_promote_schedule_1,CLEAR,meaningful_schedule_change,msg,false,30,REVIEW,false,true,SYNTHETIC_REVIEWED,0.3,noti_v0.2_generator,,PROJECT_OWNED,false,true,POLICY_REVIEWED,V02_TRAIN_244
V02_TRAIN_245,Notion,synthetic.kr.notion,Notion,확인이 필요합니다: 작업 담당자 정보,1,action_required,eligible_promote_2_0,CLEAR,concrete_user_confirmation,msg,false,25,REVIEW,false,true,SYNTHETIC_REVIEWED,0.3,noti_v0.2_generator,,PROJECT_OWNED,false,true,POLICY_REVIEWED,V02_TRAIN_245
V02_TRAIN_246,Notion,synthetic.kr.notion,작업 담당자 정보 안내,작업 담당자 정보 관련 확인이 필요합니다.,1,action_required,eligible_promote_2_1,CLEAR,concrete_user_confirmation,msg,false,25,REVIEW,false,true,SYNTHETIC_REVIEWED,0.3,noti_v0.2_generator,,PROJECT_OWNED,false,true,POLICY_REVIEWED,V02_TRAIN_246
V02_TRAIN_247,Notion,synthetic.kr.notion,Notion,워크스페이스 요약: 이번 주 요약이 도착했습니다.,0,summary,eligible_keep_0_0,CLEAR,informational_summary,msg,false,25,REVIEW,false,true,SYNTHETIC_REVIEWED,0.3,noti_v0.2_generator,,PROJECT_OWNED,false,true,POLICY_REVIEWED,V02_TRAIN_247
V02_TRAIN_248,Notion,synthetic.kr.notion,워크스페이스 요약 안내,워크스페이스 요약 세부 내용을 확인해주세요.,0,summary,eligible_keep_0_1,CLEAR,informational_summary,msg,false,25,REVIEW,false,true,SYNTHETIC_REVIEWED,0.3,noti_v0.2_generator,,PROJECT_OWNED,false,true,POLICY_REVIEWED,V02_TRAIN_248
V02_TRAIN_249,Notion,synthetic.kr.notion,Notion,템플릿 소개 일정 관련 새 내용이 오늘 오후 3시에 공개됩니다.,0,optional_schedule,eligible_keep_schedule_0,CLEAR,optional_timed_content,reminder,false,25,REVIEW,false,true,SYNTHETIC_REVIEWED,0.3,noti_v0.2_generator,,PROJECT_OWNED,false,true,POLICY_REVIEWED,V02_TRAIN_249
V02_TRAIN_250,Notion,synthetic.kr.notion,템플릿 소개 일정 안내,템플릿 소개 일정 관련 내용이 내일 오전 10시에 업데이트됩니다.,0,optional_schedule,eligible_keep_schedule_1,CLEAR,optional_timed_content,reminder,false,25,REVIEW,false,true,SYNTHETIC_REVIEWED,0.3,noti_v0.2_generator,,PROJECT_OWNED,false,true,POLICY_REVIEWED,V02_TRAIN_250
V02_TRAIN_251,Notion,synthetic.kr.notion,Notion,제품 사용 설문 참여 요청이 도착했습니다.,0,optional_survey,eligible_keep_2_0,CLEAR,optional_participation_request,msg,false,25,REVIEW,false,true,SYNTHETIC_REVIEWED,0.3,noti_v0.2_generator,,PROJECT_OWNED,false,true,POLICY_REVIEWED,V02_TRAIN_251
V02_TRAIN_252,Notion,synthetic.kr.notion,제품 사용 설문 안내,제품 사용 설문 관련 의견을 남겨주세요.,0,optional_survey,eligible_keep_2_1,CLEAR,optional_participation_request,msg,false,25,REVIEW,false,true,SYNTHETIC_REVIEWED,0.3,noti_v0.2_generator,,PROJECT_OWNED,false,true,POLICY_REVIEWED,V02_TRAIN_252
V02_TRAIN_253,Notion,synthetic.kr.notion,긴급 확인,문서 승인 문제로 오늘까지 처리가 필요합니다. 즉시 확인해주세요.,1,urgent_action,clear_important_0,CLEAR,urgent_and_action_required,alarm,false,45,IMPORTANT,false,false,SYNTHETIC_REVIEWED,0.3,noti_v0.2_generator,,PROJECT_OWNED,false,true,POLICY_REVIEWED,V02_TRAIN_253
V02_TRAIN_254,Notion,synthetic.kr.notion,보안 알림,새로운 기기에서 작업 담당자 정보 변경이 감지되었습니다.,1,security_change,clear_important_1,CLEAR,explicit_security_change,msg,false,50,IMPORTANT,false,false,SYNTHETIC_REVIEWED,0.3,noti_v0.2_generator,,PROJECT_OWNED,false,true,POLICY_REVIEWED,V02_TRAIN_254
V02_TRAIN_255,Notion,synthetic.kr.notion,(광고) 오늘의 혜택,"팀용 템플릿 프로모션, 오늘만 확인하세요. 수신거부는 설정에서 가능합니다.",0,promotion,clear_general_0,CLEAR,explicit_promotion,promo,false,-15,GENERAL,false,false,SYNTHETIC_REVIEWED,0.3,noti_v0.2_generator,,PROJECT_OWNED,false,true,POLICY_REVIEWED,V02_TRAIN_255
V02_TRAIN_256,Notion,synthetic.kr.notion,업데이트 완료,워크스페이스 요약 업데이트가 완료되었습니다. 별도 작업은 필요하지 않습니다.,0,passive_update,clear_general_1,CLEAR,no_action_status,status,false,-10,GENERAL,false,false,SYNTHETIC_REVIEWED,0.3,noti_v0.2_generator,,PROJECT_OWNED,false,true,POLICY_REVIEWED,V02_TRAIN_256
V02_TRAIN_257,똑닥,synthetic.kr.ddocdoc,똑닥,진료비 결제 처리가 정상적으로 완료되지 않았습니다.,1,exception,eligible_promote_0_0,CLEAR,concrete_failure_or_exception,msg,false,25,REVIEW,false,true,SYNTHETIC_REVIEWED,0.3,noti_v0.2_generator,,PROJECT_OWNED,false,true,POLICY_REVIEWED,V02_TRAIN_257
V02_TRAIN_258,똑닥,synthetic.kr.ddocdoc,진료비 결제 안내,진료비 결제 처리 중 문제가 발생했습니다.,1,exception,eligible_promote_0_1,CLEAR,concrete_failure_or_exception,msg,false,25,REVIEW,false,true,SYNTHETIC_REVIEWED,0.3,noti_v0.2_generator,,PROJECT_OWNED,false,true,POLICY_REVIEWED,V02_TRAIN_258
V02_TRAIN_259,똑닥,synthetic.kr.ddocdoc,똑닥,병원 예약 시간 변경 안내입니다. 기존 일정과 달라졌습니다.,1,schedule_change,eligible_promote_schedule_2,CLEAR,meaningful_schedule_change,msg,false,30,REVIEW,false,true,SYNTHETIC_REVIEWED,0.3,noti_v0.2_generator,,PROJECT_OWNED,false,true,POLICY_REVIEWED,V02_TRAIN_259
V02_TRAIN_260,똑닥,synthetic.kr.ddocdoc,병원 예약 시간 안내,병원 예약 시간: 기존 시간이 취소되고 새 시간이 등록되었습니다.,1,schedule_change,eligible_promote_schedule_3,CLEAR,meaningful_schedule_change,msg,false,30,REVIEW,false,true,SYNTHETIC_REVIEWED,0.3,noti_v0.2_generator,,PROJECT_OWNED,false,true,POLICY_REVIEWED,V02_TRAIN_260
V02_TRAIN_261,똑닥,synthetic.kr.ddocdoc,똑닥,확인이 필요합니다: 환자 정보,1,action_required,eligible_promote_2_0,CLEAR,concrete_user_confirmation,msg,false,25,REVIEW,false,true,SYNTHETIC_REVIEWED,0.3,noti_v0.2_generator,,PROJECT_OWNED,false,true,POLICY_REVIEWED,V02_TRAIN_261
V02_TRAIN_262,똑닥,synthetic.kr.ddocdoc,환자 정보 안내,환자 정보 관련 확인이 필요합니다.,1,action_required,eligible_promote_2_1,CLEAR,concrete_user_confirmation,msg,false,25,REVIEW,false,true,SYNTHETIC_REVIEWED,0.3,noti_v0.2_generator,,PROJECT_OWNED,false,true,POLICY_REVIEWED,V02_TRAIN_262
V02_TRAIN_263,똑닥,synthetic.kr.ddocdoc,똑닥,건강 기록 요약: 이번 주 요약이 도착했습니다.,0,summary,eligible_keep_0_0,CLEAR,informational_summary,msg,false,25,REVIEW,false,true,SYNTHETIC_REVIEWED,0.3,noti_v0.2_generator,,PROJECT_OWNED,false,true,POLICY_REVIEWED,V02_TRAIN_263
V02_TRAIN_264,똑닥,synthetic.kr.ddocdoc,건강 기록 요약 안내,건강 기록 요약 세부 내용을 확인해주세요.,0,summary,eligible_keep_0_1,CLEAR,informational_summary,msg,false,25,REVIEW,false,true,SYNTHETIC_REVIEWED,0.3,noti_v0.2_generator,,PROJECT_OWNED,false,true,POLICY_REVIEWED,V02_TRAIN_264
V02_TRAIN_265,똑닥,synthetic.kr.ddocdoc,똑닥,관심 등록한 건강 콘텐츠 일정 소식이 이번 주 공개될 예정입니다.,0,optional_schedule,eligible_keep_schedule_2,CLEAR,optional_timed_content,reminder,false,25,REVIEW,false,true,SYNTHETIC_REVIEWED,0.3,noti_v0.2_generator,,PROJECT_OWNED,false,true,POLICY_REVIEWED,V02_TRAIN_265
V02_TRAIN_266,똑닥,synthetic.kr.ddocdoc,건강 콘텐츠 일정 안내,건강 콘텐츠 일정 공개 시간이 정해졌습니다.,0,optional_schedule,eligible_keep_schedule_3,CLEAR,optional_timed_content,reminder,false,25,REVIEW,false,true,SYNTHETIC_REVIEWED,0.3,noti_v0.2_generator,,PROJECT_OWNED,false,true,POLICY_REVIEWED,V02_TRAIN_266
V02_TRAIN_267,똑닥,synthetic.kr.ddocdoc,똑닥,진료 경험 설문 참여 요청이 도착했습니다.,0,optional_survey,eligible_keep_2_0,CLEAR,optional_participation_request,msg,false,25,REVIEW,false,true,SYNTHETIC_REVIEWED,0.3,noti_v0.2_generator,,PROJECT_OWNED,false,true,POLICY_REVIEWED,V02_TRAIN_267
V02_TRAIN_268,똑닥,synthetic.kr.ddocdoc,진료 경험 설문 안내,진료 경험 설문 관련 의견을 남겨주세요.,0,optional_survey,eligible_keep_2_1,CLEAR,optional_participation_request,msg,false,25,REVIEW,false,true,SYNTHETIC_REVIEWED,0.3,noti_v0.2_generator,,PROJECT_OWNED,false,true,POLICY_REVIEWED,V02_TRAIN_268
V02_TRAIN_269,똑닥,synthetic.kr.ddocdoc,긴급 확인,진료비 결제 문제로 오늘까지 처리가 필요합니다. 즉시 확인해주세요.,1,urgent_action,clear_important_0,CLEAR,urgent_and_action_required,alarm,false,45,IMPORTANT,false,false,SYNTHETIC_REVIEWED,0.3,noti_v0.2_generator,,PROJECT_OWNED,false,true,POLICY_REVIEWED,V02_TRAIN_269
V02_TRAIN_270,똑닥,synthetic.kr.ddocdoc,보안 알림,새로운 기기에서 환자 정보 변경이 감지되었습니다.,1,security_change,clear_important_1,CLEAR,explicit_security_change,msg,false,50,IMPORTANT,false,false,SYNTHETIC_REVIEWED,0.3,noti_v0.2_generator,,PROJECT_OWNED,false,true,POLICY_REVIEWED,V02_TRAIN_270
V02_TRAIN_271,똑닥,synthetic.kr.ddocdoc,(광고) 오늘의 혜택,"건강검진 제휴 혜택, 오늘만 확인하세요. 수신거부는 설정에서 가능합니다.",0,promotion,clear_general_0,CLEAR,explicit_promotion,promo,false,-15,GENERAL,false,false,SYNTHETIC_REVIEWED,0.3,noti_v0.2_generator,,PROJECT_OWNED,false,true,POLICY_REVIEWED,V02_TRAIN_271
V02_TRAIN_272,똑닥,synthetic.kr.ddocdoc,업데이트 완료,건강 기록 요약 업데이트가 완료되었습니다. 별도 작업은 필요하지 않습니다.,0,passive_update,clear_general_1,CLEAR,no_action_status,status,false,-10,GENERAL,false,false,SYNTHETIC_REVIEWED,0.3,noti_v0.2_generator,,PROJECT_OWNED,false,true,POLICY_REVIEWED,V02_TRAIN_272
V02_TRAIN_273,정부24,synthetic.kr.gov24,정부24,민원 수수료 결제 처리가 정상적으로 완료되지 않았습니다.,1,exception,eligible_promote_0_0,CLEAR,concrete_failure_or_exception,msg,false,25,REVIEW,false,true,SYNTHETIC_REVIEWED,0.3,noti_v0.2_generator,,PROJECT_OWNED,false,true,POLICY_REVIEWED,V02_TRAIN_273
V02_TRAIN_274,정부24,synthetic.kr.gov24,민원 수수료 결제 안내,민원 수수료 결제 처리 중 문제가 발생했습니다.,1,exception,eligible_promote_0_1,CLEAR,concrete_failure_or_exception,msg,false,25,REVIEW,false,true,SYNTHETIC_REVIEWED,0.3,noti_v0.2_generator,,PROJECT_OWNED,false,true,POLICY_REVIEWED,V02_TRAIN_274
V02_TRAIN_275,정부24,synthetic.kr.gov24,정부24,서류 제출 기한: 예정보다 2시간 앞당겨졌습니다.,1,schedule_change,eligible_promote_schedule_4,CLEAR,meaningful_schedule_change,msg,false,30,REVIEW,false,true,SYNTHETIC_REVIEWED,0.3,noti_v0.2_generator,,PROJECT_OWNED,false,true,POLICY_REVIEWED,V02_TRAIN_275
V02_TRAIN_276,정부24,synthetic.kr.gov24,서류 제출 기한 안내,서류 제출 기한: 오늘 오후 6시로 변경되었습니다.,1,schedule_change,eligible_promote_schedule_0,CLEAR,meaningful_schedule_change,msg,false,30,REVIEW,false,true,SYNTHETIC_REVIEWED,0.3,noti_v0.2_generator,,PROJECT_OWNED,false,true,POLICY_REVIEWED,V02_TRAIN_276
V02_TRAIN_277,정부24,synthetic.kr.gov24,정부24,확인이 필요합니다: 신청인 정보,1,action_required,eligible_promote_2_0,CLEAR,concrete_user_confirmation,msg,false,25,REVIEW,false,true,SYNTHETIC_REVIEWED,0.3,noti_v0.2_generator,,PROJECT_OWNED,false,true,POLICY_REVIEWED,V02_TRAIN_277
V02_TRAIN_278,정부24,synthetic.kr.gov24,신청인 정보 안내,신청인 정보 관련 확인이 필요합니다.,1,action_required,eligible_promote_2_1,CLEAR,concrete_user_confirmation,msg,false,25,REVIEW,false,true,SYNTHETIC_REVIEWED,0.3,noti_v0.2_generator,,PROJECT_OWNED,false,true,POLICY_REVIEWED,V02_TRAIN_278
V02_TRAIN_279,정부24,synthetic.kr.gov24,정부24,이용 내역 요약: 이번 주 요약이 도착했습니다.,0,summary,eligible_keep_0_0,CLEAR,informational_summary,msg,false,25,REVIEW,false,true,SYNTHETIC_REVIEWED,0.3,noti_v0.2_generator,,PROJECT_OWNED,false,true,POLICY_REVIEWED,V02_TRAIN_279
V02_TRAIN_280,정부24,synthetic.kr.gov24,이용 내역 요약 안내,이용 내역 요약 세부 내용을 확인해주세요.,0,summary,eligible_keep_0_1,CLEAR,informational_summary,msg,false,25,REVIEW,false,true,SYNTHETIC_REVIEWED,0.3,noti_v0.2_generator,,PROJECT_OWNED,false,true,POLICY_REVIEWED,V02_TRAIN_280
V02_TRAIN_281,정부24,synthetic.kr.gov24,정부24,정책 안내 일정 관련 알림이 곧 시작됩니다.,0,optional_schedule,eligible_keep_schedule_4,CLEAR,optional_timed_content,reminder,false,25,REVIEW,false,true,SYNTHETIC_REVIEWED,0.3,noti_v0.2_generator,,PROJECT_OWNED,false,true,POLICY_REVIEWED,V02_TRAIN_281
V02_TRAIN_282,정부24,synthetic.kr.gov24,정책 안내 일정 안내,정책 안내 일정 관련 새 내용이 오늘 오후 3시에 공개됩니다.,0,optional_schedule,eligible_keep_schedule_0,CLEAR,optional_timed_content,reminder,false,25,REVIEW,false,true,SYNTHETIC_REVIEWED,0.3,noti_v0.2_generator,,PROJECT_OWNED,false,true,POLICY_REVIEWED,V02_TRAIN_282
V02_TRAIN_283,정부24,synthetic.kr.gov24,정부24,서비스 개선 설문 참여 요청이 도착했습니다.,0,optional_survey,eligible_keep_2_0,CLEAR,optional_participation_request,msg,false,25,REVIEW,false,true,SYNTHETIC_REVIEWED,0.3,noti_v0.2_generator,,PROJECT_OWNED,false,true,POLICY_REVIEWED,V02_TRAIN_283
V02_TRAIN_284,정부24,synthetic.kr.gov24,서비스 개선 설문 안내,서비스 개선 설문 관련 의견을 남겨주세요.,0,optional_survey,eligible_keep_2_1,CLEAR,optional_participation_request,msg,false,25,REVIEW,false,true,SYNTHETIC_REVIEWED,0.3,noti_v0.2_generator,,PROJECT_OWNED,false,true,POLICY_REVIEWED,V02_TRAIN_284
V02_TRAIN_285,정부24,synthetic.kr.gov24,긴급 확인,민원 수수료 결제 문제로 오늘까지 처리가 필요합니다. 즉시 확인해주세요.,1,urgent_action,clear_important_0,CLEAR,urgent_and_action_required,alarm,false,45,IMPORTANT,false,false,SYNTHETIC_REVIEWED,0.3,noti_v0.2_generator,,PROJECT_OWNED,false,true,POLICY_REVIEWED,V02_TRAIN_285
V02_TRAIN_286,정부24,synthetic.kr.gov24,보안 알림,새로운 기기에서 신청인 정보 변경이 감지되었습니다.,1,security_change,clear_important_1,CLEAR,explicit_security_change,msg,false,50,IMPORTANT,false,false,SYNTHETIC_REVIEWED,0.3,noti_v0.2_generator,,PROJECT_OWNED,false,true,POLICY_REVIEWED,V02_TRAIN_286
V02_TRAIN_287,정부24,synthetic.kr.gov24,(광고) 오늘의 혜택,"생활지원 정책 이벤트, 오늘만 확인하세요. 수신거부는 설정에서 가능합니다.",0,promotion,clear_general_0,CLEAR,explicit_promotion,promo,false,-15,GENERAL,false,false,SYNTHETIC_REVIEWED,0.3,noti_v0.2_generator,,PROJECT_OWNED,false,true,POLICY_REVIEWED,V02_TRAIN_287
V02_TRAIN_288,정부24,synthetic.kr.gov24,업데이트 완료,이용 내역 요약 업데이트가 완료되었습니다. 별도 작업은 필요하지 않습니다.,0,passive_update,clear_general_1,CLEAR,no_action_status,status,false,-10,GENERAL,false,false,SYNTHETIC_REVIEWED,0.3,noti_v0.2_generator,,PROJECT_OWNED,false,true,POLICY_REVIEWED,V02_TRAIN_288
V02_TRAIN_289,카카오톡,synthetic.kr.kakaotalk,카카오톡,송금 받기 처리가 정상적으로 완료되지 않았습니다.,1,exception,eligible_promote_0_0,CLEAR,concrete_failure_or_exception,msg,false,25,REVIEW,false,true,SYNTHETIC_REVIEWED,0.3,noti_v0.2_generator,,PROJECT_OWNED,false,true,POLICY_REVIEWED,V02_TRAIN_289
V02_TRAIN_290,카카오톡,synthetic.kr.kakaotalk,송금 받기 안내,송금 받기 처리 중 문제가 발생했습니다.,1,exception,eligible_promote_0_1,CLEAR,concrete_failure_or_exception,msg,false,25,REVIEW,false,true,SYNTHETIC_REVIEWED,0.3,noti_v0.2_generator,,PROJECT_OWNED,false,true,POLICY_REVIEWED,V02_TRAIN_290
V02_TRAIN_291,카카오톡,synthetic.kr.kakaotalk,카카오톡,약속 시간: 내일 오전 9시로 변경되었습니다.,1,schedule_change,eligible_promote_schedule_1,CLEAR,meaningful_schedule_change,msg,false,30,REVIEW,false,true,SYNTHETIC_REVIEWED,0.3,noti_v0.2_generator,,PROJECT_OWNED,false,true,POLICY_REVIEWED,V02_TRAIN_291
V02_TRAIN_292,카카오톡,synthetic.kr.kakaotalk,약속 시간 안내,약속 시간 변경 안내입니다. 기존 일정과 달라졌습니다.,1,schedule_change,eligible_promote_schedule_2,CLEAR,meaningful_schedule_change,msg,false,30,REVIEW,false,true,SYNTHETIC_REVIEWED,0.3,noti_v0.2_generator,,PROJECT_OWNED,false,true,POLICY_REVIEWED,V02_TRAIN_292
V02_TRAIN_293,카카오톡,synthetic.kr.kakaotalk,카카오톡,확인이 필요합니다: 공유 계정 정보,1,action_required,eligible_promote_2_0,CLEAR,concrete_user_confirmation,msg,false,25,REVIEW,false,true,SYNTHETIC_REVIEWED,0.3,noti_v0.2_generator,,PROJECT_OWNED,false,true,POLICY_REVIEWED,V02_TRAIN_293
V02_TRAIN_294,카카오톡,synthetic.kr.kakaotalk,공유 계정 정보 안내,공유 계정 정보 관련 확인이 필요합니다.,1,action_required,eligible_promote_2_1,CLEAR,concrete_user_confirmation,msg,false,25,REVIEW,false,true,SYNTHETIC_REVIEWED,0.3,noti_v0.2_generator,,PROJECT_OWNED,false,true,POLICY_REVIEWED,V02_TRAIN_294
V02_TRAIN_295,카카오톡,synthetic.kr.kakaotalk,카카오톡,주간 대화 요약: 이번 주 요약이 도착했습니다.,0,summary,eligible_keep_0_0,CLEAR,informational_summary,msg,false,25,REVIEW,false,true,SYNTHETIC_REVIEWED,0.3,noti_v0.2_generator,,PROJECT_OWNED,false,true,POLICY_REVIEWED,V02_TRAIN_295
V02_TRAIN_296,카카오톡,synthetic.kr.kakaotalk,주간 대화 요약 안내,주간 대화 요약 세부 내용을 확인해주세요.,0,summary,eligible_keep_0_1,CLEAR,informational_summary,msg,false,25,REVIEW,false,true,SYNTHETIC_REVIEWED,0.3,noti_v0.2_generator,,PROJECT_OWNED,false,true,POLICY_REVIEWED,V02_TRAIN_296
V02_TRAIN_297,카카오톡,synthetic.kr.kakaotalk,카카오톡,오픈채팅 일정 관련 내용이 내일 오전 10시에 업데이트됩니다.,0,optional_schedule,eligible_keep_schedule_1,CLEAR,optional_timed_content,reminder,false,25,REVIEW,false,true,SYNTHETIC_REVIEWED,0.3,noti_v0.2_generator,,PROJECT_OWNED,false,true,POLICY_REVIEWED,V02_TRAIN_297
V02_TRAIN_298,카카오톡,synthetic.kr.kakaotalk,오픈채팅 일정 안내,관심 등록한 오픈채팅 일정 소식이 이번 주 공개될 예정입니다.,0,optional_schedule,eligible_keep_schedule_2,CLEAR,optional_timed_content,reminder,false,25,REVIEW,false,true,SYNTHETIC_REVIEWED,0.3,noti_v0.2_generator,,PROJECT_OWNED,false,true,POLICY_REVIEWED,V02_TRAIN_298
V02_TRAIN_299,카카오톡,synthetic.kr.kakaotalk,카카오톡,메신저 이용 설문 참여 요청이 도착했습니다.,0,optional_survey,eligible_keep_2_0,CLEAR,optional_participation_request,msg,false,25,REVIEW,false,true,SYNTHETIC_REVIEWED,0.3,noti_v0.2_generator,,PROJECT_OWNED,false,true,POLICY_REVIEWED,V02_TRAIN_299
V02_TRAIN_300,카카오톡,synthetic.kr.kakaotalk,메신저 이용 설문 안내,메신저 이용 설문 관련 의견을 남겨주세요.,0,optional_survey,eligible_keep_2_1,CLEAR,optional_participation_request,msg,false,25,REVIEW,false,true,SYNTHETIC_REVIEWED,0.3,noti_v0.2_generator,,PROJECT_OWNED,false,true,POLICY_REVIEWED,V02_TRAIN_300
V02_TRAIN_301,카카오톡,synthetic.kr.kakaotalk,긴급 확인,송금 받기 문제로 오늘까지 처리가 필요합니다. 즉시 확인해주세요.,1,urgent_action,clear_important_0,CLEAR,urgent_and_action_required,alarm,false,45,IMPORTANT,false,false,SYNTHETIC_REVIEWED,0.3,noti_v0.2_generator,,PROJECT_OWNED,false,true,POLICY_REVIEWED,V02_TRAIN_301
V02_TRAIN_302,카카오톡,synthetic.kr.kakaotalk,보안 알림,새로운 기기에서 공유 계정 정보 변경이 감지되었습니다.,1,security_change,clear_important_1,CLEAR,explicit_security_change,msg,false,50,IMPORTANT,false,false,SYNTHETIC_REVIEWED,0.3,noti_v0.2_generator,,PROJECT_OWNED,false,true,POLICY_REVIEWED,V02_TRAIN_302
V02_TRAIN_303,카카오톡,synthetic.kr.kakaotalk,(광고) 오늘의 혜택,"이모티콘 할인 이벤트, 오늘만 확인하세요. 수신거부는 설정에서 가능합니다.",0,promotion,clear_general_0,CLEAR,explicit_promotion,promo,false,-15,GENERAL,false,false,SYNTHETIC_REVIEWED,0.3,noti_v0.2_generator,,PROJECT_OWNED,false,true,POLICY_REVIEWED,V02_TRAIN_303
V02_TRAIN_304,카카오톡,synthetic.kr.kakaotalk,업데이트 완료,주간 대화 요약 업데이트가 완료되었습니다. 별도 작업은 필요하지 않습니다.,0,passive_update,clear_general_1,CLEAR,no_action_status,status,false,-10,GENERAL,false,false,SYNTHETIC_REVIEWED,0.3,noti_v0.2_generator,,PROJECT_OWNED,false,true,POLICY_REVIEWED,V02_TRAIN_304
V02_TRAIN_305,SmartThings,synthetic.kr.smartthings,SmartThings,현관문 센서 처리가 정상적으로 완료되지 않았습니다.,1,exception,eligible_promote_0_0,CLEAR,concrete_failure_or_exception,msg,false,25,REVIEW,false,true,SYNTHETIC_REVIEWED,0.3,noti_v0.2_generator,,PROJECT_OWNED,false,true,POLICY_REVIEWED,V02_TRAIN_305
V02_TRAIN_306,SmartThings,synthetic.kr.smartthings,현관문 센서 안내,현관문 센서 처리 중 문제가 발생했습니다.,1,exception,eligible_promote_0_1,CLEAR,concrete_failure_or_exception,msg,false,25,REVIEW,false,true,SYNTHETIC_REVIEWED,0.3,noti_v0.2_generator,,PROJECT_OWNED,false,true,POLICY_REVIEWED,V02_TRAIN_306
V02_TRAIN_307,SmartThings,synthetic.kr.smartthings,SmartThings,보안 모드 일정: 기존 시간이 취소되고 새 시간이 등록되었습니다.,1,schedule_change,eligible_promote_schedule_3,CLEAR,meaningful_schedule_change,msg,false,30,REVIEW,false,true,SYNTHETIC_REVIEWED,0.3,noti_v0.2_generator,,PROJECT_OWNED,false,true,POLICY_REVIEWED,V02_TRAIN_307
V02_TRAIN_308,SmartThings,synthetic.kr.smartthings,보안 모드 일정 안내,보안 모드 일정: 예정보다 2시간 앞당겨졌습니다.,1,schedule_change,eligible_promote_schedule_4,CLEAR,meaningful_schedule_change,msg,false,30,REVIEW,false,true,SYNTHETIC_REVIEWED,0.3,noti_v0.2_generator,,PROJECT_OWNED,false,true,POLICY_REVIEWED,V02_TRAIN_308
V02_TRAIN_309,SmartThings,synthetic.kr.smartthings,SmartThings,확인이 필요합니다: 가족 구성원 권한,1,action_required,eligible_promote_2_0,CLEAR,concrete_user_confirmation,msg,false,25,REVIEW,false,true,SYNTHETIC_REVIEWED,0.3,noti_v0.2_generator,,PROJECT_OWNED,false,true,POLICY_REVIEWED,V02_TRAIN_309
V02_TRAIN_310,SmartThings,synthetic.kr.smartthings,가족 구성원 권한 안내,가족 구성원 권한 관련 확인이 필요합니다.,1,action_required,eligible_promote_2_1,CLEAR,concrete_user_confirmation,msg,false,25,REVIEW,false,true,SYNTHETIC_REVIEWED,0.3,noti_v0.2_generator,,PROJECT_OWNED,false,true,POLICY_REVIEWED,V02_TRAIN_310
V02_TRAIN_311,SmartThings,synthetic.kr.smartthings,SmartThings,주간 에너지 요약: 이번 주 요약이 도착했습니다.,0,summary,eligible_keep_0_0,CLEAR,informational_summary,msg,false,25,REVIEW,false,true,SYNTHETIC_REVIEWED,0.3,noti_v0.2_generator,,PROJECT_OWNED,false,true,POLICY_REVIEWED,V02_TRAIN_311
V02_TRAIN_312,SmartThings,synthetic.kr.smartthings,주간 에너지 요약 안내,주간 에너지 요약 세부 내용을 확인해주세요.,0,summary,eligible_keep_0_1,CLEAR,informational_summary,msg,false,25,REVIEW,false,true,SYNTHETIC_REVIEWED,0.3,noti_v0.2_generator,,PROJECT_OWNED,false,true,POLICY_REVIEWED,V02_TRAIN_312
V02_TRAIN_313,SmartThings,synthetic.kr.smartthings,SmartThings,자동화 실행 일정 공개 시간이 정해졌습니다.,0,optional_schedule,eligible_keep_schedule_3,CLEAR,optional_timed_content,reminder,false,25,REVIEW,false,true,SYNTHETIC_REVIEWED,0.3,noti_v0.2_generator,,PROJECT_OWNED,false,true,POLICY_REVIEWED,V02_TRAIN_313
V02_TRAIN_314,SmartThings,synthetic.kr.smartthings,자동화 실행 일정 안내,자동화 실행 일정 관련 알림이 곧 시작됩니다.,0,optional_schedule,eligible_keep_schedule_4,CLEAR,optional_timed_content,reminder,false,25,REVIEW,false,true,SYNTHETIC_REVIEWED,0.3,noti_v0.2_generator,,PROJECT_OWNED,false,true,POLICY_REVIEWED,V02_TRAIN_314
V02_TRAIN_315,SmartThings,synthetic.kr.smartthings,SmartThings,스마트홈 이용 설문 참여 요청이 도착했습니다.,0,optional_survey,eligible_keep_2_0,CLEAR,optional_participation_request,msg,false,25,REVIEW,false,true,SYNTHETIC_REVIEWED,0.3,noti_v0.2_generator,,PROJECT_OWNED,false,true,POLICY_REVIEWED,V02_TRAIN_315
V02_TRAIN_316,SmartThings,synthetic.kr.smartthings,스마트홈 이용 설문 안내,스마트홈 이용 설문 관련 의견을 남겨주세요.,0,optional_survey,eligible_keep_2_1,CLEAR,optional_participation_request,msg,false,25,REVIEW,false,true,SYNTHETIC_REVIEWED,0.3,noti_v0.2_generator,,PROJECT_OWNED,false,true,POLICY_REVIEWED,V02_TRAIN_316
V02_TRAIN_317,SmartThings,synthetic.kr.smartthings,긴급 확인,현관문 센서 문제로 오늘까지 처리가 필요합니다. 즉시 확인해주세요.,1,urgent_action,clear_important_0,CLEAR,urgent_and_action_required,alarm,false,45,IMPORTANT,false,false,SYNTHETIC_REVIEWED,0.3,noti_v0.2_generator,,PROJECT_OWNED,false,true,POLICY_REVIEWED,V02_TRAIN_317
V02_TRAIN_318,SmartThings,synthetic.kr.smartthings,보안 알림,새로운 기기에서 가족 구성원 권한 변경이 감지되었습니다.,1,security_change,clear_important_1,CLEAR,explicit_security_change,msg,false,50,IMPORTANT,false,false,SYNTHETIC_REVIEWED,0.3,noti_v0.2_generator,,PROJECT_OWNED,false,true,POLICY_REVIEWED,V02_TRAIN_318
V02_TRAIN_319,SmartThings,synthetic.kr.smartthings,(광고) 오늘의 혜택,"스마트 기기 제휴 할인, 오늘만 확인하세요. 수신거부는 설정에서 가능합니다.",0,promotion,clear_general_0,CLEAR,explicit_promotion,promo,false,-15,GENERAL,false,false,SYNTHETIC_REVIEWED,0.3,noti_v0.2_generator,,PROJECT_OWNED,false,true,POLICY_REVIEWED,V02_TRAIN_319
V02_TRAIN_320,SmartThings,synthetic.kr.smartthings,업데이트 완료,주간 에너지 요약 업데이트가 완료되었습니다. 별도 작업은 필요하지 않습니다.,0,passive_update,clear_general_1,CLEAR,no_action_status,status,false,-10,GENERAL,false,false,SYNTHETIC_REVIEWED,0.3,noti_v0.2_generator,,PROJECT_OWNED,false,true,POLICY_REVIEWED,V02_TRAIN_320
V03_REALISTIC_001,쿠팡,synthetic.brand.coupang,쿠팡,주문 상품 결제가 완료되지 않았어요. 결제 수단을 확인해주세요.,1,payment_failure,v03_commerce_payment_failure,CLEAR,concrete_failure_or_exception,msg,false,25,REVIEW,false,true,SYNTHETIC_REALISTIC_REVIEWED,0.3,brand_style_seed_written_for_noti,,PROJECT_OWNED,false,true,POLICY_REVIEWED,
V03_REALISTIC_002,쿠팡,synthetic.brand.coupang,배송지 확인이 필요해요,주문 상품의 주소 정보가 부족해 배송이 보류됐습니다.,1,address_action,v03_commerce_address_action,CLEAR,concrete_user_confirmation,msg,false,25,REVIEW,false,true,SYNTHETIC_REALISTIC_REVIEWED,0.3,brand_style_seed_written_for_noti,,PROJECT_OWNED,false,true,POLICY_REVIEWED,
V03_REALISTIC_003,쿠팡,synthetic.brand.coupang,주문 취소 안내,재고 부족으로 주문 상품이 취소되었습니다. 환불 상태를 확인해주세요.,1,order_cancelled,v03_commerce_order_cancelled,CLEAR,concrete_failure_or_exception,msg,false,25,REVIEW,false,true,SYNTHETIC_REALISTIC_REVIEWED,0.3,brand_style_seed_written_for_noti,,PROJECT_OWNED,false,true,POLICY_REVIEWED,
V03_REALISTIC_004,쿠팡,synthetic.brand.coupang,환불 처리 지연,주문 상품 환불이 예정일에 완료되지 않았습니다.,1,refund_exception,v03_commerce_refund_exception,CLEAR,concrete_failure_or_exception,msg,false,25,REVIEW,false,true,SYNTHETIC_REALISTIC_REVIEWED,0.3,brand_style_seed_written_for_noti,,PROJECT_OWNED,false,true,POLICY_REVIEWED,
V03_REALISTIC_005,쿠팡,synthetic.brand.coupang,장바구니에 상품이 남아 있어요,지금 주문하면 받을 수 있는 예상 날짜를 확인해보세요.,0,cart_reminder,v03_commerce_cart_reminder,CLEAR,optional_marketing_reminder,msg,false,25,REVIEW,false,true,SYNTHETIC_REALISTIC_REVIEWED,0.3,brand_style_seed_written_for_noti,,PROJECT_OWNED,false,true,POLICY_REVIEWED,
V03_REALISTIC_006,쿠팡,synthetic.brand.coupang,(광고) 오늘 도착한 혜택,"와우회원 전용 특가, 앱에서 확인해보세요. 수신거부는 설정에서 가능합니다.",0,promotion,v03_commerce_explicit_promotion,CLEAR,explicit_promotion,promo,false,25,REVIEW,false,true,SYNTHETIC_REALISTIC_REVIEWED,0.3,brand_style_seed_written_for_noti,,PROJECT_OWNED,false,true,POLICY_REVIEWED,
V03_REALISTIC_007,쿠팡,synthetic.brand.coupang,가격이 내려갔어요,관심 상품의 가격 변동 소식을 확인해보세요.,0,price_drop,v03_commerce_price_drop,CLEAR,optional_marketing_reminder,msg,false,25,REVIEW,false,true,SYNTHETIC_REALISTIC_REVIEWED,0.3,brand_style_seed_written_for_noti,,PROJECT_OWNED,false,true,POLICY_REVIEWED,
V03_REALISTIC_008,쿠팡,synthetic.brand.coupang,쿠팡,최근 본 상품과 비슷한 상품을 모아봤어요.,0,recommendation,v03_commerce_recommendation,CLEAR,personalized_recommendation,msg,false,25,REVIEW,false,true,SYNTHETIC_REALISTIC_REVIEWED,0.3,brand_style_seed_written_for_noti,,PROJECT_OWNED,false,true,POLICY_REVIEWED,
V03_REALISTIC_009,오늘의집,synthetic.brand.ohouse,오늘의집,가구 주문 결제가 완료되지 않았어요. 결제 수단을 확인해주세요.,1,payment_failure,v03_commerce_payment_failure,CLEAR,concrete_failure_or_exception,msg,false,25,REVIEW,false,true,SYNTHETIC_REALISTIC_REVIEWED,0.3,brand_style_seed_written_for_noti,,PROJECT_OWNED,false,true,POLICY_REVIEWED,
V03_REALISTIC_010,오늘의집,synthetic.brand.ohouse,배송지 확인이 필요해요,가구 주문의 주소 정보가 부족해 배송이 보류됐습니다.,1,address_action,v03_commerce_address_action,CLEAR,concrete_user_confirmation,msg,false,25,REVIEW,false,true,SYNTHETIC_REALISTIC_REVIEWED,0.3,brand_style_seed_written_for_noti,,PROJECT_OWNED,false,true,POLICY_REVIEWED,
V03_REALISTIC_011,오늘의집,synthetic.brand.ohouse,주문 취소 안내,재고 부족으로 가구 주문이 취소되었습니다. 환불 상태를 확인해주세요.,1,order_cancelled,v03_commerce_order_cancelled,CLEAR,concrete_failure_or_exception,msg,false,25,REVIEW,false,true,SYNTHETIC_REALISTIC_REVIEWED,0.3,brand_style_seed_written_for_noti,,PROJECT_OWNED,false,true,POLICY_REVIEWED,
V03_REALISTIC_012,오늘의집,synthetic.brand.ohouse,환불 처리 지연,가구 주문 환불이 예정일에 완료되지 않았습니다.,1,refund_exception,v03_commerce_refund_exception,CLEAR,concrete_failure_or_exception,msg,false,25,REVIEW,false,true,SYNTHETIC_REALISTIC_REVIEWED,0.3,brand_style_seed_written_for_noti,,PROJECT_OWNED,false,true,POLICY_REVIEWED,
V03_REALISTIC_013,오늘의집,synthetic.brand.ohouse,장바구니에 상품이 남아 있어요,지금 주문하면 받을 수 있는 예상 날짜를 확인해보세요.,0,cart_reminder,v03_commerce_cart_reminder,CLEAR,optional_marketing_reminder,msg,false,25,REVIEW,false,true,SYNTHETIC_REALISTIC_REVIEWED,0.3,brand_style_seed_written_for_noti,,PROJECT_OWNED,false,true,POLICY_REVIEWED,
V03_REALISTIC_014,오늘의집,synthetic.brand.ohouse,(광고) 오늘 도착한 혜택,"인기 가구 할인, 앱에서 확인해보세요. 수신거부는 설정에서 가능합니다.",0,promotion,v03_commerce_explicit_promotion,CLEAR,explicit_promotion,promo,false,25,REVIEW,false,true,SYNTHETIC_REALISTIC_REVIEWED,0.3,brand_style_seed_written_for_noti,,PROJECT_OWNED,false,true,POLICY_REVIEWED,
V03_REALISTIC_015,오늘의집,synthetic.brand.ohouse,가격이 내려갔어요,관심 상품의 가격 변동 소식을 확인해보세요.,0,price_drop,v03_commerce_price_drop,CLEAR,optional_marketing_reminder,msg,false,25,REVIEW,false,true,SYNTHETIC_REALISTIC_REVIEWED,0.3,brand_style_seed_written_for_noti,,PROJECT_OWNED,false,true,POLICY_REVIEWED,
V03_REALISTIC_016,오늘의집,synthetic.brand.ohouse,오늘의집,최근 본 상품과 비슷한 상품을 모아봤어요.,0,recommendation,v03_commerce_recommendation,CLEAR,personalized_recommendation,msg,false,25,REVIEW,false,true,SYNTHETIC_REALISTIC_REVIEWED,0.3,brand_style_seed_written_for_noti,,PROJECT_OWNED,false,true,POLICY_REVIEWED,
V03_REALISTIC_017,네이버 쇼핑,synthetic.brand.naver_shopping,네이버 쇼핑,쇼핑 주문 결제가 완료되지 않았어요. 결제 수단을 확인해주세요.,1,payment_failure,v03_commerce_payment_failure,CLEAR,concrete_failure_or_exception,msg,false,25,REVIEW,false,true,SYNTHETIC_REALISTIC_REVIEWED,0.3,brand_style_seed_written_for_noti,,PROJECT_OWNED,false,true,POLICY_REVIEWED,
V03_REALISTIC_018,네이버 쇼핑,synthetic.brand.naver_shopping,배송지 확인이 필요해요,쇼핑 주문의 주소 정보가 부족해 배송이 보류됐습니다.,1,address_action,v03_commerce_address_action,CLEAR,concrete_user_confirmation,msg,false,25,REVIEW,false,true,SYNTHETIC_REALISTIC_REVIEWED,0.3,brand_style_seed_written_for_noti,,PROJECT_OWNED,false,true,POLICY_REVIEWED,
V03_REALISTIC_019,네이버 쇼핑,synthetic.brand.naver_shopping,주문 취소 안내,재고 부족으로 쇼핑 주문이 취소되었습니다. 환불 상태를 확인해주세요.,1,order_cancelled,v03_commerce_order_cancelled,CLEAR,concrete_failure_or_exception,msg,false,25,REVIEW,false,true,SYNTHETIC_REALISTIC_REVIEWED,0.3,brand_style_seed_written_for_noti,,PROJECT_OWNED,false,true,POLICY_REVIEWED,
V03_REALISTIC_020,네이버 쇼핑,synthetic.brand.naver_shopping,환불 처리 지연,쇼핑 주문 환불이 예정일에 완료되지 않았습니다.,1,refund_exception,v03_commerce_refund_exception,CLEAR,concrete_failure_or_exception,msg,false,25,REVIEW,false,true,SYNTHETIC_REALISTIC_REVIEWED,0.3,brand_style_seed_written_for_noti,,PROJECT_OWNED,false,true,POLICY_REVIEWED,
V03_REALISTIC_021,네이버 쇼핑,synthetic.brand.naver_shopping,장바구니에 상품이 남아 있어요,지금 주문하면 받을 수 있는 예상 날짜를 확인해보세요.,0,cart_reminder,v03_commerce_cart_reminder,CLEAR,optional_marketing_reminder,msg,false,25,REVIEW,false,true,SYNTHETIC_REALISTIC_REVIEWED,0.3,brand_style_seed_written_for_noti,,PROJECT_OWNED,false,true,POLICY_REVIEWED,
V03_REALISTIC_022,네이버 쇼핑,synthetic.brand.naver_shopping,(광고) 오늘 도착한 혜택,"네이버페이 추가 적립, 앱에서 확인해보세요. 수신거부는 설정에서 가능합니다.",0,promotion,v03_commerce_explicit_promotion,CLEAR,explicit_promotion,promo,false,25,REVIEW,false,true,SYNTHETIC_REALISTIC_REVIEWED,0.3,brand_style_seed_written_for_noti,,PROJECT_OWNED,false,true,POLICY_REVIEWED,
V03_REALISTIC_023,네이버 쇼핑,synthetic.brand.naver_shopping,가격이 내려갔어요,관심 상품의 가격 변동 소식을 확인해보세요.,0,price_drop,v03_commerce_price_drop,CLEAR,optional_marketing_reminder,msg,false,25,REVIEW,false,true,SYNTHETIC_REALISTIC_REVIEWED,0.3,brand_style_seed_written_for_noti,,PROJECT_OWNED,false,true,POLICY_REVIEWED,
V03_REALISTIC_024,네이버 쇼핑,synthetic.brand.naver_shopping,네이버 쇼핑,최근 본 상품과 비슷한 상품을 모아봤어요.,0,recommendation,v03_commerce_recommendation,CLEAR,personalized_recommendation,msg,false,25,REVIEW,false,true,SYNTHETIC_REALISTIC_REVIEWED,0.3,brand_style_seed_written_for_noti,,PROJECT_OWNED,false,true,POLICY_REVIEWED,
V03_REALISTIC_025,무신사,synthetic.brand.musinsa,무신사,패션 상품 결제가 완료되지 않았어요. 결제 수단을 확인해주세요.,1,payment_failure,v03_commerce_payment_failure,CLEAR,concrete_failure_or_exception,msg,false,25,REVIEW,false,true,SYNTHETIC_REALISTIC_REVIEWED,0.3,brand_style_seed_written_for_noti,,PROJECT_OWNED,false,true,POLICY_REVIEWED,
V03_REALISTIC_026,무신사,synthetic.brand.musinsa,배송지 확인이 필요해요,패션 상품의 주소 정보가 부족해 배송이 보류됐습니다.,1,address_action,v03_commerce_address_action,CLEAR,concrete_user_confirmation,msg,false,25,REVIEW,false,true,SYNTHETIC_REALISTIC_REVIEWED,0.3,brand_style_seed_written_for_noti,,PROJECT_OWNED,false,true,POLICY_REVIEWED,
V03_REALISTIC_027,무신사,synthetic.brand.musinsa,주문 취소 안내,재고 부족으로 패션 상품이 취소되었습니다. 환불 상태를 확인해주세요.,1,order_cancelled,v03_commerce_order_cancelled,CLEAR,concrete_failure_or_exception,msg,false,25,REVIEW,false,true,SYNTHETIC_REALISTIC_REVIEWED,0.3,brand_style_seed_written_for_noti,,PROJECT_OWNED,false,true,POLICY_REVIEWED,
V03_REALISTIC_028,무신사,synthetic.brand.musinsa,환불 처리 지연,패션 상품 환불이 예정일에 완료되지 않았습니다.,1,refund_exception,v03_commerce_refund_exception,CLEAR,concrete_failure_or_exception,msg,false,25,REVIEW,false,true,SYNTHETIC_REALISTIC_REVIEWED,0.3,brand_style_seed_written_for_noti,,PROJECT_OWNED,false,true,POLICY_REVIEWED,
V03_REALISTIC_029,무신사,synthetic.brand.musinsa,장바구니에 상품이 남아 있어요,지금 주문하면 받을 수 있는 예상 날짜를 확인해보세요.,0,cart_reminder,v03_commerce_cart_reminder,CLEAR,optional_marketing_reminder,msg,false,25,REVIEW,false,true,SYNTHETIC_REALISTIC_REVIEWED,0.3,brand_style_seed_written_for_noti,,PROJECT_OWNED,false,true,POLICY_REVIEWED,
V03_REALISTIC_030,무신사,synthetic.brand.musinsa,(광고) 오늘 도착한 혜택,"회원 전용 브랜드 할인, 앱에서 확인해보세요. 수신거부는 설정에서 가능합니다.",0,promotion,v03_commerce_explicit_promotion,CLEAR,explicit_promotion,promo,false,25,REVIEW,false,true,SYNTHETIC_REALISTIC_REVIEWED,0.3,brand_style_seed_written_for_noti,,PROJECT_OWNED,false,true,POLICY_REVIEWED,
V03_REALISTIC_031,무신사,synthetic.brand.musinsa,가격이 내려갔어요,관심 상품의 가격 변동 소식을 확인해보세요.,0,price_drop,v03_commerce_price_drop,CLEAR,optional_marketing_reminder,msg,false,25,REVIEW,false,true,SYNTHETIC_REALISTIC_REVIEWED,0.3,brand_style_seed_written_for_noti,,PROJECT_OWNED,false,true,POLICY_REVIEWED,
V03_REALISTIC_032,무신사,synthetic.brand.musinsa,무신사,최근 본 상품과 비슷한 상품을 모아봤어요.,0,recommendation,v03_commerce_recommendation,CLEAR,personalized_recommendation,msg,false,25,REVIEW,false,true,SYNTHETIC_REALISTIC_REVIEWED,0.3,brand_style_seed_written_for_noti,,PROJECT_OWNED,false,true,POLICY_REVIEWED,
V03_REALISTIC_033,지그재그,synthetic.brand.zigzag,지그재그,스토어 주문 결제가 완료되지 않았어요. 결제 수단을 확인해주세요.,1,payment_failure,v03_commerce_payment_failure,CLEAR,concrete_failure_or_exception,msg,false,25,REVIEW,false,true,SYNTHETIC_REALISTIC_REVIEWED,0.3,brand_style_seed_written_for_noti,,PROJECT_OWNED,false,true,POLICY_REVIEWED,
V03_REALISTIC_034,지그재그,synthetic.brand.zigzag,배송지 확인이 필요해요,스토어 주문의 주소 정보가 부족해 배송이 보류됐습니다.,1,address_action,v03_commerce_address_action,CLEAR,concrete_user_confirmation,msg,false,25,REVIEW,false,true,SYNTHETIC_REALISTIC_REVIEWED,0.3,brand_style_seed_written_for_noti,,PROJECT_OWNED,false,true,POLICY_REVIEWED,
V03_REALISTIC_035,지그재그,synthetic.brand.zigzag,주문 취소 안내,재고 부족으로 스토어 주문이 취소되었습니다. 환불 상태를 확인해주세요.,1,order_cancelled,v03_commerce_order_cancelled,CLEAR,concrete_failure_or_exception,msg,false,25,REVIEW,false,true,SYNTHETIC_REALISTIC_REVIEWED,0.3,brand_style_seed_written_for_noti,,PROJECT_OWNED,false,true,POLICY_REVIEWED,
V03_REALISTIC_036,지그재그,synthetic.brand.zigzag,환불 처리 지연,스토어 주문 환불이 예정일에 완료되지 않았습니다.,1,refund_exception,v03_commerce_refund_exception,CLEAR,concrete_failure_or_exception,msg,false,25,REVIEW,false,true,SYNTHETIC_REALISTIC_REVIEWED,0.3,brand_style_seed_written_for_noti,,PROJECT_OWNED,false,true,POLICY_REVIEWED,
V03_REALISTIC_037,지그재그,synthetic.brand.zigzag,장바구니에 상품이 남아 있어요,지금 주문하면 받을 수 있는 예상 날짜를 확인해보세요.,0,cart_reminder,v03_commerce_cart_reminder,CLEAR,optional_marketing_reminder,msg,false,25,REVIEW,false,true,SYNTHETIC_REALISTIC_REVIEWED,0.3,brand_style_seed_written_for_noti,,PROJECT_OWNED,false,true,POLICY_REVIEWED,
V03_REALISTIC_038,지그재그,synthetic.brand.zigzag,(광고) 오늘 도착한 혜택,"오늘만 추가 할인, 앱에서 확인해보세요. 수신거부는 설정에서 가능합니다.",0,promotion,v03_commerce_explicit_promotion,CLEAR,explicit_promotion,promo,false,25,REVIEW,false,true,SYNTHETIC_REALISTIC_REVIEWED,0.3,brand_style_seed_written_for_noti,,PROJECT_OWNED,false,true,POLICY_REVIEWED,
V03_REALISTIC_039,지그재그,synthetic.brand.zigzag,가격이 내려갔어요,관심 상품의 가격 변동 소식을 확인해보세요.,0,price_drop,v03_commerce_price_drop,CLEAR,optional_marketing_reminder,msg,false,25,REVIEW,false,true,SYNTHETIC_REALISTIC_REVIEWED,0.3,brand_style_seed_written_for_noti,,PROJECT_OWNED,false,true,POLICY_REVIEWED,
V03_REALISTIC_040,지그재그,synthetic.brand.zigzag,지그재그,최근 본 상품과 비슷한 상품을 모아봤어요.,0,recommendation,v03_commerce_recommendation,CLEAR,personalized_recommendation,msg,false,25,REVIEW,false,true,SYNTHETIC_REALISTIC_REVIEWED,0.3,brand_style_seed_written_for_noti,,PROJECT_OWNED,false,true,POLICY_REVIEWED,
V03_REALISTIC_041,에이블리,synthetic.brand.ably,에이블리,마켓 주문 결제가 완료되지 않았어요. 결제 수단을 확인해주세요.,1,payment_failure,v03_commerce_payment_failure,CLEAR,concrete_failure_or_exception,msg,false,25,REVIEW,false,true,SYNTHETIC_REALISTIC_REVIEWED,0.3,brand_style_seed_written_for_noti,,PROJECT_OWNED,false,true,POLICY_REVIEWED,
V03_REALISTIC_042,에이블리,synthetic.brand.ably,배송지 확인이 필요해요,마켓 주문의 주소 정보가 부족해 배송이 보류됐습니다.,1,address_action,v03_commerce_address_action,CLEAR,concrete_user_confirmation,msg,false,25,REVIEW,false,true,SYNTHETIC_REALISTIC_REVIEWED,0.3,brand_style_seed_written_for_noti,,PROJECT_OWNED,false,true,POLICY_REVIEWED,
V03_REALISTIC_043,에이블리,synthetic.brand.ably,주문 취소 안내,재고 부족으로 마켓 주문이 취소되었습니다. 환불 상태를 확인해주세요.,1,order_cancelled,v03_commerce_order_cancelled,CLEAR,concrete_failure_or_exception,msg,false,25,REVIEW,false,true,SYNTHETIC_REALISTIC_REVIEWED,0.3,brand_style_seed_written_for_noti,,PROJECT_OWNED,false,true,POLICY_REVIEWED,
V03_REALISTIC_044,에이블리,synthetic.brand.ably,환불 처리 지연,마켓 주문 환불이 예정일에 완료되지 않았습니다.,1,refund_exception,v03_commerce_refund_exception,CLEAR,concrete_failure_or_exception,msg,false,25,REVIEW,false,true,SYNTHETIC_REALISTIC_REVIEWED,0.3,brand_style_seed_written_for_noti,,PROJECT_OWNED,false,true,POLICY_REVIEWED,
V03_REALISTIC_045,에이블리,synthetic.brand.ably,장바구니에 상품이 남아 있어요,지금 주문하면 받을 수 있는 예상 날짜를 확인해보세요.,0,cart_reminder,v03_commerce_cart_reminder,CLEAR,optional_marketing_reminder,msg,false,25,REVIEW,false,true,SYNTHETIC_REALISTIC_REVIEWED,0.3,brand_style_seed_written_for_noti,,PROJECT_OWNED,false,true,POLICY_REVIEWED,
V03_REALISTIC_046,에이블리,synthetic.brand.ably,(광고) 오늘 도착한 혜택,"찜한 상품 쿠폰, 앱에서 확인해보세요. 수신거부는 설정에서 가능합니다.",0,promotion,v03_commerce_explicit_promotion,CLEAR,explicit_promotion,promo,false,25,REVIEW,false,true,SYNTHETIC_REALISTIC_REVIEWED,0.3,brand_style_seed_written_for_noti,,PROJECT_OWNED,false,true,POLICY_REVIEWED,
V03_REALISTIC_047,에이블리,synthetic.brand.ably,가격이 내려갔어요,관심 상품의 가격 변동 소식을 확인해보세요.,0,price_drop,v03_commerce_price_drop,CLEAR,optional_marketing_reminder,msg,false,25,REVIEW,false,true,SYNTHETIC_REALISTIC_REVIEWED,0.3,brand_style_seed_written_for_noti,,PROJECT_OWNED,false,true,POLICY_REVIEWED,
V03_REALISTIC_048,에이블리,synthetic.brand.ably,에이블리,최근 본 상품과 비슷한 상품을 모아봤어요.,0,recommendation,v03_commerce_recommendation,CLEAR,personalized_recommendation,msg,false,25,REVIEW,false,true,SYNTHETIC_REALISTIC_REVIEWED,0.3,brand_style_seed_written_for_noti,,PROJECT_OWNED,false,true,POLICY_REVIEWED,
V03_REALISTIC_049,올리브영,synthetic.brand.oliveyoung,올리브영,뷰티 상품 결제가 완료되지 않았어요. 결제 수단을 확인해주세요.,1,payment_failure,v03_commerce_payment_failure,CLEAR,concrete_failure_or_exception,msg,false,25,REVIEW,false,true,SYNTHETIC_REALISTIC_REVIEWED,0.3,brand_style_seed_written_for_noti,,PROJECT_OWNED,false,true,POLICY_REVIEWED,
V03_REALISTIC_050,올리브영,synthetic.brand.oliveyoung,배송지 확인이 필요해요,뷰티 상품의 주소 정보가 부족해 배송이 보류됐습니다.,1,address_action,v03_commerce_address_action,CLEAR,concrete_user_confirmation,msg,false,25,REVIEW,false,true,SYNTHETIC_REALISTIC_REVIEWED,0.3,brand_style_seed_written_for_noti,,PROJECT_OWNED,false,true,POLICY_REVIEWED,
V03_REALISTIC_051,올리브영,synthetic.brand.oliveyoung,주문 취소 안내,재고 부족으로 뷰티 상품이 취소되었습니다. 환불 상태를 확인해주세요.,1,order_cancelled,v03_commerce_order_cancelled,CLEAR,concrete_failure_or_exception,msg,false,25,REVIEW,false,true,SYNTHETIC_REALISTIC_REVIEWED,0.3,brand_style_seed_written_for_noti,,PROJECT_OWNED,false,true,POLICY_REVIEWED,
V03_REALISTIC_052,올리브영,synthetic.brand.oliveyoung,환불 처리 지연,뷰티 상품 환불이 예정일에 완료되지 않았습니다.,1,refund_exception,v03_commerce_refund_exception,CLEAR,concrete_failure_or_exception,msg,false,25,REVIEW,false,true,SYNTHETIC_REALISTIC_REVIEWED,0.3,brand_style_seed_written_for_noti,,PROJECT_OWNED,false,true,POLICY_REVIEWED,
V03_REALISTIC_053,올리브영,synthetic.brand.oliveyoung,장바구니에 상품이 남아 있어요,지금 주문하면 받을 수 있는 예상 날짜를 확인해보세요.,0,cart_reminder,v03_commerce_cart_reminder,CLEAR,optional_marketing_reminder,msg,false,25,REVIEW,false,true,SYNTHETIC_REALISTIC_REVIEWED,0.3,brand_style_seed_written_for_noti,,PROJECT_OWNED,false,true,POLICY_REVIEWED,
V03_REALISTIC_054,올리브영,synthetic.brand.oliveyoung,(광고) 오늘 도착한 혜택,"멤버십 데이 특가, 앱에서 확인해보세요. 수신거부는 설정에서 가능합니다.",0,promotion,v03_commerce_explicit_promotion,CLEAR,explicit_promotion,promo,false,25,REVIEW,false,true,SYNTHETIC_REALISTIC_REVIEWED,0.3,brand_style_seed_written_for_noti,,PROJECT_OWNED,false,true,POLICY_REVIEWED,
V03_REALISTIC_055,올리브영,synthetic.brand.oliveyoung,가격이 내려갔어요,관심 상품의 가격 변동 소식을 확인해보세요.,0,price_drop,v03_commerce_price_drop,CLEAR,optional_marketing_reminder,msg,false,25,REVIEW,false,true,SYNTHETIC_REALISTIC_REVIEWED,0.3,brand_style_seed_written_for_noti,,PROJECT_OWNED,false,true,POLICY_REVIEWED,
V03_REALISTIC_056,올리브영,synthetic.brand.oliveyoung,올리브영,최근 본 상품과 비슷한 상품을 모아봤어요.,0,recommendation,v03_commerce_recommendation,CLEAR,personalized_recommendation,msg,false,25,REVIEW,false,true,SYNTHETIC_REALISTIC_REVIEWED,0.3,brand_style_seed_written_for_noti,,PROJECT_OWNED,false,true,POLICY_REVIEWED,
V03_REALISTIC_057,11번가,synthetic.brand.elevenst,11번가,온라인 주문 결제가 완료되지 않았어요. 결제 수단을 확인해주세요.,1,payment_failure,v03_commerce_payment_failure,CLEAR,concrete_failure_or_exception,msg,false,25,REVIEW,false,true,SYNTHETIC_REALISTIC_REVIEWED,0.3,brand_style_seed_written_for_noti,,PROJECT_OWNED,false,true,POLICY_REVIEWED,
V03_REALISTIC_058,11번가,synthetic.brand.elevenst,배송지 확인이 필요해요,온라인 주문의 주소 정보가 부족해 배송이 보류됐습니다.,1,address_action,v03_commerce_address_action,CLEAR,concrete_user_confirmation,msg,false,25,REVIEW,false,true,SYNTHETIC_REALISTIC_REVIEWED,0.3,brand_style_seed_written_for_noti,,PROJECT_OWNED,false,true,POLICY_REVIEWED,
V03_REALISTIC_059,11번가,synthetic.brand.elevenst,주문 취소 안내,재고 부족으로 온라인 주문이 취소되었습니다. 환불 상태를 확인해주세요.,1,order_cancelled,v03_commerce_order_cancelled,CLEAR,concrete_failure_or_exception,msg,false,25,REVIEW,false,true,SYNTHETIC_REALISTIC_REVIEWED,0.3,brand_style_seed_written_for_noti,,PROJECT_OWNED,false,true,POLICY_REVIEWED,
V03_REALISTIC_060,11번가,synthetic.brand.elevenst,환불 처리 지연,온라인 주문 환불이 예정일에 완료되지 않았습니다.,1,refund_exception,v03_commerce_refund_exception,CLEAR,concrete_failure_or_exception,msg,false,25,REVIEW,false,true,SYNTHETIC_REALISTIC_REVIEWED,0.3,brand_style_seed_written_for_noti,,PROJECT_OWNED,false,true,POLICY_REVIEWED,
V03_REALISTIC_061,11번가,synthetic.brand.elevenst,장바구니에 상품이 남아 있어요,지금 주문하면 받을 수 있는 예상 날짜를 확인해보세요.,0,cart_reminder,v03_commerce_cart_reminder,CLEAR,optional_marketing_reminder,msg,false,25,REVIEW,false,true,SYNTHETIC_REALISTIC_REVIEWED,0.3,brand_style_seed_written_for_noti,,PROJECT_OWNED,false,true,POLICY_REVIEWED,
V03_REALISTIC_062,11번가,synthetic.brand.elevenst,(광고) 오늘 도착한 혜택,"타임딜 할인, 앱에서 확인해보세요. 수신거부는 설정에서 가능합니다.",0,promotion,v03_commerce_explicit_promotion,CLEAR,explicit_promotion,promo,false,25,REVIEW,false,true,SYNTHETIC_REALISTIC_REVIEWED,0.3,brand_style_seed_written_for_noti,,PROJECT_OWNED,false,true,POLICY_REVIEWED,
V03_REALISTIC_063,11번가,synthetic.brand.elevenst,가격이 내려갔어요,관심 상품의 가격 변동 소식을 확인해보세요.,0,price_drop,v03_commerce_price_drop,CLEAR,optional_marketing_reminder,msg,false,25,REVIEW,false,true,SYNTHETIC_REALISTIC_REVIEWED,0.3,brand_style_seed_written_for_noti,,PROJECT_OWNED,false,true,POLICY_REVIEWED,
V03_REALISTIC_064,11번가,synthetic.brand.elevenst,11번가,최근 본 상품과 비슷한 상품을 모아봤어요.,0,recommendation,v03_commerce_recommendation,CLEAR,personalized_recommendation,msg,false,25,REVIEW,false,true,SYNTHETIC_REALISTIC_REVIEWED,0.3,brand_style_seed_written_for_noti,,PROJECT_OWNED,false,true,POLICY_REVIEWED,
V03_REALISTIC_065,G마켓,synthetic.brand.gmarket,G마켓,배송 상품 결제가 완료되지 않았어요. 결제 수단을 확인해주세요.,1,payment_failure,v03_commerce_payment_failure,CLEAR,concrete_failure_or_exception,msg,false,25,REVIEW,false,true,SYNTHETIC_REALISTIC_REVIEWED,0.3,brand_style_seed_written_for_noti,,PROJECT_OWNED,false,true,POLICY_REVIEWED,
V03_REALISTIC_066,G마켓,synthetic.brand.gmarket,배송지 확인이 필요해요,배송 상품의 주소 정보가 부족해 배송이 보류됐습니다.,1,address_action,v03_commerce_address_action,CLEAR,concrete_user_confirmation,msg,false,25,REVIEW,false,true,SYNTHETIC_REALISTIC_REVIEWED,0.3,brand_style_seed_written_for_noti,,PROJECT_OWNED,false,true,POLICY_REVIEWED,
V03_REALISTIC_067,G마켓,synthetic.brand.gmarket,주문 취소 안내,재고 부족으로 배송 상품이 취소되었습니다. 환불 상태를 확인해주세요.,1,order_cancelled,v03_commerce_order_cancelled,CLEAR,concrete_failure_or_exception,msg,false,25,REVIEW,false,true,SYNTHETIC_REALISTIC_REVIEWED,0.3,brand_style_seed_written_for_noti,,PROJECT_OWNED,false,true,POLICY_REVIEWED,
V03_REALISTIC_068,G마켓,synthetic.brand.gmarket,환불 처리 지연,배송 상품 환불이 예정일에 완료되지 않았습니다.,1,refund_exception,v03_commerce_refund_exception,CLEAR,concrete_failure_or_exception,msg,false,25,REVIEW,false,true,SYNTHETIC_REALISTIC_REVIEWED,0.3,brand_style_seed_written_for_noti,,PROJECT_OWNED,false,true,POLICY_REVIEWED,
V03_REALISTIC_069,G마켓,synthetic.brand.gmarket,장바구니에 상품이 남아 있어요,지금 주문하면 받을 수 있는 예상 날짜를 확인해보세요.,0,cart_reminder,v03_commerce_cart_reminder,CLEAR,optional_marketing_reminder,msg,false,25,REVIEW,false,true,SYNTHETIC_REALISTIC_REVIEWED,0.3,brand_style_seed_written_for_noti,,PROJECT_OWNED,false,true,POLICY_REVIEWED,
V03_REALISTIC_070,G마켓,synthetic.brand.gmarket,(광고) 오늘 도착한 혜택,"스마일클럽 쿠폰, 앱에서 확인해보세요. 수신거부는 설정에서 가능합니다.",0,promotion,v03_commerce_explicit_promotion,CLEAR,explicit_promotion,promo,false,25,REVIEW,false,true,SYNTHETIC_REALISTIC_REVIEWED,0.3,brand_style_seed_written_for_noti,,PROJECT_OWNED,false,true,POLICY_REVIEWED,
V03_REALISTIC_071,G마켓,synthetic.brand.gmarket,가격이 내려갔어요,관심 상품의 가격 변동 소식을 확인해보세요.,0,price_drop,v03_commerce_price_drop,CLEAR,optional_marketing_reminder,msg,false,25,REVIEW,false,true,SYNTHETIC_REALISTIC_REVIEWED,0.3,brand_style_seed_written_for_noti,,PROJECT_OWNED,false,true,POLICY_REVIEWED,
V03_REALISTIC_072,G마켓,synthetic.brand.gmarket,G마켓,최근 본 상품과 비슷한 상품을 모아봤어요.,0,recommendation,v03_commerce_recommendation,CLEAR,personalized_recommendation,msg,false,25,REVIEW,false,true,SYNTHETIC_REALISTIC_REVIEWED,0.3,brand_style_seed_written_for_noti,,PROJECT_OWNED,false,true,POLICY_REVIEWED,
V03_REALISTIC_073,신한 SOL페이,synthetic.brand.shinhan_solpay,승인 거절,신한카드 결제가 승인되지 않았습니다. 이용 상태를 확인해주세요.,1,card_declined,v03_card_card_declined,CLEAR,concrete_failure_or_exception,msg,false,25,REVIEW,false,true,SYNTHETIC_REALISTIC_REVIEWED,0.3,brand_style_seed_written_for_noti,,PROJECT_OWNED,false,true,POLICY_REVIEWED,
V03_REALISTIC_074,신한 SOL페이,synthetic.brand.shinhan_solpay,신한 SOL페이,평소와 다른 해외 결제가 감지되었습니다. 본인 결제인지 확인해주세요.,1,suspicious_payment,v03_card_suspicious_payment,CLEAR,concrete_user_confirmation,msg,false,25,REVIEW,false,true,SYNTHETIC_REALISTIC_REVIEWED,0.3,brand_style_seed_written_for_noti,,PROJECT_OWNED,false,true,POLICY_REVIEWED,
V03_REALISTIC_075,신한 SOL페이,synthetic.brand.shinhan_solpay,자동납부 실패,신한카드 자동납부가 처리되지 않았습니다.,1,autopay_failure,v03_card_autopay_failure,CLEAR,concrete_failure_or_exception,msg,false,25,REVIEW,false,true,SYNTHETIC_REALISTIC_REVIEWED,0.3,brand_style_seed_written_for_noti,,PROJECT_OWNED,false,true,POLICY_REVIEWED,
V03_REALISTIC_076,신한 SOL페이,synthetic.brand.shinhan_solpay,카드 배송지 확인,재발급 카드 배송을 위해 주소 확인이 필요합니다.,1,address_action,v03_card_card_address_action,CLEAR,concrete_user_confirmation,msg,false,25,REVIEW,false,true,SYNTHETIC_REALISTIC_REVIEWED,0.3,brand_style_seed_written_for_noti,,PROJECT_OWNED,false,true,POLICY_REVIEWED,
V03_REALISTIC_077,신한 SOL페이,synthetic.brand.shinhan_solpay,(광고) 이번 달 카드 혜택,이번 달 맞춤 혜택을 확인해보세요. 수신거부는 설정에서 가능합니다.,0,promotion,v03_card_card_promotion,CLEAR,explicit_promotion,promo,false,25,REVIEW,false,true,SYNTHETIC_REALISTIC_REVIEWED,0.3,brand_style_seed_written_for_noti,,PROJECT_OWNED,false,true,POLICY_REVIEWED,
V03_REALISTIC_078,신한 SOL페이,synthetic.brand.shinhan_solpay,소비 리포트가 도착했어요,지난달 이용 내역을 카테고리별로 확인해보세요.,0,summary,v03_card_card_summary,CLEAR,informational_summary,msg,false,25,REVIEW,false,true,SYNTHETIC_REALISTIC_REVIEWED,0.3,brand_style_seed_written_for_noti,,PROJECT_OWNED,false,true,POLICY_REVIEWED,
V03_REALISTIC_079,신한 SOL페이,synthetic.brand.shinhan_solpay,포인트 사용처 추천,보유 포인트로 이용할 수 있는 혜택을 모아봤어요.,0,recommendation,v03_card_point_recommendation,CLEAR,personalized_recommendation,msg,false,25,REVIEW,false,true,SYNTHETIC_REALISTIC_REVIEWED,0.3,brand_style_seed_written_for_noti,,PROJECT_OWNED,false,true,POLICY_REVIEWED,
V03_REALISTIC_080,신한 SOL페이,synthetic.brand.shinhan_solpay,신한 SOL페이,이번 주 인기 이벤트에 참여해보세요.,0,optional_event,v03_card_card_event,CLEAR,optional_participation_request,msg,false,25,REVIEW,false,true,SYNTHETIC_REALISTIC_REVIEWED,0.3,brand_style_seed_written_for_noti,,PROJECT_OWNED,false,true,POLICY_REVIEWED,
V03_REALISTIC_081,KB Pay,synthetic.brand.kbpay,승인 거절,KB국민카드 결제가 승인되지 않았습니다. 이용 상태를 확인해주세요.,1,card_declined,v03_card_card_declined,CLEAR,concrete_failure_or_exception,msg,false,25,REVIEW,false,true,SYNTHETIC_REALISTIC_REVIEWED,0.3,brand_style_seed_written_for_noti,,PROJECT_OWNED,false,true,POLICY_REVIEWED,
V03_REALISTIC_082,KB Pay,synthetic.brand.kbpay,KB Pay,평소와 다른 해외 결제가 감지되었습니다. 본인 결제인지 확인해주세요.,1,suspicious_payment,v03_card_suspicious_payment,CLEAR,concrete_user_confirmation,msg,false,25,REVIEW,false,true,SYNTHETIC_REALISTIC_REVIEWED,0.3,brand_style_seed_written_for_noti,,PROJECT_OWNED,false,true,POLICY_REVIEWED,
V03_REALISTIC_083,KB Pay,synthetic.brand.kbpay,자동납부 실패,KB국민카드 자동납부가 처리되지 않았습니다.,1,autopay_failure,v03_card_autopay_failure,CLEAR,concrete_failure_or_exception,msg,false,25,REVIEW,false,true,SYNTHETIC_REALISTIC_REVIEWED,0.3,brand_style_seed_written_for_noti,,PROJECT_OWNED,false,true,POLICY_REVIEWED,
V03_REALISTIC_084,KB Pay,synthetic.brand.kbpay,카드 배송지 확인,재발급 카드 배송을 위해 주소 확인이 필요합니다.,1,address_action,v03_card_card_address_action,CLEAR,concrete_user_confirmation,msg,false,25,REVIEW,false,true,SYNTHETIC_REALISTIC_REVIEWED,0.3,brand_style_seed_written_for_noti,,PROJECT_OWNED,false,true,POLICY_REVIEWED,
V03_REALISTIC_085,KB Pay,synthetic.brand.kbpay,(광고) 이번 달 카드 혜택,생활비 할인 혜택을 확인해보세요. 수신거부는 설정에서 가능합니다.,0,promotion,v03_card_card_promotion,CLEAR,explicit_promotion,promo,false,25,REVIEW,false,true,SYNTHETIC_REALISTIC_REVIEWED,0.3,brand_style_seed_written_for_noti,,PROJECT_OWNED,false,true,POLICY_REVIEWED,
V03_REALISTIC_086,KB Pay,synthetic.brand.kbpay,소비 리포트가 도착했어요,지난달 이용 내역을 카테고리별로 확인해보세요.,0,summary,v03_card_card_summary,CLEAR,informational_summary,msg,false,25,REVIEW,false,true,SYNTHETIC_REALISTIC_REVIEWED,0.3,brand_style_seed_written_for_noti,,PROJECT_OWNED,false,true,POLICY_REVIEWED,
V03_REALISTIC_087,KB Pay,synthetic.brand.kbpay,포인트 사용처 추천,보유 포인트로 이용할 수 있는 혜택을 모아봤어요.,0,recommendation,v03_card_point_recommendation,CLEAR,personalized_recommendation,msg,false,25,REVIEW,false,true,SYNTHETIC_REALISTIC_REVIEWED,0.3,brand_style_seed_written_for_noti,,PROJECT_OWNED,false,true,POLICY_REVIEWED,
V03_REALISTIC_088,KB Pay,synthetic.brand.kbpay,KB Pay,이번 주 인기 이벤트에 참여해보세요.,0,optional_event,v03_card_card_event,CLEAR,optional_participation_request,msg,false,25,REVIEW,false,true,SYNTHETIC_REALISTIC_REVIEWED,0.3,brand_style_seed_written_for_noti,,PROJECT_OWNED,false,true,POLICY_REVIEWED,
V03_REALISTIC_089,현대카드,synthetic.brand.hyundaicard,승인 거절,현대카드 결제가 승인되지 않았습니다. 이용 상태를 확인해주세요.,1,card_declined,v03_card_card_declined,CLEAR,concrete_failure_or_exception,msg,false,25,REVIEW,false,true,SYNTHETIC_REALISTIC_REVIEWED,0.3,brand_style_seed_written_for_noti,,PROJECT_OWNED,false,true,POLICY_REVIEWED,
V03_REALISTIC_090,현대카드,synthetic.brand.hyundaicard,현대카드,평소와 다른 해외 결제가 감지되었습니다. 본인 결제인지 확인해주세요.,1,suspicious_payment,v03_card_suspicious_payment,CLEAR,concrete_user_confirmation,msg,false,25,REVIEW,false,true,SYNTHETIC_REALISTIC_REVIEWED,0.3,brand_style_seed_written_for_noti,,PROJECT_OWNED,false,true,POLICY_REVIEWED,
V03_REALISTIC_091,현대카드,synthetic.brand.hyundaicard,자동납부 실패,현대카드 자동납부가 처리되지 않았습니다.,1,autopay_failure,v03_card_autopay_failure,CLEAR,concrete_failure_or_exception,msg,false,25,REVIEW,false,true,SYNTHETIC_REALISTIC_REVIEWED,0.3,brand_style_seed_written_for_noti,,PROJECT_OWNED,false,true,POLICY_REVIEWED,
V03_REALISTIC_092,현대카드,synthetic.brand.hyundaicard,카드 배송지 확인,재발급 카드 배송을 위해 주소 확인이 필요합니다.,1,address_action,v03_card_card_address_action,CLEAR,concrete_user_confirmation,msg,false,25,REVIEW,false,true,SYNTHETIC_REALISTIC_REVIEWED,0.3,brand_style_seed_written_for_noti,,PROJECT_OWNED,false,true,POLICY_REVIEWED,
V03_REALISTIC_093,현대카드,synthetic.brand.hyundaicard,(광고) 이번 달 카드 혜택,M포인트 사용 혜택을 확인해보세요. 수신거부는 설정에서 가능합니다.,0,promotion,v03_card_card_promotion,CLEAR,explicit_promotion,promo,false,25,REVIEW,false,true,SYNTHETIC_REALISTIC_REVIEWED,0.3,brand_style_seed_written_for_noti,,PROJECT_OWNED,false,true,POLICY_REVIEWED,
V03_REALISTIC_094,현대카드,synthetic.brand.hyundaicard,소비 리포트가 도착했어요,지난달 이용 내역을 카테고리별로 확인해보세요.,0,summary,v03_card_card_summary,CLEAR,informational_summary,msg,false,25,REVIEW,false,true,SYNTHETIC_REALISTIC_REVIEWED,0.3,brand_style_seed_written_for_noti,,PROJECT_OWNED,false,true,POLICY_REVIEWED,
V03_REALISTIC_095,현대카드,synthetic.brand.hyundaicard,포인트 사용처 추천,보유 포인트로 이용할 수 있는 혜택을 모아봤어요.,0,recommendation,v03_card_point_recommendation,CLEAR,personalized_recommendation,msg,false,25,REVIEW,false,true,SYNTHETIC_REALISTIC_REVIEWED,0.3,brand_style_seed_written_for_noti,,PROJECT_OWNED,false,true,POLICY_REVIEWED,
V03_REALISTIC_096,현대카드,synthetic.brand.hyundaicard,현대카드,이번 주 인기 이벤트에 참여해보세요.,0,optional_event,v03_card_card_event,CLEAR,optional_participation_request,msg,false,25,REVIEW,false,true,SYNTHETIC_REALISTIC_REVIEWED,0.3,brand_style_seed_written_for_noti,,PROJECT_OWNED,false,true,POLICY_REVIEWED,
V03_REALISTIC_097,삼성카드,synthetic.brand.samsungcard,승인 거절,삼성카드 결제가 승인되지 않았습니다. 이용 상태를 확인해주세요.,1,card_declined,v03_card_card_declined,CLEAR,concrete_failure_or_exception,msg,false,25,REVIEW,false,true,SYNTHETIC_REALISTIC_REVIEWED,0.3,brand_style_seed_written_for_noti,,PROJECT_OWNED,false,true,POLICY_REVIEWED,
V03_REALISTIC_098,삼성카드,synthetic.brand.samsungcard,삼성카드,평소와 다른 해외 결제가 감지되었습니다. 본인 결제인지 확인해주세요.,1,suspicious_payment,v03_card_suspicious_payment,CLEAR,concrete_user_confirmation,msg,false,25,REVIEW,false,true,SYNTHETIC_REALISTIC_REVIEWED,0.3,brand_style_seed_written_for_noti,,PROJECT_OWNED,false,true,POLICY_REVIEWED,
V03_REALISTIC_099,삼성카드,synthetic.brand.samsungcard,자동납부 실패,삼성카드 자동납부가 처리되지 않았습니다.,1,autopay_failure,v03_card_autopay_failure,CLEAR,concrete_failure_or_exception,msg,false,25,REVIEW,false,true,SYNTHETIC_REALISTIC_REVIEWED,0.3,brand_style_seed_written_for_noti,,PROJECT_OWNED,false,true,POLICY_REVIEWED,
V03_REALISTIC_100,삼성카드,synthetic.brand.samsungcard,카드 배송지 확인,재발급 카드 배송을 위해 주소 확인이 필요합니다.,1,address_action,v03_card_card_address_action,CLEAR,concrete_user_confirmation,msg,false,25,REVIEW,false,true,SYNTHETIC_REALISTIC_REVIEWED,0.3,brand_style_seed_written_for_noti,,PROJECT_OWNED,false,true,POLICY_REVIEWED,
V03_REALISTIC_101,삼성카드,synthetic.brand.samsungcard,(광고) 이번 달 카드 혜택,쇼핑 할인 혜택을 확인해보세요. 수신거부는 설정에서 가능합니다.,0,promotion,v03_card_card_promotion,CLEAR,explicit_promotion,promo,false,25,REVIEW,false,true,SYNTHETIC_REALISTIC_REVIEWED,0.3,brand_style_seed_written_for_noti,,PROJECT_OWNED,false,true,POLICY_REVIEWED,
V03_REALISTIC_102,삼성카드,synthetic.brand.samsungcard,소비 리포트가 도착했어요,지난달 이용 내역을 카테고리별로 확인해보세요.,0,summary,v03_card_card_summary,CLEAR,informational_summary,msg,false,25,REVIEW,false,true,SYNTHETIC_REALISTIC_REVIEWED,0.3,brand_style_seed_written_for_noti,,PROJECT_OWNED,false,true,POLICY_REVIEWED,
V03_REALISTIC_103,삼성카드,synthetic.brand.samsungcard,포인트 사용처 추천,보유 포인트로 이용할 수 있는 혜택을 모아봤어요.,0,recommendation,v03_card_point_recommendation,CLEAR,personalized_recommendation,msg,false,25,REVIEW,false,true,SYNTHETIC_REALISTIC_REVIEWED,0.3,brand_style_seed_written_for_noti,,PROJECT_OWNED,false,true,POLICY_REVIEWED,
V03_REALISTIC_104,삼성카드,synthetic.brand.samsungcard,삼성카드,이번 주 인기 이벤트에 참여해보세요.,0,optional_event,v03_card_card_event,CLEAR,optional_participation_request,msg,false,25,REVIEW,false,true,SYNTHETIC_REALISTIC_REVIEWED,0.3,brand_style_seed_written_for_noti,,PROJECT_OWNED,false,true,POLICY_REVIEWED,
V03_REALISTIC_105,카카오페이,synthetic.brand.kakaopay,결제 실패,카카오페이 결제가 처리되지 않았습니다. 결제 수단을 확인해주세요.,1,payment_failure,v03_payment_payment_failure,CLEAR,concrete_failure_or_exception,msg,false,25,REVIEW,false,true,SYNTHETIC_REALISTIC_REVIEWED,0.3,brand_style_seed_written_for_noti,,PROJECT_OWNED,false,true,POLICY_REVIEWED,
V03_REALISTIC_106,카카오페이,synthetic.brand.kakaopay,카카오페이,새 기기에서 결제가 시도되었습니다. 본인이 아니라면 확인해주세요.,1,suspicious_payment,v03_payment_payment_security,CLEAR,concrete_user_confirmation,msg,false,25,REVIEW,false,true,SYNTHETIC_REALISTIC_REVIEWED,0.3,brand_style_seed_written_for_noti,,PROJECT_OWNED,false,true,POLICY_REVIEWED,
V03_REALISTIC_107,카카오페이,synthetic.brand.kakaopay,송금 보류,받는 사람 정보 확인이 필요해 송금이 보류되었습니다.,1,transfer_hold,v03_payment_transfer_hold,CLEAR,concrete_user_confirmation,msg,false,25,REVIEW,false,true,SYNTHETIC_REALISTIC_REVIEWED,0.3,brand_style_seed_written_for_noti,,PROJECT_OWNED,false,true,POLICY_REVIEWED,
V03_REALISTIC_108,카카오페이,synthetic.brand.kakaopay,환불 확인 필요,환불 계좌 정보가 일치하지 않아 처리가 중단되었습니다.,1,refund_exception,v03_payment_refund_exception,CLEAR,concrete_failure_or_exception,msg,false,25,REVIEW,false,true,SYNTHETIC_REALISTIC_REVIEWED,0.3,brand_style_seed_written_for_noti,,PROJECT_OWNED,false,true,POLICY_REVIEWED,
V03_REALISTIC_109,카카오페이,synthetic.brand.kakaopay,(광고) 포인트 혜택,페이포인트 적립 이벤트을 확인해보세요. 수신거부는 설정에서 가능합니다.,0,promotion,v03_payment_pay_promotion,CLEAR,explicit_promotion,promo,false,25,REVIEW,false,true,SYNTHETIC_REALISTIC_REVIEWED,0.3,brand_style_seed_written_for_noti,,PROJECT_OWNED,false,true,POLICY_REVIEWED,
V03_REALISTIC_110,카카오페이,synthetic.brand.kakaopay,이번 주 소비 요약,카테고리별 지출 변화를 확인해보세요.,0,summary,v03_payment_pay_summary,CLEAR,informational_summary,msg,false,25,REVIEW,false,true,SYNTHETIC_REALISTIC_REVIEWED,0.3,brand_style_seed_written_for_noti,,PROJECT_OWNED,false,true,POLICY_REVIEWED,
V03_REALISTIC_111,카카오페이,synthetic.brand.kakaopay,내게 맞는 금융 콘텐츠,최근 이용 내역을 바탕으로 콘텐츠를 추천해드려요.,0,recommendation,v03_payment_finance_recommendation,CLEAR,personalized_recommendation,msg,false,25,REVIEW,false,true,SYNTHETIC_REALISTIC_REVIEWED,0.3,brand_style_seed_written_for_noti,,PROJECT_OWNED,false,true,POLICY_REVIEWED,
V03_REALISTIC_112,카카오페이,synthetic.brand.kakaopay,카카오페이,친구 초대 이벤트가 진행 중이에요.,0,optional_event,v03_payment_pay_event,CLEAR,optional_participation_request,msg,false,25,REVIEW,false,true,SYNTHETIC_REALISTIC_REVIEWED,0.3,brand_style_seed_written_for_noti,,PROJECT_OWNED,false,true,POLICY_REVIEWED,
V03_REALISTIC_113,토스,synthetic.brand.toss,결제 실패,토스 결제가 처리되지 않았습니다. 결제 수단을 확인해주세요.,1,payment_failure,v03_payment_payment_failure,CLEAR,concrete_failure_or_exception,msg,false,25,REVIEW,false,true,SYNTHETIC_REALISTIC_REVIEWED,0.3,brand_style_seed_written_for_noti,,PROJECT_OWNED,false,true,POLICY_REVIEWED,
V03_REALISTIC_114,토스,synthetic.brand.toss,토스,새 기기에서 결제가 시도되었습니다. 본인이 아니라면 확인해주세요.,1,suspicious_payment,v03_payment_payment_security,CLEAR,concrete_user_confirmation,msg,false,25,REVIEW,false,true,SYNTHETIC_REALISTIC_REVIEWED,0.3,brand_style_seed_written_for_noti,,PROJECT_OWNED,false,true,POLICY_REVIEWED,
V03_REALISTIC_115,토스,synthetic.brand.toss,송금 보류,받는 사람 정보 확인이 필요해 송금이 보류되었습니다.,1,transfer_hold,v03_payment_transfer_hold,CLEAR,concrete_user_confirmation,msg,false,25,REVIEW,false,true,SYNTHETIC_REALISTIC_REVIEWED,0.3,brand_style_seed_written_for_noti,,PROJECT_OWNED,false,true,POLICY_REVIEWED,
V03_REALISTIC_116,토스,synthetic.brand.toss,환불 확인 필요,환불 계좌 정보가 일치하지 않아 처리가 중단되었습니다.,1,refund_exception,v03_payment_refund_exception,CLEAR,concrete_failure_or_exception,msg,false,25,REVIEW,false,true,SYNTHETIC_REALISTIC_REVIEWED,0.3,brand_style_seed_written_for_noti,,PROJECT_OWNED,false,true,POLICY_REVIEWED,
V03_REALISTIC_117,토스,synthetic.brand.toss,(광고) 포인트 혜택,첫 결제 캐시백을 확인해보세요. 수신거부는 설정에서 가능합니다.,0,promotion,v03_payment_pay_promotion,CLEAR,explicit_promotion,promo,false,25,REVIEW,false,true,SYNTHETIC_REALISTIC_REVIEWED,0.3,brand_style_seed_written_for_noti,,PROJECT_OWNED,false,true,POLICY_REVIEWED,
V03_REALISTIC_118,토스,synthetic.brand.toss,이번 주 소비 요약,카테고리별 지출 변화를 확인해보세요.,0,summary,v03_payment_pay_summary,CLEAR,informational_summary,msg,false,25,REVIEW,false,true,SYNTHETIC_REALISTIC_REVIEWED,0.3,brand_style_seed_written_for_noti,,PROJECT_OWNED,false,true,POLICY_REVIEWED,
V03_REALISTIC_119,토스,synthetic.brand.toss,내게 맞는 금융 콘텐츠,최근 이용 내역을 바탕으로 콘텐츠를 추천해드려요.,0,recommendation,v03_payment_finance_recommendation,CLEAR,personalized_recommendation,msg,false,25,REVIEW,false,true,SYNTHETIC_REALISTIC_REVIEWED,0.3,brand_style_seed_written_for_noti,,PROJECT_OWNED,false,true,POLICY_REVIEWED,
V03_REALISTIC_120,토스,synthetic.brand.toss,토스,친구 초대 이벤트가 진행 중이에요.,0,optional_event,v03_payment_pay_event,CLEAR,optional_participation_request,msg,false,25,REVIEW,false,true,SYNTHETIC_REALISTIC_REVIEWED,0.3,brand_style_seed_written_for_noti,,PROJECT_OWNED,false,true,POLICY_REVIEWED,
V03_REALISTIC_121,배달의민족,synthetic.brand.baemin,결제 실패,배달 주문 결제가 완료되지 않았습니다.,1,payment_failure,v03_food_food_payment_failure,CLEAR,concrete_failure_or_exception,msg,false,25,REVIEW,false,true,SYNTHETIC_REALISTIC_REVIEWED,0.3,brand_style_seed_written_for_noti,,PROJECT_OWNED,false,true,POLICY_REVIEWED,
V03_REALISTIC_122,배달의민족,synthetic.brand.baemin,배달의민족,가게 사정으로 주문이 취소되었습니다. 환불 상태를 확인해주세요.,1,order_cancelled,v03_food_food_order_cancelled,CLEAR,concrete_failure_or_exception,msg,false,25,REVIEW,false,true,SYNTHETIC_REALISTIC_REVIEWED,0.3,brand_style_seed_written_for_noti,,PROJECT_OWNED,false,true,POLICY_REVIEWED,
V03_REALISTIC_123,배달의민족,synthetic.brand.baemin,주소 확인 요청,배달 기사님이 상세 주소를 확인하고 있습니다.,1,address_action,v03_food_food_address_action,CLEAR,concrete_user_confirmation,msg,false,25,REVIEW,false,true,SYNTHETIC_REALISTIC_REVIEWED,0.3,brand_style_seed_written_for_noti,,PROJECT_OWNED,false,true,POLICY_REVIEWED,
V03_REALISTIC_124,배달의민족,synthetic.brand.baemin,환불 처리 지연,취소한 주문의 환불이 아직 완료되지 않았습니다.,1,refund_exception,v03_food_food_refund_exception,CLEAR,concrete_failure_or_exception,msg,false,25,REVIEW,false,true,SYNTHETIC_REALISTIC_REVIEWED,0.3,brand_style_seed_written_for_noti,,PROJECT_OWNED,false,true,POLICY_REVIEWED,
V03_REALISTIC_125,배달의민족,synthetic.brand.baemin,(광고) 오늘의 쿠폰,오늘 쓸 수 있는 배달 쿠폰을 확인해보세요. 수신거부는 설정에서 가능합니다.,0,promotion,v03_food_food_promotion,CLEAR,explicit_promotion,promo,false,25,REVIEW,false,true,SYNTHETIC_REALISTIC_REVIEWED,0.3,brand_style_seed_written_for_noti,,PROJECT_OWNED,false,true,POLICY_REVIEWED,
V03_REALISTIC_126,배달의민족,synthetic.brand.baemin,뭐 먹을지 고민된다면,최근 주문한 메뉴와 비슷한 맛집을 모아봤어요.,0,recommendation,v03_food_food_recommendation,CLEAR,personalized_recommendation,msg,false,25,REVIEW,false,true,SYNTHETIC_REALISTIC_REVIEWED,0.3,brand_style_seed_written_for_noti,,PROJECT_OWNED,false,true,POLICY_REVIEWED,
V03_REALISTIC_127,배달의민족,synthetic.brand.baemin,리뷰를 기다리고 있어요,지난 주문은 어떠셨나요? 경험을 남겨주세요.,0,optional_survey,v03_food_food_review,CLEAR,optional_participation_request,msg,false,25,REVIEW,false,true,SYNTHETIC_REALISTIC_REVIEWED,0.3,brand_style_seed_written_for_noti,,PROJECT_OWNED,false,true,POLICY_REVIEWED,
V03_REALISTIC_128,배달의민족,synthetic.brand.baemin,배달의민족,찜한 가게에 새로운 메뉴가 등록됐어요.,0,interest_update,v03_food_food_interest,CLEAR,optional_marketing_reminder,msg,false,25,REVIEW,false,true,SYNTHETIC_REALISTIC_REVIEWED,0.3,brand_style_seed_written_for_noti,,PROJECT_OWNED,false,true,POLICY_REVIEWED,
V03_REALISTIC_129,요기요,synthetic.brand.yogiyo,결제 실패,배달 주문 결제가 완료되지 않았습니다.,1,payment_failure,v03_food_food_payment_failure,CLEAR,concrete_failure_or_exception,msg,false,25,REVIEW,false,true,SYNTHETIC_REALISTIC_REVIEWED,0.3,brand_style_seed_written_for_noti,,PROJECT_OWNED,false,true,POLICY_REVIEWED,
V03_REALISTIC_130,요기요,synthetic.brand.yogiyo,요기요,가게 사정으로 주문이 취소되었습니다. 환불 상태를 확인해주세요.,1,order_cancelled,v03_food_food_order_cancelled,CLEAR,concrete_failure_or_exception,msg,false,25,REVIEW,false,true,SYNTHETIC_REALISTIC_REVIEWED,0.3,brand_style_seed_written_for_noti,,PROJECT_OWNED,false,true,POLICY_REVIEWED,
V03_REALISTIC_131,요기요,synthetic.brand.yogiyo,주소 확인 요청,배달 기사님이 상세 주소를 확인하고 있습니다.,1,address_action,v03_food_food_address_action,CLEAR,concrete_user_confirmation,msg,false,25,REVIEW,false,true,SYNTHETIC_REALISTIC_REVIEWED,0.3,brand_style_seed_written_for_noti,,PROJECT_OWNED,false,true,POLICY_REVIEWED,
V03_REALISTIC_132,요기요,synthetic.brand.yogiyo,환불 처리 지연,취소한 주문의 환불이 아직 완료되지 않았습니다.,1,refund_exception,v03_food_food_refund_exception,CLEAR,concrete_failure_or_exception,msg,false,25,REVIEW,false,true,SYNTHETIC_REALISTIC_REVIEWED,0.3,brand_style_seed_written_for_noti,,PROJECT_OWNED,false,true,POLICY_REVIEWED,
V03_REALISTIC_133,요기요,synthetic.brand.yogiyo,(광고) 오늘의 쿠폰,포장 주문 할인을 확인해보세요. 수신거부는 설정에서 가능합니다.,0,promotion,v03_food_food_promotion,CLEAR,explicit_promotion,promo,false,25,REVIEW,false,true,SYNTHETIC_REALISTIC_REVIEWED,0.3,brand_style_seed_written_for_noti,,PROJECT_OWNED,false,true,POLICY_REVIEWED,
V03_REALISTIC_134,요기요,synthetic.brand.yogiyo,뭐 먹을지 고민된다면,최근 주문한 메뉴와 비슷한 맛집을 모아봤어요.,0,recommendation,v03_food_food_recommendation,CLEAR,personalized_recommendation,msg,false,25,REVIEW,false,true,SYNTHETIC_REALISTIC_REVIEWED,0.3,brand_style_seed_written_for_noti,,PROJECT_OWNED,false,true,POLICY_REVIEWED,
V03_REALISTIC_135,요기요,synthetic.brand.yogiyo,리뷰를 기다리고 있어요,지난 주문은 어떠셨나요? 경험을 남겨주세요.,0,optional_survey,v03_food_food_review,CLEAR,optional_participation_request,msg,false,25,REVIEW,false,true,SYNTHETIC_REALISTIC_REVIEWED,0.3,brand_style_seed_written_for_noti,,PROJECT_OWNED,false,true,POLICY_REVIEWED,
V03_REALISTIC_136,요기요,synthetic.brand.yogiyo,요기요,찜한 가게에 새로운 메뉴가 등록됐어요.,0,interest_update,v03_food_food_interest,CLEAR,optional_marketing_reminder,msg,false,25,REVIEW,false,true,SYNTHETIC_REALISTIC_REVIEWED,0.3,brand_style_seed_written_for_noti,,PROJECT_OWNED,false,true,POLICY_REVIEWED,
V03_REALISTIC_137,CJ대한통운,synthetic.brand.cjlogistics,배송지 확인 필요,택배 물품 주소가 확인되지 않아 배송이 보류되었습니다.,1,address_action,v03_parcel_parcel_address_action,CLEAR,concrete_user_confirmation,msg,false,25,REVIEW,false,true,SYNTHETIC_REALISTIC_REVIEWED,0.3,brand_style_seed_written_for_noti,,PROJECT_OWNED,false,true,POLICY_REVIEWED,
V03_REALISTIC_138,CJ대한통운,synthetic.brand.cjlogistics,CJ대한통운,수취인 부재로 배송하지 못했습니다. 재배송 방법을 선택해주세요.,1,delivery_exception,v03_parcel_parcel_delivery_exception,CLEAR,concrete_failure_or_exception,msg,false,25,REVIEW,false,true,SYNTHETIC_REALISTIC_REVIEWED,0.3,brand_style_seed_written_for_noti,,PROJECT_OWNED,false,true,POLICY_REVIEWED,
V03_REALISTIC_139,CJ대한통운,synthetic.brand.cjlogistics,반송 예정 안내,보관 기한이 지나면 택배 물품이 반송됩니다. 수령 방법을 확인해주세요.,1,deadline_action,v03_parcel_parcel_deadline,CLEAR,deadline_with_action,msg,false,25,REVIEW,false,true,SYNTHETIC_REALISTIC_REVIEWED,0.3,brand_style_seed_written_for_noti,,PROJECT_OWNED,false,true,POLICY_REVIEWED,
V03_REALISTIC_140,CJ대한통운,synthetic.brand.cjlogistics,배송 상태 확인,운송 중 문제가 발생해 도착 예정일이 변경되었습니다.,1,schedule_change,v03_parcel_parcel_schedule_change,CLEAR,meaningful_schedule_change,msg,false,25,REVIEW,false,true,SYNTHETIC_REALISTIC_REVIEWED,0.3,brand_style_seed_written_for_noti,,PROJECT_OWNED,false,true,POLICY_REVIEWED,
V03_REALISTIC_141,CJ대한통운,synthetic.brand.cjlogistics,(광고) 고객 이벤트,택배 이용 고객 이벤트를 확인해보세요. 수신거부는 설정에서 가능합니다.,0,promotion,v03_parcel_parcel_promotion,CLEAR,explicit_promotion,promo,false,25,REVIEW,false,true,SYNTHETIC_REALISTIC_REVIEWED,0.3,brand_style_seed_written_for_noti,,PROJECT_OWNED,false,true,POLICY_REVIEWED,
V03_REALISTIC_142,CJ대한통운,synthetic.brand.cjlogistics,배송 서비스 만족도 조사,최근 이용한 배송 서비스에 대한 의견을 남겨주세요.,0,optional_survey,v03_parcel_parcel_survey,CLEAR,optional_participation_request,msg,false,25,REVIEW,false,true,SYNTHETIC_REALISTIC_REVIEWED,0.3,brand_style_seed_written_for_noti,,PROJECT_OWNED,false,true,POLICY_REVIEWED,
V03_REALISTIC_143,CJ대한통운,synthetic.brand.cjlogistics,이번 달 배송 요약,이번 달 받은 택배 기록을 확인해보세요.,0,summary,v03_parcel_parcel_summary,CLEAR,informational_summary,msg,false,25,REVIEW,false,true,SYNTHETIC_REALISTIC_REVIEWED,0.3,brand_style_seed_written_for_noti,,PROJECT_OWNED,false,true,POLICY_REVIEWED,
V03_REALISTIC_144,CJ대한통운,synthetic.brand.cjlogistics,CJ대한통운,택배 이용에 도움이 되는 생활 정보를 확인해보세요.,0,recommendation,v03_parcel_parcel_content,CLEAR,personalized_recommendation,msg,false,25,REVIEW,false,true,SYNTHETIC_REALISTIC_REVIEWED,0.3,brand_style_seed_written_for_noti,,PROJECT_OWNED,false,true,POLICY_REVIEWED,
V03_REALISTIC_145,한진택배,synthetic.brand.hanjin,배송지 확인 필요,배송 물품 주소가 확인되지 않아 배송이 보류되었습니다.,1,address_action,v03_parcel_parcel_address_action,CLEAR,concrete_user_confirmation,msg,false,25,REVIEW,false,true,SYNTHETIC_REALISTIC_REVIEWED,0.3,brand_style_seed_written_for_noti,,PROJECT_OWNED,false,true,POLICY_REVIEWED,
V03_REALISTIC_146,한진택배,synthetic.brand.hanjin,한진택배,수취인 부재로 배송하지 못했습니다. 재배송 방법을 선택해주세요.,1,delivery_exception,v03_parcel_parcel_delivery_exception,CLEAR,concrete_failure_or_exception,msg,false,25,REVIEW,false,true,SYNTHETIC_REALISTIC_REVIEWED,0.3,brand_style_seed_written_for_noti,,PROJECT_OWNED,false,true,POLICY_REVIEWED,
V03_REALISTIC_147,한진택배,synthetic.brand.hanjin,반송 예정 안내,보관 기한이 지나면 배송 물품이 반송됩니다. 수령 방법을 확인해주세요.,1,deadline_action,v03_parcel_parcel_deadline,CLEAR,deadline_with_action,msg,false,25,REVIEW,false,true,SYNTHETIC_REALISTIC_REVIEWED,0.3,brand_style_seed_written_for_noti,,PROJECT_OWNED,false,true,POLICY_REVIEWED,
V03_REALISTIC_148,한진택배,synthetic.brand.hanjin,배송 상태 확인,운송 중 문제가 발생해 도착 예정일이 변경되었습니다.,1,schedule_change,v03_parcel_parcel_schedule_change,CLEAR,meaningful_schedule_change,msg,false,25,REVIEW,false,true,SYNTHETIC_REALISTIC_REVIEWED,0.3,brand_style_seed_written_for_noti,,PROJECT_OWNED,false,true,POLICY_REVIEWED,
V03_REALISTIC_149,한진택배,synthetic.brand.hanjin,(광고) 고객 이벤트,배송 서비스 이벤트를 확인해보세요. 수신거부는 설정에서 가능합니다.,0,promotion,v03_parcel_parcel_promotion,CLEAR,explicit_promotion,promo,false,25,REVIEW,false,true,SYNTHETIC_REALISTIC_REVIEWED,0.3,brand_style_seed_written_for_noti,,PROJECT_OWNED,false,true,POLICY_REVIEWED,
V03_REALISTIC_150,한진택배,synthetic.brand.hanjin,배송 서비스 만족도 조사,최근 이용한 배송 서비스에 대한 의견을 남겨주세요.,0,optional_survey,v03_parcel_parcel_survey,CLEAR,optional_participation_request,msg,false,25,REVIEW,false,true,SYNTHETIC_REALISTIC_REVIEWED,0.3,brand_style_seed_written_for_noti,,PROJECT_OWNED,false,true,POLICY_REVIEWED,
V03_REALISTIC_151,한진택배,synthetic.brand.hanjin,이번 달 배송 요약,이번 달 받은 택배 기록을 확인해보세요.,0,summary,v03_parcel_parcel_summary,CLEAR,informational_summary,msg,false,25,REVIEW,false,true,SYNTHETIC_REALISTIC_REVIEWED,0.3,brand_style_seed_written_for_noti,,PROJECT_OWNED,false,true,POLICY_REVIEWED,
V03_REALISTIC_152,한진택배,synthetic.brand.hanjin,한진택배,택배 이용에 도움이 되는 생활 정보를 확인해보세요.,0,recommendation,v03_parcel_parcel_content,CLEAR,personalized_recommendation,msg,false,25,REVIEW,false,true,SYNTHETIC_REALISTIC_REVIEWED,0.3,brand_style_seed_written_for_noti,,PROJECT_OWNED,false,true,POLICY_REVIEWED,
V03_REALISTIC_153,롯데ON,synthetic.brand.lotteon,롯데ON,쇼핑 주문 결제가 완료되지 않았어요. 결제 수단을 확인해주세요.,1,payment_failure,v03_commerce_payment_failure,CLEAR,concrete_failure_or_exception,msg,false,25,REVIEW,false,true,SYNTHETIC_REALISTIC_REVIEWED,0.3,brand_style_seed_written_for_noti,,PROJECT_OWNED,false,true,POLICY_REVIEWED,
V03_REALISTIC_154,롯데ON,synthetic.brand.lotteon,배송지 확인이 필요해요,쇼핑 주문의 주소 정보가 부족해 배송이 보류됐습니다.,1,address_action,v03_commerce_address_action,CLEAR,concrete_user_confirmation,msg,false,25,REVIEW,false,true,SYNTHETIC_REALISTIC_REVIEWED,0.3,brand_style_seed_written_for_noti,,PROJECT_OWNED,false,true,POLICY_REVIEWED,
V03_REALISTIC_155,롯데ON,synthetic.brand.lotteon,주문 취소 안내,재고 부족으로 쇼핑 주문이 취소되었습니다. 환불 상태를 확인해주세요.,1,order_cancelled,v03_commerce_order_cancelled,CLEAR,concrete_failure_or_exception,msg,false,25,REVIEW,false,true,SYNTHETIC_REALISTIC_REVIEWED,0.3,brand_style_seed_written_for_noti,,PROJECT_OWNED,false,true,POLICY_REVIEWED,
V03_REALISTIC_156,롯데ON,synthetic.brand.lotteon,환불 처리 지연,쇼핑 주문 환불이 예정일에 완료되지 않았습니다.,1,refund_exception,v03_commerce_refund_exception,CLEAR,concrete_failure_or_exception,msg,false,25,REVIEW,false,true,SYNTHETIC_REALISTIC_REVIEWED,0.3,brand_style_seed_written_for_noti,,PROJECT_OWNED,false,true,POLICY_REVIEWED,
V03_REALISTIC_157,롯데ON,synthetic.brand.lotteon,장바구니에 상품이 남아 있어요,지금 주문하면 받을 수 있는 예상 날짜를 확인해보세요.,0,cart_reminder,v03_commerce_cart_reminder,CLEAR,optional_marketing_reminder,msg,false,25,REVIEW,false,true,SYNTHETIC_REALISTIC_REVIEWED,0.3,brand_style_seed_written_for_noti,,PROJECT_OWNED,false,true,POLICY_REVIEWED,
V03_REALISTIC_158,롯데ON,synthetic.brand.lotteon,(광고) 오늘 도착한 혜택,"엘포인트 추가 적립, 앱에서 확인해보세요. 수신거부는 설정에서 가능합니다.",0,promotion,v03_commerce_explicit_promotion,CLEAR,explicit_promotion,promo,false,25,REVIEW,false,true,SYNTHETIC_REALISTIC_REVIEWED,0.3,brand_style_seed_written_for_noti,,PROJECT_OWNED,false,true,POLICY_REVIEWED,
V03_REALISTIC_159,롯데ON,synthetic.brand.lotteon,가격이 내려갔어요,관심 상품의 가격 변동 소식을 확인해보세요.,0,price_drop,v03_commerce_price_drop,CLEAR,optional_marketing_reminder,msg,false,25,REVIEW,false,true,SYNTHETIC_REALISTIC_REVIEWED,0.3,brand_style_seed_written_for_noti,,PROJECT_OWNED,false,true,POLICY_REVIEWED,
V03_REALISTIC_160,롯데ON,synthetic.brand.lotteon,롯데ON,최근 본 상품과 비슷한 상품을 모아봤어요.,0,recommendation,v03_commerce_recommendation,CLEAR,personalized_recommendation,msg,false,25,REVIEW,false,true,SYNTHETIC_REALISTIC_REVIEWED,0.3,brand_style_seed_written_for_noti,,PROJECT_OWNED,false,true,POLICY_REVIEWED,
