id,app_name,package_name,title,body,label,notification_type,template_group,clarity,reason_code,android_category,is_ongoing,rule_score,rule_level,forced,model_eligible,source,dataset_version,source_detail,source_url,license,is_real,is_public,label_status,original_source_id,previous_label,event_type,actionability,base_label,preference_sensitive,personalization_scope,training_eligible,base_label_status,label_definition_version,cv_fold
V02_TRAIN_001,토스,synthetic.kr.toss,토스,자동이체 처리가 정상적으로 완료되지 않았습니다.,1,exception,eligible_promote_0_0,CLEAR,concrete_failure_or_exception,msg,false,25,REVIEW,false,true,SYNTHETIC_REVIEWED,0.6,noti_v0.2_generator,,PROJECT_OWNED,false,true,POLICY_REVIEWED,V02_TRAIN_001,1,PROCESS_FAILURE,ACTION_REQUIRED,1,false,NONE,true,POLICY_APPROVED_V04,0.4,2
V02_TRAIN_002,토스,synthetic.kr.toss,자동이체 안내,자동이체 처리 중 문제가 발생했습니다.,1,exception,eligible_promote_0_1,CLEAR,concrete_failure_or_exception,msg,false,25,REVIEW,false,true,SYNTHETIC_REVIEWED,0.6,noti_v0.2_generator,,PROJECT_OWNED,false,true,POLICY_REVIEWED,V02_TRAIN_002,1,PROCESS_FAILURE,ACTION_REQUIRED,1,false,NONE,true,POLICY_APPROVED_V04,0.4,1
V02_TRAIN_003,토스,synthetic.kr.toss,토스,카드대금 출금: 오늘 오후 6시로 변경되었습니다.,1,schedule_change,eligible_promote_schedule_0,CLEAR,meaningful_schedule_change,msg,false,30,REVIEW,false,true,SYNTHETIC_REVIEWED,0.6,noti_v0.2_generator,,PROJECT_OWNED,false,true,HUMAN_REVIEWED,V02_TRAIN_003,1,SCHEDULE_CHANGE,ATTENTION_WORTHY,1,false,NONE,true,HUMAN_REVIEWED_V04,0.4,3
V02_TRAIN_004,토스,synthetic.kr.toss,카드대금 출금 안내,카드대금 출금: 내일 오전 9시로 변경되었습니다.,1,schedule_change,eligible_promote_schedule_1,CLEAR,meaningful_schedule_change,msg,false,30,REVIEW,false,true,SYNTHETIC_REVIEWED,0.6,noti_v0.2_generator,,PROJECT_OWNED,false,true,POLICY_REVIEWED,V02_TRAIN_004,1,SCHEDULE_CHANGE,ATTENTION_WORTHY,1,true,APP_EVENT_TYPE,true,POLICY_APPROVED_V04,0.4,0
V02_TRAIN_005,토스,synthetic.kr.toss,토스,확인이 필요합니다: 송금 정보,1,action_required,eligible_promote_2_0,CLEAR,concrete_user_confirmation,msg,false,25,REVIEW,false,true,SYNTHETIC_REVIEWED,0.6,noti_v0.2_generator,,PROJECT_OWNED,false,true,POLICY_REVIEWED,V02_TRAIN_005,1,USER_ACTION,ACTION_REQUIRED,1,false,NONE,true,POLICY_APPROVED_V04,0.4,0
V02_TRAIN_006,토스,synthetic.kr.toss,송금 정보 안내,송금 정보 관련 확인이 필요합니다.,1,action_required,eligible_promote_2_1,CLEAR,concrete_user_confirmation,msg,false,25,REVIEW,false,true,SYNTHETIC_REVIEWED,0.6,noti_v0.2_generator,,PROJECT_OWNED,false,true,POLICY_REVIEWED,V02_TRAIN_006,1,USER_ACTION,ACTION_REQUIRED,1,false,NONE,true,POLICY_APPROVED_V04,0.4,4
V02_TRAIN_007,토스,synthetic.kr.toss,토스,주간 소비 리포트: 이번 주 요약이 도착했습니다.,0,summary,eligible_keep_0_0,CLEAR,informational_summary,msg,false,25,REVIEW,false,true,SYNTHETIC_REVIEWED,0.6,noti_v0.2_generator,,PROJECT_OWNED,false,true,HUMAN_REVIEWED,V02_TRAIN_007,0,SUMMARY,INFORMATIONAL,0,true,APP_EVENT_TYPE,true,HUMAN_REVIEWED_V04,0.4,3
V02_TRAIN_008,토스,synthetic.kr.toss,주간 소비 리포트 안내,주간 소비 리포트 세부 내용을 확인해주세요.,0,summary,eligible_keep_0_1,CLEAR,informational_summary,msg,false,25,REVIEW,false,true,SYNTHETIC_REVIEWED,0.6,noti_v0.2_generator,,PROJECT_OWNED,false,true,POLICY_REVIEWED,V02_TRAIN_008,0,SUMMARY,INFORMATIONAL,0,true,APP_EVENT_TYPE,true,POLICY_APPROVED_V04,0.4,2
V02_TRAIN_009,토스,synthetic.kr.toss,토스,자산 현황 보기 관련 새 내용이 오늘 오후 3시에 공개됩니다.,0,optional_schedule,eligible_keep_schedule_0,CLEAR,optional_timed_content,reminder,false,25,REVIEW,false,true,SYNTHETIC_REVIEWED,0.6,noti_v0.2_generator,,PROJECT_OWNED,false,true,HUMAN_REVIEWED,V02_TRAIN_009,0,OPTIONAL_CONTENT,PROMOTIONAL,0,true,APP_EVENT_TYPE,true,HUMAN_REVIEWED_V04,0.4,2
V02_TRAIN_010,토스,synthetic.kr.toss,자산 현황 보기 안내,자산 현황 보기 관련 내용이 내일 오전 10시에 업데이트됩니다.,0,optional_schedule,eligible_keep_schedule_1,CLEAR,optional_timed_content,reminder,false,25,REVIEW,false,true,SYNTHETIC_REVIEWED,0.6,noti_v0.2_generator,,PROJECT_OWNED,false,true,POLICY_REVIEWED,V02_TRAIN_010,0,OPTIONAL_CONTENT,PROMOTIONAL,0,true,APP_EVENT_TYPE,true,POLICY_APPROVED_V04,0.4,2
V02_TRAIN_011,토스,synthetic.kr.toss,토스,서비스 만족도 참여 요청이 도착했습니다.,0,optional_survey,eligible_keep_2_0,CLEAR,optional_participation_request,msg,false,25,REVIEW,false,true,SYNTHETIC_REVIEWED,0.6,noti_v0.2_generator,,PROJECT_OWNED,false,true,POLICY_REVIEWED,V02_TRAIN_011,0,SURVEY,PROMOTIONAL,0,false,NONE,true,POLICY_APPROVED_V04,0.4,3
V02_TRAIN_012,토스,synthetic.kr.toss,서비스 만족도 안내,서비스 만족도 관련 의견을 남겨주세요.,0,optional_survey,eligible_keep_2_1,CLEAR,optional_participation_request,msg,false,25,REVIEW,false,true,SYNTHETIC_REVIEWED,0.6,noti_v0.2_generator,,PROJECT_OWNED,false,true,POLICY_REVIEWED,V02_TRAIN_012,0,SURVEY,PROMOTIONAL,0,false,NONE,true,POLICY_APPROVED_V04,0.4,0
V02_TRAIN_013,토스,synthetic.kr.toss,긴급 확인,자동이체 문제로 오늘까지 처리가 필요합니다. 즉시 확인해주세요.,1,urgent_action,clear_important_0,CLEAR,urgent_and_action_required,alarm,false,45,IMPORTANT,false,false,SYNTHETIC_REVIEWED,0.6,noti_v0.2_generator,,PROJECT_OWNED,false,true,POLICY_REVIEWED,V02_TRAIN_013,1,URGENT_ACTION,ACTION_REQUIRED,1,false,NONE,true,POLICY_APPROVED_V04,0.4,
V02_TRAIN_014,토스,synthetic.kr.toss,보안 알림,새로운 기기에서 송금 정보 변경이 감지되었습니다.,1,security_change,clear_important_1,CLEAR,explicit_security_change,msg,false,50,IMPORTANT,false,false,SYNTHETIC_REVIEWED,0.6,noti_v0.2_generator,,PROJECT_OWNED,false,true,POLICY_REVIEWED,V02_TRAIN_014,1,SECURITY,ACTION_REQUIRED,1,false,NONE,true,POLICY_APPROVED_V04,0.4,
V02_TRAIN_015,토스,synthetic.kr.toss,(광고) 오늘의 혜택,"첫 결제 캐시백 혜택, 오늘만 확인하세요. 수신거부는 설정에서 가능합니다.",0,promotion,clear_general_0,CLEAR,explicit_promotion,promo,false,-15,GENERAL,false,false,SYNTHETIC_REVIEWED,0.6,noti_v0.2_generator,,PROJECT_OWNED,false,true,POLICY_REVIEWED,V02_TRAIN_015,0,PROMOTION,PROMOTIONAL,0,false,NONE,true,POLICY_APPROVED_V04,0.4,
V02_TRAIN_016,토스,synthetic.kr.toss,업데이트 완료,주간 소비 리포트 업데이트가 완료되었습니다. 별도 작업은 필요하지 않습니다.,0,passive_update,clear_general_1,CLEAR,no_action_status,status,false,-10,GENERAL,false,false,SYNTHETIC_REVIEWED,0.6,noti_v0.2_generator,,PROJECT_OWNED,false,true,POLICY_REVIEWED,V02_TRAIN_016,0,PASSIVE_STATUS,INFORMATIONAL,0,true,APP_EVENT_TYPE,true,POLICY_APPROVED_V04,0.4,
V02_TRAIN_017,카카오뱅크,synthetic.kr.kakaobank,카카오뱅크,계좌이체 처리가 정상적으로 완료되지 않았습니다.,1,exception,eligible_promote_0_0,CLEAR,concrete_failure_or_exception,msg,false,25,REVIEW,false,true,SYNTHETIC_REVIEWED,0.6,noti_v0.2_generator,,PROJECT_OWNED,false,true,POLICY_REVIEWED,V02_TRAIN_017,1,PROCESS_FAILURE,ACTION_REQUIRED,1,false,NONE,true,POLICY_APPROVED_V04,0.4,2
V02_TRAIN_018,카카오뱅크,synthetic.kr.kakaobank,계좌이체 안내,계좌이체 처리 중 문제가 발생했습니다.,1,exception,eligible_promote_0_1,CLEAR,concrete_failure_or_exception,msg,false,25,REVIEW,false,true,SYNTHETIC_REVIEWED,0.6,noti_v0.2_generator,,PROJECT_OWNED,false,true,POLICY_REVIEWED,V02_TRAIN_018,1,PROCESS_FAILURE,ACTION_REQUIRED,1,false,NONE,true,POLICY_APPROVED_V04,0.4,1
V02_TRAIN_019,카카오뱅크,synthetic.kr.kakaobank,카카오뱅크,대출이자 납부 변경 안내입니다. 기존 일정과 달라졌습니다.,1,schedule_change,eligible_promote_schedule_2,CLEAR,meaningful_schedule_change,msg,false,30,REVIEW,false,true,SYNTHETIC_REVIEWED,0.6,noti_v0.2_generator,,PROJECT_OWNED,false,true,POLICY_REVIEWED,V02_TRAIN_019,1,SCHEDULE_CHANGE,ATTENTION_WORTHY,1,true,APP_EVENT_TYPE,true,POLICY_APPROVED_V04,0.4,3
V02_TRAIN_020,카카오뱅크,synthetic.kr.kakaobank,대출이자 납부 안내,대출이자 납부: 기존 시간이 취소되고 새 시간이 등록되었습니다.,1,schedule_change,eligible_promote_schedule_3,CLEAR,meaningful_schedule_change,msg,false,30,REVIEW,false,true,SYNTHETIC_REVIEWED,0.6,noti_v0.2_generator,,PROJECT_OWNED,false,true,POLICY_REVIEWED,V02_TRAIN_020,1,SCHEDULE_CHANGE,ATTENTION_WORTHY,1,true,APP_EVENT_TYPE,true,POLICY_APPROVED_V04,0.4,2
V02_TRAIN_021,카카오뱅크,synthetic.kr.kakaobank,카카오뱅크,확인이 필요합니다: 받는 계좌 정보,1,action_required,eligible_promote_2_0,CLEAR,concrete_user_confirmation,msg,false,25,REVIEW,false,true,SYNTHETIC_REVIEWED,0.6,noti_v0.2_generator,,PROJECT_OWNED,false,true,POLICY_REVIEWED,V02_TRAIN_021,1,USER_ACTION,ACTION_REQUIRED,1,false,NONE,true,POLICY_APPROVED_V04,0.4,0
V02_TRAIN_022,카카오뱅크,synthetic.kr.kakaobank,받는 계좌 정보 안내,받는 계좌 정보 관련 확인이 필요합니다.,1,action_required,eligible_promote_2_1,CLEAR,concrete_user_confirmation,msg,false,25,REVIEW,false,true,SYNTHETIC_REVIEWED,0.6,noti_v0.2_generator,,PROJECT_OWNED,false,true,POLICY_REVIEWED,V02_TRAIN_022,1,USER_ACTION,ACTION_REQUIRED,1,false,NONE,true,POLICY_APPROVED_V04,0.4,4
V02_TRAIN_023,카카오뱅크,synthetic.kr.kakaobank,카카오뱅크,이번 달 자산 리포트: 이번 주 요약이 도착했습니다.,0,summary,eligible_keep_0_0,CLEAR,informational_summary,msg,false,25,REVIEW,false,true,SYNTHETIC_REVIEWED,0.6,noti_v0.2_generator,,PROJECT_OWNED,false,true,POLICY_REVIEWED,V02_TRAIN_023,0,SUMMARY,INFORMATIONAL,0,true,APP_EVENT_TYPE,true,POLICY_APPROVED_V04,0.4,3
V02_TRAIN_024,카카오뱅크,synthetic.kr.kakaobank,이번 달 자산 리포트 안내,이번 달 자산 리포트 세부 내용을 확인해주세요.,0,summary,eligible_keep_0_1,CLEAR,informational_summary,msg,false,25,REVIEW,false,true,SYNTHETIC_REVIEWED,0.6,noti_v0.2_generator,,PROJECT_OWNED,false,true,POLICY_REVIEWED,V02_TRAIN_024,0,SUMMARY,INFORMATIONAL,0,true,APP_EVENT_TYPE,true,POLICY_APPROVED_V04,0.4,2
V02_TRAIN_025,카카오뱅크,synthetic.kr.kakaobank,카카오뱅크,관심 등록한 저금통 현황 소식이 이번 주 공개될 예정입니다.,0,optional_schedule,eligible_keep_schedule_2,CLEAR,optional_timed_content,reminder,false,25,REVIEW,false,true,SYNTHETIC_REVIEWED,0.6,noti_v0.2_generator,,PROJECT_OWNED,false,true,POLICY_REVIEWED,V02_TRAIN_025,0,OPTIONAL_CONTENT,PROMOTIONAL,0,true,APP_EVENT_TYPE,true,POLICY_APPROVED_V04,0.4,0
V02_TRAIN_026,카카오뱅크,synthetic.kr.kakaobank,저금통 현황 안내,저금통 현황 공개 시간이 정해졌습니다.,0,optional_schedule,eligible_keep_schedule_3,CLEAR,optional_timed_content,reminder,false,25,REVIEW,false,true,SYNTHETIC_REVIEWED,0.6,noti_v0.2_generator,,PROJECT_OWNED,false,true,POLICY_REVIEWED,V02_TRAIN_026,0,OPTIONAL_CONTENT,PROMOTIONAL,0,true,APP_EVENT_TYPE,true,POLICY_APPROVED_V04,0.4,4
V02_TRAIN_027,카카오뱅크,synthetic.kr.kakaobank,카카오뱅크,앱 이용 설문 참여 요청이 도착했습니다.,0,optional_survey,eligible_keep_2_0,CLEAR,optional_participation_request,msg,false,25,REVIEW,false,true,SYNTHETIC_REVIEWED,0.6,noti_v0.2_generator,,PROJECT_OWNED,false,true,POLICY_REVIEWED,V02_TRAIN_027,0,SURVEY,PROMOTIONAL,0,false,NONE,true,POLICY_APPROVED_V04,0.4,3
V02_TRAIN_028,카카오뱅크,synthetic.kr.kakaobank,앱 이용 설문 안내,앱 이용 설문 관련 의견을 남겨주세요.,0,optional_survey,eligible_keep_2_1,CLEAR,optional_participation_request,msg,false,25,REVIEW,false,true,SYNTHETIC_REVIEWED,0.6,noti_v0.2_generator,,PROJECT_OWNED,false,true,POLICY_REVIEWED,V02_TRAIN_028,0,SURVEY,PROMOTIONAL,0,false,NONE,true,POLICY_APPROVED_V04,0.4,0
V02_TRAIN_029,카카오뱅크,synthetic.kr.kakaobank,긴급 확인,계좌이체 문제로 오늘까지 처리가 필요합니다. 즉시 확인해주세요.,1,urgent_action,clear_important_0,CLEAR,urgent_and_action_required,alarm,false,45,IMPORTANT,false,false,SYNTHETIC_REVIEWED,0.6,noti_v0.2_generator,,PROJECT_OWNED,false,true,POLICY_REVIEWED,V02_TRAIN_029,1,URGENT_ACTION,ACTION_REQUIRED,1,false,NONE,true,POLICY_APPROVED_V04,0.4,
V02_TRAIN_030,카카오뱅크,synthetic.kr.kakaobank,보안 알림,새로운 기기에서 받는 계좌 정보 변경이 감지되었습니다.,1,security_change,clear_important_1,CLEAR,explicit_security_change,msg,false,50,IMPORTANT,false,false,SYNTHETIC_REVIEWED,0.6,noti_v0.2_generator,,PROJECT_OWNED,false,true,POLICY_REVIEWED,V02_TRAIN_030,1,SECURITY,ACTION_REQUIRED,1,false,NONE,true,POLICY_APPROVED_V04,0.4,
V02_TRAIN_031,카카오뱅크,synthetic.kr.kakaobank,(광고) 오늘의 혜택,"예금 가입 이벤트, 오늘만 확인하세요. 수신거부는 설정에서 가능합니다.",0,promotion,clear_general_0,CLEAR,explicit_promotion,promo,false,-15,GENERAL,false,false,SYNTHETIC_REVIEWED,0.6,noti_v0.2_generator,,PROJECT_OWNED,false,true,POLICY_REVIEWED,V02_TRAIN_031,0,PROMOTION,PROMOTIONAL,0,false,NONE,true,POLICY_APPROVED_V04,0.4,
V02_TRAIN_032,카카오뱅크,synthetic.kr.kakaobank,업데이트 완료,이번 달 자산 리포트 업데이트가 완료되었습니다. 별도 작업은 필요하지 않습니다.,0,passive_update,clear_general_1,CLEAR,no_action_status,status,false,-10,GENERAL,false,false,SYNTHETIC_REVIEWED,0.6,noti_v0.2_generator,,PROJECT_OWNED,false,true,POLICY_REVIEWED,V02_TRAIN_032,0,PASSIVE_STATUS,INFORMATIONAL,0,true,APP_EVENT_TYPE,true,POLICY_APPROVED_V04,0.4,
V02_TRAIN_033,삼성카드,synthetic.kr.samsungcard,삼성카드,해외 결제 처리가 정상적으로 완료되지 않았습니다.,1,exception,eligible_promote_0_0,CLEAR,concrete_failure_or_exception,msg,false,25,REVIEW,false,true,SYNTHETIC_REVIEWED,0.6,noti_v0.2_generator,,PROJECT_OWNED,false,true,POLICY_REVIEWED,V02_TRAIN_033,1,PROCESS_FAILURE,ACTION_REQUIRED,1,false,NONE,true,POLICY_APPROVED_V04,0.4,2
V02_TRAIN_034,삼성카드,synthetic.kr.samsungcard,해외 결제 안내,해외 결제 처리 중 문제가 발생했습니다.,1,exception,eligible_promote_0_1,CLEAR,concrete_failure_or_exception,msg,false,25,REVIEW,false,true,SYNTHETIC_REVIEWED,0.6,noti_v0.2_generator,,PROJECT_OWNED,false,true,POLICY_REVIEWED,V02_TRAIN_034,1,PROCESS_FAILURE,ACTION_REQUIRED,1,false,NONE,true,POLICY_APPROVED_V04,0.4,1
V02_TRAIN_035,삼성카드,synthetic.kr.samsungcard,삼성카드,카드대금 납부: 예정보다 2시간 앞당겨졌습니다.,1,schedule_change,eligible_promote_schedule_4,CLEAR,meaningful_schedule_change,msg,false,30,REVIEW,false,true,SYNTHETIC_REVIEWED,0.6,noti_v0.2_generator,,PROJECT_OWNED,false,true,POLICY_REVIEWED,V02_TRAIN_035,1,SCHEDULE_CHANGE,ATTENTION_WORTHY,1,true,APP_EVENT_TYPE,true,POLICY_APPROVED_V04,0.4,2
V02_TRAIN_036,삼성카드,synthetic.kr.samsungcard,카드대금 납부 안내,카드대금 납부: 오늘 오후 6시로 변경되었습니다.,1,schedule_change,eligible_promote_schedule_0,CLEAR,meaningful_schedule_change,msg,false,30,REVIEW,false,true,SYNTHETIC_REVIEWED,0.6,noti_v0.2_generator,,PROJECT_OWNED,false,true,POLICY_REVIEWED,V02_TRAIN_036,1,SCHEDULE_CHANGE,ATTENTION_WORTHY,1,true,APP_EVENT_TYPE,true,POLICY_APPROVED_V04,0.4,3
V02_TRAIN_037,삼성카드,synthetic.kr.samsungcard,삼성카드,확인이 필요합니다: 결제 수단 정보,1,action_required,eligible_promote_2_0,CLEAR,concrete_user_confirmation,msg,false,25,REVIEW,false,true,SYNTHETIC_REVIEWED,0.6,noti_v0.2_generator,,PROJECT_OWNED,false,true,POLICY_REVIEWED,V02_TRAIN_037,1,USER_ACTION,ACTION_REQUIRED,1,false,NONE,true,POLICY_APPROVED_V04,0.4,0
V02_TRAIN_038,삼성카드,synthetic.kr.samsungcard,결제 수단 정보 안내,결제 수단 정보 관련 확인이 필요합니다.,1,action_required,eligible_promote_2_1,CLEAR,concrete_user_confirmation,msg,false,25,REVIEW,false,true,SYNTHETIC_REVIEWED,0.6,noti_v0.2_generator,,PROJECT_OWNED,false,true,POLICY_REVIEWED,V02_TRAIN_038,1,USER_ACTION,ACTION_REQUIRED,1,false,NONE,true,POLICY_APPROVED_V04,0.4,4
V02_TRAIN_039,삼성카드,synthetic.kr.samsungcard,삼성카드,이번 달 이용 내역: 이번 주 요약이 도착했습니다.,0,summary,eligible_keep_0_0,CLEAR,informational_summary,msg,false,25,REVIEW,false,true,SYNTHETIC_REVIEWED,0.6,noti_v0.2_generator,,PROJECT_OWNED,false,true,POLICY_REVIEWED,V02_TRAIN_039,0,SUMMARY,INFORMATIONAL,0,true,APP_EVENT_TYPE,true,POLICY_APPROVED_V04,0.4,3
V02_TRAIN_040,삼성카드,synthetic.kr.samsungcard,이번 달 이용 내역 안내,이번 달 이용 내역 세부 내용을 확인해주세요.,0,summary,eligible_keep_0_1,CLEAR,informational_summary,msg,false,25,REVIEW,false,true,SYNTHETIC_REVIEWED,0.6,noti_v0.2_generator,,PROJECT_OWNED,false,true,POLICY_REVIEWED,V02_TRAIN_040,0,SUMMARY,INFORMATIONAL,0,true,APP_EVENT_TYPE,true,POLICY_APPROVED_V04,0.4,2
V02_TRAIN_041,삼성카드,synthetic.kr.samsungcard,삼성카드,카드 혜택 캘린더 관련 알림이 곧 시작됩니다.,0,optional_schedule,eligible_keep_schedule_4,CLEAR,optional_timed_content,reminder,false,25,REVIEW,false,true,SYNTHETIC_REVIEWED,0.6,noti_v0.2_generator,,PROJECT_OWNED,false,true,POLICY_REVIEWED,V02_TRAIN_041,0,OPTIONAL_CONTENT,PROMOTIONAL,0,true,APP_EVENT_TYPE,true,POLICY_APPROVED_V04,0.4,4
V02_TRAIN_042,삼성카드,synthetic.kr.samsungcard,카드 혜택 캘린더 안내,카드 혜택 캘린더 관련 새 내용이 오늘 오후 3시에 공개됩니다.,0,optional_schedule,eligible_keep_schedule_0,CLEAR,optional_timed_content,reminder,false,25,REVIEW,false,true,SYNTHETIC_REVIEWED,0.6,noti_v0.2_generator,,PROJECT_OWNED,false,true,POLICY_REVIEWED,V02_TRAIN_042,0,OPTIONAL_CONTENT,PROMOTIONAL,0,true,APP_EVENT_TYPE,true,POLICY_APPROVED_V04,0.4,2
V02_TRAIN_043,삼성카드,synthetic.kr.samsungcard,삼성카드,서비스 설문 참여 요청이 도착했습니다.,0,optional_survey,eligible_keep_2_0,CLEAR,optional_participation_request,msg,false,25,REVIEW,false,true,SYNTHETIC_REVIEWED,0.6,noti_v0.2_generator,,PROJECT_OWNED,false,true,POLICY_REVIEWED,V02_TRAIN_043,0,SURVEY,PROMOTIONAL,0,false,NONE,true,POLICY_APPROVED_V04,0.4,3
V02_TRAIN_044,삼성카드,synthetic.kr.samsungcard,서비스 설문 안내,서비스 설문 관련 의견을 남겨주세요.,0,optional_survey,eligible_keep_2_1,CLEAR,optional_participation_request,msg,false,25,REVIEW,false,true,SYNTHETIC_REVIEWED,0.6,noti_v0.2_generator,,PROJECT_OWNED,false,true,POLICY_REVIEWED,V02_TRAIN_044,0,SURVEY,PROMOTIONAL,0,false,NONE,true,POLICY_APPROVED_V04,0.4,0
V02_TRAIN_045,삼성카드,synthetic.kr.samsungcard,긴급 확인,해외 결제 문제로 오늘까지 처리가 필요합니다. 즉시 확인해주세요.,1,urgent_action,clear_important_0,CLEAR,urgent_and_action_required,alarm,false,45,IMPORTANT,false,false,SYNTHETIC_REVIEWED,0.6,noti_v0.2_generator,,PROJECT_OWNED,false,true,POLICY_REVIEWED,V02_TRAIN_045,1,URGENT_ACTION,ACTION_REQUIRED,1,false,NONE,true,POLICY_APPROVED_V04,0.4,
V02_TRAIN_046,삼성카드,synthetic.kr.samsungcard,보안 알림,새로운 기기에서 결제 수단 정보 변경이 감지되었습니다.,1,security_change,clear_important_1,CLEAR,explicit_security_change,msg,false,50,IMPORTANT,false,false,SYNTHETIC_REVIEWED,0.6,noti_v0.2_generator,,PROJECT_OWNED,false,true,POLICY_REVIEWED,V02_TRAIN_046,1,SECURITY,ACTION_REQUIRED,1,false,NONE,true,POLICY_APPROVED_V04,0.4,
V02_TRAIN_047,삼성카드,synthetic.kr.samsungcard,(광고) 오늘의 혜택,"온라인 쇼핑 할인 혜택, 오늘만 확인하세요. 수신거부는 설정에서 가능합니다.",0,promotion,clear_general_0,CLEAR,explicit_promotion,promo,false,-15,GENERAL,false,false,SYNTHETIC_REVIEWED,0.6,noti_v0.2_generator,,PROJECT_OWNED,false,true,POLICY_REVIEWED,V02_TRAIN_047,0,PROMOTION,PROMOTIONAL,0,false,NONE,true,POLICY_APPROVED_V04,0.4,
V02_TRAIN_048,삼성카드,synthetic.kr.samsungcard,업데이트 완료,이번 달 이용 내역 업데이트가 완료되었습니다. 별도 작업은 필요하지 않습니다.,0,passive_update,clear_general_1,CLEAR,no_action_status,status,false,-10,GENERAL,false,false,SYNTHETIC_REVIEWED,0.6,noti_v0.2_generator,,PROJECT_OWNED,false,true,POLICY_REVIEWED,V02_TRAIN_048,0,PASSIVE_STATUS,INFORMATIONAL,0,true,APP_EVENT_TYPE,true,POLICY_APPROVED_V04,0.4,
V02_TRAIN_049,네이버페이,synthetic.kr.naverpay,네이버페이,간편결제 처리가 정상적으로 완료되지 않았습니다.,1,exception,eligible_promote_0_0,CLEAR,concrete_failure_or_exception,msg,false,25,REVIEW,false,true,SYNTHETIC_REVIEWED,0.6,noti_v0.2_generator,,PROJECT_OWNED,false,true,POLICY_REVIEWED,V02_TRAIN_049,1,PROCESS_FAILURE,ACTION_REQUIRED,1,false,NONE,true,POLICY_APPROVED_V04,0.4,2
V02_TRAIN_050,네이버페이,synthetic.kr.naverpay,간편결제 안내,간편결제 처리 중 문제가 발생했습니다.,1,exception,eligible_promote_0_1,CLEAR,concrete_failure_or_exception,msg,false,25,REVIEW,false,true,SYNTHETIC_REVIEWED,0.6,noti_v0.2_generator,,PROJECT_OWNED,false,true,POLICY_REVIEWED,V02_TRAIN_050,1,PROCESS_FAILURE,ACTION_REQUIRED,1,false,NONE,true,POLICY_APPROVED_V04,0.4,1
V02_TRAIN_051,네이버페이,synthetic.kr.naverpay,네이버페이,후불결제 납부: 내일 오전 9시로 변경되었습니다.,1,schedule_change,eligible_promote_schedule_1,CLEAR,meaningful_schedule_change,msg,false,30,REVIEW,false,true,SYNTHETIC_REVIEWED,0.6,noti_v0.2_generator,,PROJECT_OWNED,false,true,POLICY_REVIEWED,V02_TRAIN_051,1,SCHEDULE_CHANGE,ATTENTION_WORTHY,1,true,APP_EVENT_TYPE,true,POLICY_APPROVED_V04,0.4,0
V02_TRAIN_052,네이버페이,synthetic.kr.naverpay,후불결제 납부 안내,후불결제 납부 변경 안내입니다. 기존 일정과 달라졌습니다.,1,schedule_change,eligible_promote_schedule_2,CLEAR,meaningful_schedule_change,msg,false,30,REVIEW,false,true,SYNTHETIC_REVIEWED,0.6,noti_v0.2_generator,,PROJECT_OWNED,false,true,POLICY_REVIEWED,V02_TRAIN_052,1,SCHEDULE_CHANGE,ATTENTION_WORTHY,1,true,APP_EVENT_TYPE,true,POLICY_APPROVED_V04,0.4,3
V02_TRAIN_053,네이버페이,synthetic.kr.naverpay,네이버페이,확인이 필요합니다: 환불 계좌 정보,1,action_required,eligible_promote_2_0,CLEAR,concrete_user_confirmation,msg,false,25,REVIEW,false,true,SYNTHETIC_REVIEWED,0.6,noti_v0.2_generator,,PROJECT_OWNED,false,true,POLICY_REVIEWED,V02_TRAIN_053,1,USER_ACTION,ACTION_REQUIRED,1,false,NONE,true,POLICY_APPROVED_V04,0.4,0
V02_TRAIN_054,네이버페이,synthetic.kr.naverpay,환불 계좌 정보 안내,환불 계좌 정보 관련 확인이 필요합니다.,1,action_required,eligible_promote_2_1,CLEAR,concrete_user_confirmation,msg,false,25,REVIEW,false,true,SYNTHETIC_REVIEWED,0.6,noti_v0.2_generator,,PROJECT_OWNED,false,true,POLICY_REVIEWED,V02_TRAIN_054,1,USER_ACTION,ACTION_REQUIRED,1,false,NONE,true,POLICY_APPROVED_V04,0.4,4
V02_TRAIN_055,네이버페이,synthetic.kr.naverpay,네이버페이,포인트 사용 리포트: 이번 주 요약이 도착했습니다.,0,summary,eligible_keep_0_0,CLEAR,informational_summary,msg,false,25,REVIEW,false,true,SYNTHETIC_REVIEWED,0.6,noti_v0.2_generator,,PROJECT_OWNED,false,true,POLICY_REVIEWED,V02_TRAIN_055,0,SUMMARY,INFORMATIONAL,0,true,APP_EVENT_TYPE,true,POLICY_APPROVED_V04,0.4,3
V02_TRAIN_056,네이버페이,synthetic.kr.naverpay,포인트 사용 리포트 안내,포인트 사용 리포트 세부 내용을 확인해주세요.,0,summary,eligible_keep_0_1,CLEAR,informational_summary,msg,false,25,REVIEW,false,true,SYNTHETIC_REVIEWED,0.6,noti_v0.2_generator,,PROJECT_OWNED,false,true,POLICY_REVIEWED,V02_TRAIN_056,0,SUMMARY,INFORMATIONAL,0,true,APP_EVENT_TYPE,true,POLICY_APPROVED_V04,0.4,2
V02_TRAIN_057,네이버페이,synthetic.kr.naverpay,네이버페이,멤버십 캘린더 관련 내용이 내일 오전 10시에 업데이트됩니다.,0,optional_schedule,eligible_keep_schedule_1,CLEAR,optional_timed_content,reminder,false,25,REVIEW,false,true,SYNTHETIC_REVIEWED,0.6,noti_v0.2_generator,,PROJECT_OWNED,false,true,POLICY_REVIEWED,V02_TRAIN_057,0,OPTIONAL_CONTENT,PROMOTIONAL,0,true,APP_EVENT_TYPE,true,POLICY_APPROVED_V04,0.4,2
V02_TRAIN_058,네이버페이,synthetic.kr.naverpay,멤버십 캘린더 안내,관심 등록한 멤버십 캘린더 소식이 이번 주 공개될 예정입니다.,0,optional_schedule,eligible_keep_schedule_2,CLEAR,optional_timed_content,reminder,false,25,REVIEW,false,true,SYNTHETIC_REVIEWED,0.6,noti_v0.2_generator,,PROJECT_OWNED,false,true,POLICY_REVIEWED,V02_TRAIN_058,0,OPTIONAL_CONTENT,PROMOTIONAL,0,true,APP_EVENT_TYPE,true,POLICY_APPROVED_V04,0.4,0
V02_TRAIN_059,네이버페이,synthetic.kr.naverpay,네이버페이,결제 서비스 설문 참여 요청이 도착했습니다.,0,optional_survey,eligible_keep_2_0,CLEAR,optional_participation_request,msg,false,25,REVIEW,false,true,SYNTHETIC_REVIEWED,0.6,noti_v0.2_generator,,PROJECT_OWNED,false,true,POLICY_REVIEWED,V02_TRAIN_059,0,SURVEY,PROMOTIONAL,0,false,NONE,true,POLICY_APPROVED_V04,0.4,3
V02_TRAIN_060,네이버페이,synthetic.kr.naverpay,결제 서비스 설문 안내,결제 서비스 설문 관련 의견을 남겨주세요.,0,optional_survey,eligible_keep_2_1,CLEAR,optional_participation_request,msg,false,25,REVIEW,false,true,SYNTHETIC_REVIEWED,0.6,noti_v0.2_generator,,PROJECT_OWNED,false,true,POLICY_REVIEWED,V02_TRAIN_060,0,SURVEY,PROMOTIONAL,0,false,NONE,true,POLICY_APPROVED_V04,0.4,0
V02_TRAIN_061,네이버페이,synthetic.kr.naverpay,긴급 확인,간편결제 문제로 오늘까지 처리가 필요합니다. 즉시 확인해주세요.,1,urgent_action,clear_important_0,CLEAR,urgent_and_action_required,alarm,false,45,IMPORTANT,false,false,SYNTHETIC_REVIEWED,0.6,noti_v0.2_generator,,PROJECT_OWNED,false,true,POLICY_REVIEWED,V02_TRAIN_061,1,URGENT_ACTION,ACTION_REQUIRED,1,false,NONE,true,POLICY_APPROVED_V04,0.4,
V02_TRAIN_062,네이버페이,synthetic.kr.naverpay,보안 알림,새로운 기기에서 환불 계좌 정보 변경이 감지되었습니다.,1,security_change,clear_important_1,CLEAR,explicit_security_change,msg,false,50,IMPORTANT,false,false,SYNTHETIC_REVIEWED,0.6,noti_v0.2_generator,,PROJECT_OWNED,false,true,POLICY_REVIEWED,V02_TRAIN_062,1,SECURITY,ACTION_REQUIRED,1,false,NONE,true,POLICY_APPROVED_V04,0.4,
V02_TRAIN_063,네이버페이,synthetic.kr.naverpay,(광고) 오늘의 혜택,"포인트 추가 적립 이벤트, 오늘만 확인하세요. 수신거부는 설정에서 가능합니다.",0,promotion,clear_general_0,CLEAR,explicit_promotion,promo,false,-15,GENERAL,false,false,SYNTHETIC_REVIEWED,0.6,noti_v0.2_generator,,PROJECT_OWNED,false,true,POLICY_REVIEWED,V02_TRAIN_063,0,PROMOTION,PROMOTIONAL,0,false,NONE,true,POLICY_APPROVED_V04,0.4,
V02_TRAIN_064,네이버페이,synthetic.kr.naverpay,업데이트 완료,포인트 사용 리포트 업데이트가 완료되었습니다. 별도 작업은 필요하지 않습니다.,0,passive_update,clear_general_1,CLEAR,no_action_status,status,false,-10,GENERAL,false,false,SYNTHETIC_REVIEWED,0.6,noti_v0.2_generator,,PROJECT_OWNED,false,true,POLICY_REVIEWED,V02_TRAIN_064,0,PASSIVE_STATUS,INFORMATIONAL,0,true,APP_EVENT_TYPE,true,POLICY_APPROVED_V04,0.4,
V02_TRAIN_065,쿠팡,synthetic.kr.coupang,쿠팡,상품 주문 결제 처리가 정상적으로 완료되지 않았습니다.,1,exception,eligible_promote_0_0,CLEAR,concrete_failure_or_exception,msg,false,25,REVIEW,false,true,SYNTHETIC_REVIEWED,0.6,noti_v0.2_generator,,PROJECT_OWNED,false,true,POLICY_REVIEWED,V02_TRAIN_065,1,PROCESS_FAILURE,ACTION_REQUIRED,1,false,NONE,true,POLICY_APPROVED_V04,0.4,2
V02_TRAIN_066,쿠팡,synthetic.kr.coupang,상품 주문 결제 안내,상품 주문 결제 처리 중 문제가 발생했습니다.,1,exception,eligible_promote_0_1,CLEAR,concrete_failure_or_exception,msg,false,25,REVIEW,false,true,SYNTHETIC_REVIEWED,0.6,noti_v0.2_generator,,PROJECT_OWNED,false,true,POLICY_REVIEWED,V02_TRAIN_066,1,PROCESS_FAILURE,ACTION_REQUIRED,1,false,NONE,true,POLICY_APPROVED_V04,0.4,1
V02_TRAIN_067,쿠팡,synthetic.kr.coupang,쿠팡,배송 예정일: 기존 시간이 취소되고 새 시간이 등록되었습니다.,1,schedule_change,eligible_promote_schedule_3,CLEAR,meaningful_schedule_change,msg,false,30,REVIEW,false,true,SYNTHETIC_REVIEWED,0.6,noti_v0.2_generator,,PROJECT_OWNED,false,true,POLICY_REVIEWED,V02_TRAIN_067,1,SCHEDULE_CHANGE,ATTENTION_WORTHY,1,true,APP_EVENT_TYPE,true,POLICY_APPROVED_V04,0.4,2
V02_TRAIN_068,쿠팡,synthetic.kr.coupang,배송 예정일 안내,배송 예정일: 예정보다 2시간 앞당겨졌습니다.,1,schedule_change,eligible_promote_schedule_4,CLEAR,meaningful_schedule_change,msg,false,30,REVIEW,false,true,SYNTHETIC_REVIEWED,0.6,noti_v0.2_generator,,PROJECT_OWNED,false,true,POLICY_REVIEWED,V02_TRAIN_068,1,SCHEDULE_CHANGE,ATTENTION_WORTHY,1,true,APP_EVENT_TYPE,true,POLICY_APPROVED_V04,0.4,2
V02_TRAIN_069,쿠팡,synthetic.kr.coupang,쿠팡,확인이 필요합니다: 반품 수거 정보,1,action_required,eligible_promote_2_0,CLEAR,concrete_user_confirmation,msg,false,25,REVIEW,false,true,SYNTHETIC_REVIEWED,0.6,noti_v0.2_generator,,PROJECT_OWNED,false,true,POLICY_REVIEWED,V02_TRAIN_069,1,USER_ACTION,ACTION_REQUIRED,1,false,NONE,true,POLICY_APPROVED_V04,0.4,0
V02_TRAIN_070,쿠팡,synthetic.kr.coupang,반품 수거 정보 안내,반품 수거 정보 관련 확인이 필요합니다.,1,action_required,eligible_promote_2_1,CLEAR,concrete_user_confirmation,msg,false,25,REVIEW,false,true,SYNTHETIC_REVIEWED,0.6,noti_v0.2_generator,,PROJECT_OWNED,false,true,POLICY_REVIEWED,V02_TRAIN_070,1,USER_ACTION,ACTION_REQUIRED,1,false,NONE,true,POLICY_APPROVED_V04,0.4,4
V02_TRAIN_071,쿠팡,synthetic.kr.coupang,쿠팡,최근 본 상품 요약: 이번 주 요약이 도착했습니다.,0,summary,eligible_keep_0_0,CLEAR,informational_summary,msg,false,25,REVIEW,false,true,SYNTHETIC_REVIEWED,0.6,noti_v0.2_generator,,PROJECT_OWNED,false,true,POLICY_REVIEWED,V02_TRAIN_071,0,SUMMARY,INFORMATIONAL,0,true,APP_EVENT_TYPE,true,POLICY_APPROVED_V04,0.4,3
V02_TRAIN_072,쿠팡,synthetic.kr.coupang,최근 본 상품 요약 안내,최근 본 상품 요약 세부 내용을 확인해주세요.,0,summary,eligible_keep_0_1,CLEAR,informational_summary,msg,false,25,REVIEW,false,true,SYNTHETIC_REVIEWED,0.6,noti_v0.2_generator,,PROJECT_OWNED,false,true,POLICY_REVIEWED,V02_TRAIN_072,0,SUMMARY,INFORMATIONAL,0,true,APP_EVENT_TYPE,true,POLICY_APPROVED_V04,0.4,2
V02_TRAIN_073,쿠팡,synthetic.kr.coupang,쿠팡,장바구니 알림 공개 시간이 정해졌습니다.,0,optional_schedule,eligible_keep_schedule_3,CLEAR,optional_timed_content,reminder,false,25,REVIEW,false,true,SYNTHETIC_REVIEWED,0.6,noti_v0.2_generator,,PROJECT_OWNED,false,true,POLICY_REVIEWED,V02_TRAIN_073,0,OPTIONAL_CONTENT,PROMOTIONAL,0,true,APP_EVENT_TYPE,true,POLICY_APPROVED_V04,0.4,4
V02_TRAIN_074,쿠팡,synthetic.kr.coupang,장바구니 알림 안내,장바구니 알림 관련 알림이 곧 시작됩니다.,0,optional_schedule,eligible_keep_schedule_4,CLEAR,optional_timed_content,reminder,false,25,REVIEW,false,true,SYNTHETIC_REVIEWED,0.6,noti_v0.2_generator,,PROJECT_OWNED,false,true,POLICY_REVIEWED,V02_TRAIN_074,0,OPTIONAL_CONTENT,PROMOTIONAL,0,true,APP_EVENT_TYPE,true,POLICY_APPROVED_V04,0.4,4
V02_TRAIN_075,쿠팡,synthetic.kr.coupang,쿠팡,쇼핑 경험 설문 참여 요청이 도착했습니다.,0,optional_survey,eligible_keep_2_0,CLEAR,optional_participation_request,msg,false,25,REVIEW,false,true,SYNTHETIC_REVIEWED,0.6,noti_v0.2_generator,,PROJECT_OWNED,false,true,POLICY_REVIEWED,V02_TRAIN_075,0,SURVEY,PROMOTIONAL,0,false,NONE,true,POLICY_APPROVED_V04,0.4,3
V02_TRAIN_076,쿠팡,synthetic.kr.coupang,쇼핑 경험 설문 안내,쇼핑 경험 설문 관련 의견을 남겨주세요.,0,optional_survey,eligible_keep_2_1,CLEAR,optional_participation_request,msg,false,25,REVIEW,false,true,SYNTHETIC_REVIEWED,0.6,noti_v0.2_generator,,PROJECT_OWNED,false,true,POLICY_REVIEWED,V02_TRAIN_076,0,SURVEY,PROMOTIONAL,0,false,NONE,true,POLICY_APPROVED_V04,0.4,0
V02_TRAIN_077,쿠팡,synthetic.kr.coupang,긴급 확인,상품 주문 결제 문제로 오늘까지 처리가 필요합니다. 즉시 확인해주세요.,1,urgent_action,clear_important_0,CLEAR,urgent_and_action_required,alarm,false,45,IMPORTANT,false,false,SYNTHETIC_REVIEWED,0.6,noti_v0.2_generator,,PROJECT_OWNED,false,true,POLICY_REVIEWED,V02_TRAIN_077,1,URGENT_ACTION,ACTION_REQUIRED,1,false,NONE,true,POLICY_APPROVED_V04,0.4,
V02_TRAIN_078,쿠팡,synthetic.kr.coupang,보안 알림,새로운 기기에서 반품 수거 정보 변경이 감지되었습니다.,1,security_change,clear_important_1,CLEAR,explicit_security_change,msg,false,50,IMPORTANT,false,false,SYNTHETIC_REVIEWED,0.6,noti_v0.2_generator,,PROJECT_OWNED,false,true,POLICY_REVIEWED,V02_TRAIN_078,1,SECURITY,ACTION_REQUIRED,1,false,NONE,true,POLICY_APPROVED_V04,0.4,
V02_TRAIN_079,쿠팡,synthetic.kr.coupang,(광고) 오늘의 혜택,"와우회원 전용 특가, 오늘만 확인하세요. 수신거부는 설정에서 가능합니다.",0,promotion,clear_general_0,CLEAR,explicit_promotion,promo,false,-15,GENERAL,false,false,SYNTHETIC_REVIEWED,0.6,noti_v0.2_generator,,PROJECT_OWNED,false,true,POLICY_REVIEWED,V02_TRAIN_079,0,PROMOTION,PROMOTIONAL,0,false,NONE,true,POLICY_APPROVED_V04,0.4,
V02_TRAIN_080,쿠팡,synthetic.kr.coupang,업데이트 완료,최근 본 상품 요약 업데이트가 완료되었습니다. 별도 작업은 필요하지 않습니다.,0,passive_update,clear_general_1,CLEAR,no_action_status,status,false,-10,GENERAL,false,false,SYNTHETIC_REVIEWED,0.6,noti_v0.2_generator,,PROJECT_OWNED,false,true,POLICY_REVIEWED,V02_TRAIN_080,0,PASSIVE_STATUS,INFORMATIONAL,0,true,APP_EVENT_TYPE,true,POLICY_APPROVED_V04,0.4,
V02_TRAIN_081,오늘의집,synthetic.kr.ohou,오늘의집,가구 주문 결제 처리가 정상적으로 완료되지 않았습니다.,1,exception,eligible_promote_0_0,CLEAR,concrete_failure_or_exception,msg,false,25,REVIEW,false,true,SYNTHETIC_REVIEWED,0.6,noti_v0.2_generator,,PROJECT_OWNED,false,true,POLICY_REVIEWED,V02_TRAIN_081,1,PROCESS_FAILURE,ACTION_REQUIRED,1,false,NONE,true,POLICY_APPROVED_V04,0.4,2
V02_TRAIN_082,오늘의집,synthetic.kr.ohou,가구 주문 결제 안내,가구 주문 결제 처리 중 문제가 발생했습니다.,1,exception,eligible_promote_0_1,CLEAR,concrete_failure_or_exception,msg,false,25,REVIEW,false,true,SYNTHETIC_REVIEWED,0.6,noti_v0.2_generator,,PROJECT_OWNED,false,true,POLICY_REVIEWED,V02_TRAIN_082,1,PROCESS_FAILURE,ACTION_REQUIRED,1,false,NONE,true,POLICY_APPROVED_V04,0.4,1
V02_TRAIN_083,오늘의집,synthetic.kr.ohou,오늘의집,설치 배송일: 오늘 오후 6시로 변경되었습니다.,1,schedule_change,eligible_promote_schedule_0,CLEAR,meaningful_schedule_change,msg,false,30,REVIEW,false,true,SYNTHETIC_REVIEWED,0.6,noti_v0.2_generator,,PROJECT_OWNED,false,true,HUMAN_REVIEWED,V02_TRAIN_083,1,SCHEDULE_CHANGE,ATTENTION_WORTHY,1,false,NONE,true,HUMAN_REVIEWED_V04,0.4,3
V02_TRAIN_084,오늘의집,synthetic.kr.ohou,설치 배송일 안내,설치 배송일: 내일 오전 9시로 변경되었습니다.,1,schedule_change,eligible_promote_schedule_1,CLEAR,meaningful_schedule_change,msg,false,30,REVIEW,false,true,SYNTHETIC_REVIEWED,0.6,noti_v0.2_generator,,PROJECT_OWNED,false,true,POLICY_REVIEWED,V02_TRAIN_084,1,SCHEDULE_CHANGE,ATTENTION_WORTHY,1,true,APP_EVENT_TYPE,true,POLICY_APPROVED_V04,0.4,0
V02_TRAIN_085,오늘의집,synthetic.kr.ohou,오늘의집,확인이 필요합니다: 교환 수거 주소,1,action_required,eligible_promote_2_0,CLEAR,concrete_user_confirmation,msg,false,25,REVIEW,false,true,SYNTHETIC_REVIEWED,0.6,noti_v0.2_generator,,PROJECT_OWNED,false,true,POLICY_REVIEWED,V02_TRAIN_085,1,USER_ACTION,ACTION_REQUIRED,1,false,NONE,true,POLICY_APPROVED_V04,0.4,0
V02_TRAIN_086,오늘의집,synthetic.kr.ohou,교환 수거 주소 안내,교환 수거 주소 관련 확인이 필요합니다.,1,action_required,eligible_promote_2_1,CLEAR,concrete_user_confirmation,msg,false,25,REVIEW,false,true,SYNTHETIC_REVIEWED,0.6,noti_v0.2_generator,,PROJECT_OWNED,false,true,POLICY_REVIEWED,V02_TRAIN_086,1,USER_ACTION,ACTION_REQUIRED,1,false,NONE,true,POLICY_APPROVED_V04,0.4,4
V02_TRAIN_087,오늘의집,synthetic.kr.ohou,오늘의집,집들이 콘텐츠 요약: 이번 주 요약이 도착했습니다.,0,summary,eligible_keep_0_0,CLEAR,informational_summary,msg,false,25,REVIEW,false,true,SYNTHETIC_REVIEWED,0.6,noti_v0.2_generator,,PROJECT_OWNED,false,true,POLICY_REVIEWED,V02_TRAIN_087,0,SUMMARY,INFORMATIONAL,0,true,APP_EVENT_TYPE,true,POLICY_APPROVED_V04,0.4,3
V02_TRAIN_088,오늘의집,synthetic.kr.ohou,집들이 콘텐츠 요약 안내,집들이 콘텐츠 요약 세부 내용을 확인해주세요.,0,summary,eligible_keep_0_1,CLEAR,informational_summary,msg,false,25,REVIEW,false,true,SYNTHETIC_REVIEWED,0.6,noti_v0.2_generator,,PROJECT_OWNED,false,true,POLICY_REVIEWED,V02_TRAIN_088,0,SUMMARY,INFORMATIONAL,0,true,APP_EVENT_TYPE,true,POLICY_APPROVED_V04,0.4,2
V02_TRAIN_089,오늘의집,synthetic.kr.ohou,오늘의집,관심 상품 일정 관련 새 내용이 오늘 오후 3시에 공개됩니다.,0,optional_schedule,eligible_keep_schedule_0,CLEAR,optional_timed_content,reminder,false,25,REVIEW,false,true,SYNTHETIC_REVIEWED,0.6,noti_v0.2_generator,,PROJECT_OWNED,false,true,POLICY_REVIEWED,V02_TRAIN_089,0,OPTIONAL_CONTENT,PROMOTIONAL,0,true,APP_EVENT_TYPE,true,POLICY_APPROVED_V04,0.4,2
V02_TRAIN_090,오늘의집,synthetic.kr.ohou,관심 상품 일정 안내,관심 상품 일정 관련 내용이 내일 오전 10시에 업데이트됩니다.,0,optional_schedule,eligible_keep_schedule_1,CLEAR,optional_timed_content,reminder,false,25,REVIEW,false,true,SYNTHETIC_REVIEWED,0.6,noti_v0.2_generator,,PROJECT_OWNED,false,true,POLICY_REVIEWED,V02_TRAIN_090,0,OPTIONAL_CONTENT,PROMOTIONAL,0,true,APP_EVENT_TYPE,true,POLICY_APPROVED_V04,0.4,2
V02_TRAIN_091,오늘의집,synthetic.kr.ohou,오늘의집,인테리어 취향 설문 참여 요청이 도착했습니다.,0,optional_survey,eligible_keep_2_0,CLEAR,optional_participation_request,msg,false,25,REVIEW,false,true,SYNTHETIC_REVIEWED,0.6,noti_v0.2_generator,,PROJECT_OWNED,false,true,POLICY_REVIEWED,V02_TRAIN_091,0,SURVEY,PROMOTIONAL,0,false,NONE,true,POLICY_APPROVED_V04,0.4,3
V02_TRAIN_092,오늘의집,synthetic.kr.ohou,인테리어 취향 설문 안내,인테리어 취향 설문 관련 의견을 남겨주세요.,0,optional_survey,eligible_keep_2_1,CLEAR,optional_participation_request,msg,false,25,REVIEW,false,true,SYNTHETIC_REVIEWED,0.6,noti_v0.2_generator,,PROJECT_OWNED,false,true,POLICY_REVIEWED,V02_TRAIN_092,0,SURVEY,PROMOTIONAL,0,false,NONE,true,POLICY_APPROVED_V04,0.4,0
V02_TRAIN_093,오늘의집,synthetic.kr.ohou,긴급 확인,가구 주문 결제 문제로 오늘까지 처리가 필요합니다. 즉시 확인해주세요.,1,urgent_action,clear_important_0,CLEAR,urgent_and_action_required,alarm,false,45,IMPORTANT,false,false,SYNTHETIC_REVIEWED,0.6,noti_v0.2_generator,,PROJECT_OWNED,false,true,POLICY_REVIEWED,V02_TRAIN_093,1,URGENT_ACTION,ACTION_REQUIRED,1,false,NONE,true,POLICY_APPROVED_V04,0.4,
V02_TRAIN_094,오늘의집,synthetic.kr.ohou,보안 알림,새로운 기기에서 교환 수거 주소 변경이 감지되었습니다.,1,security_change,clear_important_1,CLEAR,explicit_security_change,msg,false,50,IMPORTANT,false,false,SYNTHETIC_REVIEWED,0.6,noti_v0.2_generator,,PROJECT_OWNED,false,true,POLICY_REVIEWED,V02_TRAIN_094,1,SECURITY,ACTION_REQUIRED,1,false,NONE,true,POLICY_APPROVED_V04,0.4,
V02_TRAIN_095,오늘의집,synthetic.kr.ohou,(광고) 오늘의 혜택,"인기 가구 최대 할인, 오늘만 확인하세요. 수신거부는 설정에서 가능합니다.",0,promotion,clear_general_0,CLEAR,explicit_promotion,promo,false,-15,GENERAL,false,false,SYNTHETIC_REVIEWED,0.6,noti_v0.2_generator,,PROJECT_OWNED,false,true,POLICY_REVIEWED,V02_TRAIN_095,0,PROMOTION,PROMOTIONAL,0,false,NONE,true,POLICY_APPROVED_V04,0.4,
V02_TRAIN_096,오늘의집,synthetic.kr.ohou,업데이트 완료,집들이 콘텐츠 요약 업데이트가 완료되었습니다. 별도 작업은 필요하지 않습니다.,0,passive_update,clear_general_1,CLEAR,no_action_status,status,false,-10,GENERAL,false,false,SYNTHETIC_REVIEWED,0.6,noti_v0.2_generator,,PROJECT_OWNED,false,true,POLICY_REVIEWED,V02_TRAIN_096,0,PASSIVE_STATUS,INFORMATIONAL,0,true,APP_EVENT_TYPE,true,POLICY_APPROVED_V04,0.4,
V02_TRAIN_097,당근,synthetic.kr.daangn,당근,송금 처리 처리가 정상적으로 완료되지 않았습니다.,1,exception,eligible_promote_0_0,CLEAR,concrete_failure_or_exception,msg,false,25,REVIEW,false,true,SYNTHETIC_REVIEWED,0.6,noti_v0.2_generator,,PROJECT_OWNED,false,true,POLICY_REVIEWED,V02_TRAIN_097,1,PROCESS_FAILURE,ACTION_REQUIRED,1,false,NONE,true,POLICY_APPROVED_V04,0.4,2
V02_TRAIN_098,당근,synthetic.kr.daangn,송금 처리 안내,송금 처리 처리 중 문제가 발생했습니다.,1,exception,eligible_promote_0_1,CLEAR,concrete_failure_or_exception,msg,false,25,REVIEW,false,true,SYNTHETIC_REVIEWED,0.6,noti_v0.2_generator,,PROJECT_OWNED,false,true,POLICY_REVIEWED,V02_TRAIN_098,1,PROCESS_FAILURE,ACTION_REQUIRED,1,false,NONE,true,POLICY_APPROVED_V04,0.4,1
V02_TRAIN_099,당근,synthetic.kr.daangn,당근,거래 약속 시간 변경 안내입니다. 기존 일정과 달라졌습니다.,1,schedule_change,eligible_promote_schedule_2,CLEAR,meaningful_schedule_change,msg,false,30,REVIEW,false,true,SYNTHETIC_REVIEWED,0.6,noti_v0.2_generator,,PROJECT_OWNED,false,true,POLICY_REVIEWED,V02_TRAIN_099,1,SCHEDULE_CHANGE,ATTENTION_WORTHY,1,true,APP_EVENT_TYPE,true,POLICY_APPROVED_V04,0.4,3
V02_TRAIN_100,당근,synthetic.kr.daangn,거래 약속 시간 안내,거래 약속 시간: 기존 시간이 취소되고 새 시간이 등록되었습니다.,1,schedule_change,eligible_promote_schedule_3,CLEAR,meaningful_schedule_change,msg,false,30,REVIEW,false,true,SYNTHETIC_REVIEWED,0.6,noti_v0.2_generator,,PROJECT_OWNED,false,true,POLICY_REVIEWED,V02_TRAIN_100,1,SCHEDULE_CHANGE,ATTENTION_WORTHY,1,true,APP_EVENT_TYPE,true,POLICY_APPROVED_V04,0.4,2
V02_TRAIN_101,당근,synthetic.kr.daangn,당근,확인이 필요합니다: 거래 장소 정보,1,action_required,eligible_promote_2_0,CLEAR,concrete_user_confirmation,msg,false,25,REVIEW,false,true,SYNTHETIC_REVIEWED,0.6,noti_v0.2_generator,,PROJECT_OWNED,false,true,POLICY_REVIEWED,V02_TRAIN_101,1,USER_ACTION,ACTION_REQUIRED,1,false,NONE,true,POLICY_APPROVED_V04,0.4,0
V02_TRAIN_102,당근,synthetic.kr.daangn,거래 장소 정보 안내,거래 장소 정보 관련 확인이 필요합니다.,1,action_required,eligible_promote_2_1,CLEAR,concrete_user_confirmation,msg,false,25,REVIEW,false,true,SYNTHETIC_REVIEWED,0.6,noti_v0.2_generator,,PROJECT_OWNED,false,true,POLICY_REVIEWED,V02_TRAIN_102,1,USER_ACTION,ACTION_REQUIRED,1,false,NONE,true,POLICY_APPROVED_V04,0.4,4
V02_TRAIN_103,당근,synthetic.kr.daangn,당근,동네 활동 요약: 이번 주 요약이 도착했습니다.,0,summary,eligible_keep_0_0,CLEAR,informational_summary,msg,false,25,REVIEW,false,true,SYNTHETIC_REVIEWED,0.6,noti_v0.2_generator,,PROJECT_OWNED,false,true,POLICY_REVIEWED,V02_TRAIN_103,0,SUMMARY,INFORMATIONAL,0,true,APP_EVENT_TYPE,true,POLICY_APPROVED_V04,0.4,3
V02_TRAIN_104,당근,synthetic.kr.daangn,동네 활동 요약 안내,동네 활동 요약 세부 내용을 확인해주세요.,0,summary,eligible_keep_0_1,CLEAR,informational_summary,msg,false,25,REVIEW,false,true,SYNTHETIC_REVIEWED,0.6,noti_v0.2_generator,,PROJECT_OWNED,false,true,POLICY_REVIEWED,V02_TRAIN_104,0,SUMMARY,INFORMATIONAL,0,true,APP_EVENT_TYPE,true,POLICY_APPROVED_V04,0.4,2
V02_TRAIN_105,당근,synthetic.kr.daangn,당근,관심 등록한 관심 물품 알림 소식이 이번 주 공개될 예정입니다.,0,optional_schedule,eligible_keep_schedule_2,CLEAR,optional_timed_content,reminder,false,25,REVIEW,false,true,SYNTHETIC_REVIEWED,0.6,noti_v0.2_generator,,PROJECT_OWNED,false,true,POLICY_REVIEWED,V02_TRAIN_105,0,OPTIONAL_CONTENT,PROMOTIONAL,0,true,APP_EVENT_TYPE,true,POLICY_APPROVED_V04,0.4,0
V02_TRAIN_106,당근,synthetic.kr.daangn,관심 물품 알림 안내,관심 물품 알림 공개 시간이 정해졌습니다.,0,optional_schedule,eligible_keep_schedule_3,CLEAR,optional_timed_content,reminder,false,25,REVIEW,false,true,SYNTHETIC_REVIEWED,0.6,noti_v0.2_generator,,PROJECT_OWNED,false,true,POLICY_REVIEWED,V02_TRAIN_106,0,OPTIONAL_CONTENT,PROMOTIONAL,0,true,APP_EVENT_TYPE,true,POLICY_APPROVED_V04,0.4,4
V02_TRAIN_107,당근,synthetic.kr.daangn,당근,거래 경험 설문 참여 요청이 도착했습니다.,0,optional_survey,eligible_keep_2_0,CLEAR,optional_participation_request,msg,false,25,REVIEW,false,true,SYNTHETIC_REVIEWED,0.6,noti_v0.2_generator,,PROJECT_OWNED,false,true,POLICY_REVIEWED,V02_TRAIN_107,0,SURVEY,PROMOTIONAL,0,false,NONE,true,POLICY_APPROVED_V04,0.4,3
V02_TRAIN_108,당근,synthetic.kr.daangn,거래 경험 설문 안내,거래 경험 설문 관련 의견을 남겨주세요.,0,optional_survey,eligible_keep_2_1,CLEAR,optional_participation_request,msg,false,25,REVIEW,false,true,SYNTHETIC_REVIEWED,0.6,noti_v0.2_generator,,PROJECT_OWNED,false,true,POLICY_REVIEWED,V02_TRAIN_108,0,SURVEY,PROMOTIONAL,0,false,NONE,true,POLICY_APPROVED_V04,0.4,0
V02_TRAIN_109,당근,synthetic.kr.daangn,긴급 확인,송금 처리 문제로 오늘까지 처리가 필요합니다. 즉시 확인해주세요.,1,urgent_action,clear_important_0,CLEAR,urgent_and_action_required,alarm,false,45,IMPORTANT,false,false,SYNTHETIC_REVIEWED,0.6,noti_v0.2_generator,,PROJECT_OWNED,false,true,POLICY_REVIEWED,V02_TRAIN_109,1,URGENT_ACTION,ACTION_REQUIRED,1,false,NONE,true,POLICY_APPROVED_V04,0.4,
V02_TRAIN_110,당근,synthetic.kr.daangn,보안 알림,새로운 기기에서 거래 장소 정보 변경이 감지되었습니다.,1,security_change,clear_important_1,CLEAR,explicit_security_change,msg,false,50,IMPORTANT,false,false,SYNTHETIC_REVIEWED,0.6,noti_v0.2_generator,,PROJECT_OWNED,false,true,POLICY_REVIEWED,V02_TRAIN_110,1,SECURITY,ACTION_REQUIRED,1,false,NONE,true,POLICY_APPROVED_V04,0.4,
V02_TRAIN_111,당근,synthetic.kr.daangn,(광고) 오늘의 혜택,"동네 가게 단골 쿠폰, 오늘만 확인하세요. 수신거부는 설정에서 가능합니다.",0,promotion,clear_general_0,CLEAR,explicit_promotion,promo,false,-15,GENERAL,false,false,SYNTHETIC_REVIEWED,0.6,noti_v0.2_generator,,PROJECT_OWNED,false,true,POLICY_REVIEWED,V02_TRAIN_111,0,PROMOTION,PROMOTIONAL,0,false,NONE,true,POLICY_APPROVED_V04,0.4,
V02_TRAIN_112,당근,synthetic.kr.daangn,업데이트 완료,동네 활동 요약 업데이트가 완료되었습니다. 별도 작업은 필요하지 않습니다.,0,passive_update,clear_general_1,CLEAR,no_action_status,status,false,-10,GENERAL,false,false,SYNTHETIC_REVIEWED,0.6,noti_v0.2_generator,,PROJECT_OWNED,false,true,POLICY_REVIEWED,V02_TRAIN_112,0,PASSIVE_STATUS,INFORMATIONAL,0,true,APP_EVENT_TYPE,true,POLICY_APPROVED_V04,0.4,
V02_TRAIN_113,CJ대한통운,synthetic.kr.cjlogistics,CJ대한통운,배송지 확인 처리가 정상적으로 완료되지 않았습니다.,1,exception,eligible_promote_0_0,CLEAR,concrete_failure_or_exception,msg,false,25,REVIEW,false,true,SYNTHETIC_REVIEWED,0.6,noti_v0.2_generator,,PROJECT_OWNED,false,true,POLICY_REVIEWED,V02_TRAIN_113,1,PROCESS_FAILURE,ACTION_REQUIRED,1,false,NONE,true,POLICY_APPROVED_V04,0.4,2
V02_TRAIN_114,CJ대한통운,synthetic.kr.cjlogistics,배송지 확인 안내,배송지 확인 처리 중 문제가 발생했습니다.,1,exception,eligible_promote_0_1,CLEAR,concrete_failure_or_exception,msg,false,25,REVIEW,false,true,SYNTHETIC_REVIEWED,0.6,noti_v0.2_generator,,PROJECT_OWNED,false,true,POLICY_REVIEWED,V02_TRAIN_114,1,PROCESS_FAILURE,ACTION_REQUIRED,1,false,NONE,true,POLICY_APPROVED_V04,0.4,1
V02_TRAIN_115,CJ대한통운,synthetic.kr.cjlogistics,CJ대한통운,택배 도착 예정일: 예정보다 2시간 앞당겨졌습니다.,1,schedule_change,eligible_promote_schedule_4,CLEAR,meaningful_schedule_change,msg,false,30,REVIEW,false,true,SYNTHETIC_REVIEWED,0.6,noti_v0.2_generator,,PROJECT_OWNED,false,true,POLICY_REVIEWED,V02_TRAIN_115,1,SCHEDULE_CHANGE,ATTENTION_WORTHY,1,true,APP_EVENT_TYPE,true,POLICY_APPROVED_V04,0.4,2
V02_TRAIN_116,CJ대한통운,synthetic.kr.cjlogistics,택배 도착 예정일 안내,택배 도착 예정일: 오늘 오후 6시로 변경되었습니다.,1,schedule_change,eligible_promote_schedule_0,CLEAR,meaningful_schedule_change,msg,false,30,REVIEW,false,true,SYNTHETIC_REVIEWED,0.6,noti_v0.2_generator,,PROJECT_OWNED,false,true,POLICY_REVIEWED,V02_TRAIN_116,1,SCHEDULE_CHANGE,ATTENTION_WORTHY,1,true,APP_EVENT_TYPE,true,POLICY_APPROVED_V04,0.4,3
V02_TRAIN_117,CJ대한통운,synthetic.kr.cjlogistics,CJ대한통운,확인이 필요합니다: 반송 접수 정보,1,action_required,eligible_promote_2_0,CLEAR,concrete_user_confirmation,msg,false,25,REVIEW,false,true,SYNTHETIC_REVIEWED,0.6,noti_v0.2_generator,,PROJECT_OWNED,false,true,POLICY_REVIEWED,V02_TRAIN_117,1,USER_ACTION,ACTION_REQUIRED,1,false,NONE,true,POLICY_APPROVED_V04,0.4,0
V02_TRAIN_118,CJ대한통운,synthetic.kr.cjlogistics,반송 접수 정보 안내,반송 접수 정보 관련 확인이 필요합니다.,1,action_required,eligible_promote_2_1,CLEAR,concrete_user_confirmation,msg,false,25,REVIEW,false,true,SYNTHETIC_REVIEWED,0.6,noti_v0.2_generator,,PROJECT_OWNED,false,true,POLICY_REVIEWED,V02_TRAIN_118,1,USER_ACTION,ACTION_REQUIRED,1,false,NONE,true,POLICY_APPROVED_V04,0.4,4
V02_TRAIN_119,CJ대한통운,synthetic.kr.cjlogistics,CJ대한통운,주간 배송 요약: 이번 주 요약이 도착했습니다.,0,summary,eligible_keep_0_0,CLEAR,informational_summary,msg,false,25,REVIEW,false,true,SYNTHETIC_REVIEWED,0.6,noti_v0.2_generator,,PROJECT_OWNED,false,true,POLICY_REVIEWED,V02_TRAIN_119,0,SUMMARY,INFORMATIONAL,0,true,APP_EVENT_TYPE,true,POLICY_APPROVED_V04,0.4,3
V02_TRAIN_120,CJ대한통운,synthetic.kr.cjlogistics,주간 배송 요약 안내,주간 배송 요약 세부 내용을 확인해주세요.,0,summary,eligible_keep_0_1,CLEAR,informational_summary,msg,false,25,REVIEW,false,true,SYNTHETIC_REVIEWED,0.6,noti_v0.2_generator,,PROJECT_OWNED,false,true,POLICY_REVIEWED,V02_TRAIN_120,0,SUMMARY,INFORMATIONAL,0,true,APP_EVENT_TYPE,true,POLICY_APPROVED_V04,0.4,2
V02_TRAIN_121,CJ대한통운,synthetic.kr.cjlogistics,CJ대한통운,택배 조회 일정 관련 알림이 곧 시작됩니다.,0,optional_schedule,eligible_keep_schedule_4,CLEAR,optional_timed_content,reminder,false,25,REVIEW,false,true,SYNTHETIC_REVIEWED,0.6,noti_v0.2_generator,,PROJECT_OWNED,false,true,POLICY_REVIEWED,V02_TRAIN_121,0,OPTIONAL_CONTENT,PROMOTIONAL,0,true,APP_EVENT_TYPE,true,POLICY_APPROVED_V04,0.4,4
V02_TRAIN_122,CJ대한통운,synthetic.kr.cjlogistics,택배 조회 일정 안내,택배 조회 일정 관련 새 내용이 오늘 오후 3시에 공개됩니다.,0,optional_schedule,eligible_keep_schedule_0,CLEAR,optional_timed_content,reminder,false,25,REVIEW,false,true,SYNTHETIC_REVIEWED,0.6,noti_v0.2_generator,,PROJECT_OWNED,false,true,POLICY_REVIEWED,V02_TRAIN_122,0,OPTIONAL_CONTENT,PROMOTIONAL,0,true,APP_EVENT_TYPE,true,POLICY_APPROVED_V04,0.4,2
V02_TRAIN_123,CJ대한통운,synthetic.kr.cjlogistics,CJ대한통운,배송 만족도 설문 참여 요청이 도착했습니다.,0,optional_survey,eligible_keep_2_0,CLEAR,optional_participation_request,msg,false,25,REVIEW,false,true,SYNTHETIC_REVIEWED,0.6,noti_v0.2_generator,,PROJECT_OWNED,false,true,POLICY_REVIEWED,V02_TRAIN_123,0,SURVEY,PROMOTIONAL,0,false,NONE,true,POLICY_APPROVED_V04,0.4,3
V02_TRAIN_124,CJ대한통운,synthetic.kr.cjlogistics,배송 만족도 설문 안내,배송 만족도 설문 관련 의견을 남겨주세요.,0,optional_survey,eligible_keep_2_1,CLEAR,optional_participation_request,msg,false,25,REVIEW,false,true,SYNTHETIC_REVIEWED,0.6,noti_v0.2_generator,,PROJECT_OWNED,false,true,POLICY_REVIEWED,V02_TRAIN_124,0,SURVEY,PROMOTIONAL,0,false,NONE,true,POLICY_APPROVED_V04,0.4,0
V02_TRAIN_125,CJ대한통운,synthetic.kr.cjlogistics,긴급 확인,배송지 확인 문제로 오늘까지 처리가 필요합니다. 즉시 확인해주세요.,1,urgent_action,clear_important_0,CLEAR,urgent_and_action_required,alarm,false,45,IMPORTANT,false,false,SYNTHETIC_REVIEWED,0.6,noti_v0.2_generator,,PROJECT_OWNED,false,true,POLICY_REVIEWED,V02_TRAIN_125,1,URGENT_ACTION,ACTION_REQUIRED,1,false,NONE,true,POLICY_APPROVED_V04,0.4,
V02_TRAIN_126,CJ대한통운,synthetic.kr.cjlogistics,보안 알림,새로운 기기에서 반송 접수 정보 변경이 감지되었습니다.,1,security_change,clear_important_1,CLEAR,explicit_security_change,msg,false,50,IMPORTANT,false,false,SYNTHETIC_REVIEWED,0.6,noti_v0.2_generator,,PROJECT_OWNED,false,true,POLICY_REVIEWED,V02_TRAIN_126,1,SECURITY,ACTION_REQUIRED,1,false,NONE,true,POLICY_APPROVED_V04,0.4,
V02_TRAIN_127,CJ대한통운,synthetic.kr.cjlogistics,(광고) 오늘의 혜택,"택배 이용 고객 이벤트, 오늘만 확인하세요. 수신거부는 설정에서 가능합니다.",0,promotion,clear_general_0,CLEAR,explicit_promotion,promo,false,-15,GENERAL,false,false,SYNTHETIC_REVIEWED,0.6,noti_v0.2_generator,,PROJECT_OWNED,false,true,POLICY_REVIEWED,V02_TRAIN_127,0,PROMOTION,PROMOTIONAL,0,false,NONE,true,POLICY_APPROVED_V04,0.4,
V02_TRAIN_128,CJ대한통운,synthetic.kr.cjlogistics,업데이트 완료,주간 배송 요약 업데이트가 완료되었습니다. 별도 작업은 필요하지 않습니다.,0,passive_update,clear_general_1,CLEAR,no_action_status,status,false,-10,GENERAL,false,false,SYNTHETIC_REVIEWED,0.6,noti_v0.2_generator,,PROJECT_OWNED,false,true,POLICY_REVIEWED,V02_TRAIN_128,0,PASSIVE_STATUS,INFORMATIONAL,0,true,APP_EVENT_TYPE,true,POLICY_APPROVED_V04,0.4,
V02_TRAIN_129,배달의민족,synthetic.kr.baemin,배달의민족,배달 주문 결제 처리가 정상적으로 완료되지 않았습니다.,1,exception,eligible_promote_0_0,CLEAR,concrete_failure_or_exception,msg,false,25,REVIEW,false,true,SYNTHETIC_REVIEWED,0.6,noti_v0.2_generator,,PROJECT_OWNED,false,true,POLICY_REVIEWED,V02_TRAIN_129,1,PROCESS_FAILURE,ACTION_REQUIRED,1,false,NONE,true,POLICY_APPROVED_V04,0.4,2
V02_TRAIN_130,배달의민족,synthetic.kr.baemin,배달 주문 결제 안내,배달 주문 결제 처리 중 문제가 발생했습니다.,1,exception,eligible_promote_0_1,CLEAR,concrete_failure_or_exception,msg,false,25,REVIEW,false,true,SYNTHETIC_REVIEWED,0.6,noti_v0.2_generator,,PROJECT_OWNED,false,true,POLICY_REVIEWED,V02_TRAIN_130,1,PROCESS_FAILURE,ACTION_REQUIRED,1,false,NONE,true,POLICY_APPROVED_V04,0.4,1
V02_TRAIN_131,배달의민족,synthetic.kr.baemin,배달의민족,배달 도착 예정 시간: 내일 오전 9시로 변경되었습니다.,1,schedule_change,eligible_promote_schedule_1,CLEAR,meaningful_schedule_change,msg,false,30,REVIEW,false,true,SYNTHETIC_REVIEWED,0.6,noti_v0.2_generator,,PROJECT_OWNED,false,true,POLICY_REVIEWED,V02_TRAIN_131,1,SCHEDULE_CHANGE,ATTENTION_WORTHY,1,true,APP_EVENT_TYPE,true,POLICY_APPROVED_V04,0.4,0
V02_TRAIN_132,배달의민족,synthetic.kr.baemin,배달 도착 예정 시간 안내,배달 도착 예정 시간 변경 안내입니다. 기존 일정과 달라졌습니다.,1,schedule_change,eligible_promote_schedule_2,CLEAR,meaningful_schedule_change,msg,false,30,REVIEW,false,true,SYNTHETIC_REVIEWED,0.6,noti_v0.2_generator,,PROJECT_OWNED,false,true,POLICY_REVIEWED,V02_TRAIN_132,1,SCHEDULE_CHANGE,ATTENTION_WORTHY,1,true,APP_EVENT_TYPE,true,POLICY_APPROVED_V04,0.4,3
V02_TRAIN_133,배달의민족,synthetic.kr.baemin,배달의민족,확인이 필요합니다: 배달 주소,1,action_required,eligible_promote_2_0,CLEAR,concrete_user_confirmation,msg,false,25,REVIEW,false,true,SYNTHETIC_REVIEWED,0.6,noti_v0.2_generator,,PROJECT_OWNED,false,true,POLICY_REVIEWED,V02_TRAIN_133,1,USER_ACTION,ACTION_REQUIRED,1,false,NONE,true,POLICY_APPROVED_V04,0.4,0
V02_TRAIN_134,배달의민족,synthetic.kr.baemin,배달 주소 안내,배달 주소 관련 확인이 필요합니다.,1,action_required,eligible_promote_2_1,CLEAR,concrete_user_confirmation,msg,false,25,REVIEW,false,true,SYNTHETIC_REVIEWED,0.6,noti_v0.2_generator,,PROJECT_OWNED,false,true,POLICY_REVIEWED,V02_TRAIN_134,1,USER_ACTION,ACTION_REQUIRED,1,false,NONE,true,POLICY_APPROVED_V04,0.4,4
V02_TRAIN_135,배달의민족,synthetic.kr.baemin,배달의민족,이번 주 주문 요약: 이번 주 요약이 도착했습니다.,0,summary,eligible_keep_0_0,CLEAR,informational_summary,msg,false,25,REVIEW,false,true,SYNTHETIC_REVIEWED,0.6,noti_v0.2_generator,,PROJECT_OWNED,false,true,POLICY_REVIEWED,V02_TRAIN_135,0,SUMMARY,INFORMATIONAL,0,true,APP_EVENT_TYPE,true,POLICY_APPROVED_V04,0.4,3
V02_TRAIN_136,배달의민족,synthetic.kr.baemin,이번 주 주문 요약 안내,이번 주 주문 요약 세부 내용을 확인해주세요.,0,summary,eligible_keep_0_1,CLEAR,informational_summary,msg,false,25,REVIEW,false,true,SYNTHETIC_REVIEWED,0.6,noti_v0.2_generator,,PROJECT_OWNED,false,true,POLICY_REVIEWED,V02_TRAIN_136,0,SUMMARY,INFORMATIONAL,0,true,APP_EVENT_TYPE,true,POLICY_APPROVED_V04,0.4,2
V02_TRAIN_137,배달의민족,synthetic.kr.baemin,배달의민족,찜한 가게 알림 관련 내용이 내일 오전 10시에 업데이트됩니다.,0,optional_schedule,eligible_keep_schedule_1,CLEAR,optional_timed_content,reminder,false,25,REVIEW,false,true,SYNTHETIC_REVIEWED,0.6,noti_v0.2_generator,,PROJECT_OWNED,false,true,POLICY_REVIEWED,V02_TRAIN_137,0,OPTIONAL_CONTENT,PROMOTIONAL,0,true,APP_EVENT_TYPE,true,POLICY_APPROVED_V04,0.4,2
V02_TRAIN_138,배달의민족,synthetic.kr.baemin,찜한 가게 알림 안내,관심 등록한 찜한 가게 알림 소식이 이번 주 공개될 예정입니다.,0,optional_schedule,eligible_keep_schedule_2,CLEAR,optional_timed_content,reminder,false,25,REVIEW,false,true,SYNTHETIC_REVIEWED,0.6,noti_v0.2_generator,,PROJECT_OWNED,false,true,POLICY_REVIEWED,V02_TRAIN_138,0,OPTIONAL_CONTENT,PROMOTIONAL,0,true,APP_EVENT_TYPE,true,POLICY_APPROVED_V04,0.4,0
V02_TRAIN_139,배달의민족,synthetic.kr.baemin,배달의민족,배달 경험 설문 참여 요청이 도착했습니다.,0,optional_survey,eligible_keep_2_0,CLEAR,optional_participation_request,msg,false,25,REVIEW,false,true,SYNTHETIC_REVIEWED,0.6,noti_v0.2_generator,,PROJECT_OWNED,false,true,POLICY_REVIEWED,V02_TRAIN_139,0,SURVEY,PROMOTIONAL,0,false,NONE,true,POLICY_APPROVED_V04,0.4,3
V02_TRAIN_140,배달의민족,synthetic.kr.baemin,배달 경험 설문 안내,배달 경험 설문 관련 의견을 남겨주세요.,0,optional_survey,eligible_keep_2_1,CLEAR,optional_participation_request,msg,false,25,REVIEW,false,true,SYNTHETIC_REVIEWED,0.6,noti_v0.2_generator,,PROJECT_OWNED,false,true,POLICY_REVIEWED,V02_TRAIN_140,0,SURVEY,PROMOTIONAL,0,false,NONE,true,POLICY_APPROVED_V04,0.4,0
V02_TRAIN_141,배달의민족,synthetic.kr.baemin,긴급 확인,배달 주문 결제 문제로 오늘까지 처리가 필요합니다. 즉시 확인해주세요.,1,urgent_action,clear_important_0,CLEAR,urgent_and_action_required,alarm,false,45,IMPORTANT,false,false,SYNTHETIC_REVIEWED,0.6,noti_v0.2_generator,,PROJECT_OWNED,false,true,POLICY_REVIEWED,V02_TRAIN_141,1,URGENT_ACTION,ACTION_REQUIRED,1,false,NONE,true,POLICY_APPROVED_V04,0.4,
V02_TRAIN_142,배달의민족,synthetic.kr.baemin,보안 알림,새로운 기기에서 배달 주소 변경이 감지되었습니다.,1,security_change,clear_important_1,CLEAR,explicit_security_change,msg,false,50,IMPORTANT,false,false,SYNTHETIC_REVIEWED,0.6,noti_v0.2_generator,,PROJECT_OWNED,false,true,POLICY_REVIEWED,V02_TRAIN_142,1,SECURITY,ACTION_REQUIRED,1,false,NONE,true,POLICY_APPROVED_V04,0.4,
V02_TRAIN_143,배달의민족,synthetic.kr.baemin,(광고) 오늘의 혜택,"첫 주문 할인 쿠폰, 오늘만 확인하세요. 수신거부는 설정에서 가능합니다.",0,promotion,clear_general_0,CLEAR,explicit_promotion,promo,false,-15,GENERAL,false,false,SYNTHETIC_REVIEWED,0.6,noti_v0.2_generator,,PROJECT_OWNED,false,true,POLICY_REVIEWED,V02_TRAIN_143,0,PROMOTION,PROMOTIONAL,0,false,NONE,true,POLICY_APPROVED_V04,0.4,
V02_TRAIN_144,배달의민족,synthetic.kr.baemin,업데이트 완료,이번 주 주문 요약 업데이트가 완료되었습니다. 별도 작업은 필요하지 않습니다.,0,passive_update,clear_general_1,CLEAR,no_action_status,status,false,-10,GENERAL,false,false,SYNTHETIC_REVIEWED,0.6,noti_v0.2_generator,,PROJECT_OWNED,false,true,POLICY_REVIEWED,V02_TRAIN_144,0,PASSIVE_STATUS,INFORMATIONAL,0,true,APP_EVENT_TYPE,true,POLICY_APPROVED_V04,0.4,
V02_TRAIN_145,요기요,synthetic.kr.yogiyo,요기요,주문 승인 처리가 정상적으로 완료되지 않았습니다.,1,exception,eligible_promote_0_0,CLEAR,concrete_failure_or_exception,msg,false,25,REVIEW,false,true,SYNTHETIC_REVIEWED,0.6,noti_v0.2_generator,,PROJECT_OWNED,false,true,POLICY_REVIEWED,V02_TRAIN_145,1,PROCESS_FAILURE,ACTION_REQUIRED,1,false,NONE,true,POLICY_APPROVED_V04,0.4,2
V02_TRAIN_146,요기요,synthetic.kr.yogiyo,주문 승인 안내,주문 승인 처리 중 문제가 발생했습니다.,1,exception,eligible_promote_0_1,CLEAR,concrete_failure_or_exception,msg,false,25,REVIEW,false,true,SYNTHETIC_REVIEWED,0.6,noti_v0.2_generator,,PROJECT_OWNED,false,true,POLICY_REVIEWED,V02_TRAIN_146,1,PROCESS_FAILURE,ACTION_REQUIRED,1,false,NONE,true,POLICY_APPROVED_V04,0.4,1
V02_TRAIN_147,요기요,synthetic.kr.yogiyo,요기요,포장 완료 예정 시간: 기존 시간이 취소되고 새 시간이 등록되었습니다.,1,schedule_change,eligible_promote_schedule_3,CLEAR,meaningful_schedule_change,msg,false,30,REVIEW,false,true,SYNTHETIC_REVIEWED,0.6,noti_v0.2_generator,,PROJECT_OWNED,false,true,POLICY_REVIEWED,V02_TRAIN_147,1,SCHEDULE_CHANGE,ATTENTION_WORTHY,1,true,APP_EVENT_TYPE,true,POLICY_APPROVED_V04,0.4,2
V02_TRAIN_148,요기요,synthetic.kr.yogiyo,포장 완료 예정 시간 안내,포장 완료 예정 시간: 예정보다 2시간 앞당겨졌습니다.,1,schedule_change,eligible_promote_schedule_4,CLEAR,meaningful_schedule_change,msg,false,30,REVIEW,false,true,SYNTHETIC_REVIEWED,0.6,noti_v0.2_generator,,PROJECT_OWNED,false,true,POLICY_REVIEWED,V02_TRAIN_148,1,SCHEDULE_CHANGE,ATTENTION_WORTHY,1,true,APP_EVENT_TYPE,true,POLICY_APPROVED_V04,0.4,2
V02_TRAIN_149,요기요,synthetic.kr.yogiyo,요기요,확인이 필요합니다: 수령 장소,1,action_required,eligible_promote_2_0,CLEAR,concrete_user_confirmation,msg,false,25,REVIEW,false,true,SYNTHETIC_REVIEWED,0.6,noti_v0.2_generator,,PROJECT_OWNED,false,true,POLICY_REVIEWED,V02_TRAIN_149,1,USER_ACTION,ACTION_REQUIRED,1,false,NONE,true,POLICY_APPROVED_V04,0.4,0
V02_TRAIN_150,요기요,synthetic.kr.yogiyo,수령 장소 안내,수령 장소 관련 확인이 필요합니다.,1,action_required,eligible_promote_2_1,CLEAR,concrete_user_confirmation,msg,false,25,REVIEW,false,true,SYNTHETIC_REVIEWED,0.6,noti_v0.2_generator,,PROJECT_OWNED,false,true,POLICY_REVIEWED,V02_TRAIN_150,1,USER_ACTION,ACTION_REQUIRED,1,false,NONE,true,POLICY_APPROVED_V04,0.4,4
V02_TRAIN_151,요기요,synthetic.kr.yogiyo,요기요,최근 주문 요약: 이번 주 요약이 도착했습니다.,0,summary,eligible_keep_0_0,CLEAR,informational_summary,msg,false,25,REVIEW,false,true,SYNTHETIC_REVIEWED,0.6,noti_v0.2_generator,,PROJECT_OWNED,false,true,POLICY_REVIEWED,V02_TRAIN_151,0,SUMMARY,INFORMATIONAL,0,true,APP_EVENT_TYPE,true,POLICY_APPROVED_V04,0.4,3
V02_TRAIN_152,요기요,synthetic.kr.yogiyo,최근 주문 요약 안내,최근 주문 요약 세부 내용을 확인해주세요.,0,summary,eligible_keep_0_1,CLEAR,informational_summary,msg,false,25,REVIEW,false,true,SYNTHETIC_REVIEWED,0.6,noti_v0.2_generator,,PROJECT_OWNED,false,true,POLICY_REVIEWED,V02_TRAIN_152,0,SUMMARY,INFORMATIONAL,0,true,APP_EVENT_TYPE,true,POLICY_APPROVED_V04,0.4,2
V02_TRAIN_153,요기요,synthetic.kr.yogiyo,요기요,즐겨찾기 가게 일정 공개 시간이 정해졌습니다.,0,optional_schedule,eligible_keep_schedule_3,CLEAR,optional_timed_content,reminder,false,25,REVIEW,false,true,SYNTHETIC_REVIEWED,0.6,noti_v0.2_generator,,PROJECT_OWNED,false,true,POLICY_REVIEWED,V02_TRAIN_153,0,OPTIONAL_CONTENT,PROMOTIONAL,0,true,APP_EVENT_TYPE,true,POLICY_APPROVED_V04,0.4,4
V02_TRAIN_154,요기요,synthetic.kr.yogiyo,즐겨찾기 가게 일정 안내,즐겨찾기 가게 일정 관련 알림이 곧 시작됩니다.,0,optional_schedule,eligible_keep_schedule_4,CLEAR,optional_timed_content,reminder,false,25,REVIEW,false,true,SYNTHETIC_REVIEWED,0.6,noti_v0.2_generator,,PROJECT_OWNED,false,true,POLICY_REVIEWED,V02_TRAIN_154,0,OPTIONAL_CONTENT,PROMOTIONAL,0,true,APP_EVENT_TYPE,true,POLICY_APPROVED_V04,0.4,4
V02_TRAIN_155,요기요,synthetic.kr.yogiyo,요기요,주문 만족도 설문 참여 요청이 도착했습니다.,0,optional_survey,eligible_keep_2_0,CLEAR,optional_participation_request,msg,false,25,REVIEW,false,true,SYNTHETIC_REVIEWED,0.6,noti_v0.2_generator,,PROJECT_OWNED,false,true,POLICY_REVIEWED,V02_TRAIN_155,0,SURVEY,PROMOTIONAL,0,false,NONE,true,POLICY_APPROVED_V04,0.4,3
V02_TRAIN_156,요기요,synthetic.kr.yogiyo,주문 만족도 설문 안내,주문 만족도 설문 관련 의견을 남겨주세요.,0,optional_survey,eligible_keep_2_1,CLEAR,optional_participation_request,msg,false,25,REVIEW,false,true,SYNTHETIC_REVIEWED,0.6,noti_v0.2_generator,,PROJECT_OWNED,false,true,POLICY_REVIEWED,V02_TRAIN_156,0,SURVEY,PROMOTIONAL,0,false,NONE,true,POLICY_APPROVED_V04,0.4,0
V02_TRAIN_157,요기요,synthetic.kr.yogiyo,긴급 확인,주문 승인 문제로 오늘까지 처리가 필요합니다. 즉시 확인해주세요.,1,urgent_action,clear_important_0,CLEAR,urgent_and_action_required,alarm,false,45,IMPORTANT,false,false,SYNTHETIC_REVIEWED,0.6,noti_v0.2_generator,,PROJECT_OWNED,false,true,POLICY_REVIEWED,V02_TRAIN_157,1,URGENT_ACTION,ACTION_REQUIRED,1,false,NONE,true,POLICY_APPROVED_V04,0.4,
V02_TRAIN_158,요기요,synthetic.kr.yogiyo,보안 알림,새로운 기기에서 수령 장소 변경이 감지되었습니다.,1,security_change,clear_important_1,CLEAR,explicit_security_change,msg,false,50,IMPORTANT,false,false,SYNTHETIC_REVIEWED,0.6,noti_v0.2_generator,,PROJECT_OWNED,false,true,POLICY_REVIEWED,V02_TRAIN_158,1,SECURITY,ACTION_REQUIRED,1,false,NONE,true,POLICY_APPROVED_V04,0.4,
V02_TRAIN_159,요기요,synthetic.kr.yogiyo,(광고) 오늘의 혜택,"오늘만 배달비 할인, 오늘만 확인하세요. 수신거부는 설정에서 가능합니다.",0,promotion,clear_general_0,CLEAR,explicit_promotion,promo,false,-15,GENERAL,false,false,SYNTHETIC_REVIEWED,0.6,noti_v0.2_generator,,PROJECT_OWNED,false,true,POLICY_REVIEWED,V02_TRAIN_159,0,PROMOTION,PROMOTIONAL,0,false,NONE,true,POLICY_APPROVED_V04,0.4,
V02_TRAIN_160,요기요,synthetic.kr.yogiyo,업데이트 완료,최근 주문 요약 업데이트가 완료되었습니다. 별도 작업은 필요하지 않습니다.,0,passive_update,clear_general_1,CLEAR,no_action_status,status,false,-10,GENERAL,false,false,SYNTHETIC_REVIEWED,0.6,noti_v0.2_generator,,PROJECT_OWNED,false,true,POLICY_REVIEWED,V02_TRAIN_160,0,PASSIVE_STATUS,INFORMATIONAL,0,true,APP_EVENT_TYPE,true,POLICY_APPROVED_V04,0.4,
V02_TRAIN_161,카카오 T,synthetic.kr.kakaot,카카오 T,택시 자동결제 처리가 정상적으로 완료되지 않았습니다.,1,exception,eligible_promote_0_0,CLEAR,concrete_failure_or_exception,msg,false,25,REVIEW,false,true,SYNTHETIC_REVIEWED,0.6,noti_v0.2_generator,,PROJECT_OWNED,false,true,POLICY_REVIEWED,V02_TRAIN_161,1,PROCESS_FAILURE,ACTION_REQUIRED,1,false,NONE,true,POLICY_APPROVED_V04,0.4,2
V02_TRAIN_162,카카오 T,synthetic.kr.kakaot,택시 자동결제 안내,택시 자동결제 처리 중 문제가 발생했습니다.,1,exception,eligible_promote_0_1,CLEAR,concrete_failure_or_exception,msg,false,25,REVIEW,false,true,SYNTHETIC_REVIEWED,0.6,noti_v0.2_generator,,PROJECT_OWNED,false,true,POLICY_REVIEWED,V02_TRAIN_162,1,PROCESS_FAILURE,ACTION_REQUIRED,1,false,NONE,true,POLICY_APPROVED_V04,0.4,1
V02_TRAIN_163,카카오 T,synthetic.kr.kakaot,카카오 T,예약 호출 시간: 오늘 오후 6시로 변경되었습니다.,1,schedule_change,eligible_promote_schedule_0,CLEAR,meaningful_schedule_change,msg,false,30,REVIEW,false,true,SYNTHETIC_REVIEWED,0.6,noti_v0.2_generator,,PROJECT_OWNED,false,true,HUMAN_REVIEWED,V02_TRAIN_163,1,SCHEDULE_CHANGE,ATTENTION_WORTHY,1,false,NONE,true,HUMAN_REVIEWED_V04,0.4,3
V02_TRAIN_164,카카오 T,synthetic.kr.kakaot,예약 호출 시간 안내,예약 호출 시간: 내일 오전 9시로 변경되었습니다.,1,schedule_change,eligible_promote_schedule_1,CLEAR,meaningful_schedule_change,msg,false,30,REVIEW,false,true,SYNTHETIC_REVIEWED,0.6,noti_v0.2_generator,,PROJECT_OWNED,false,true,POLICY_REVIEWED,V02_TRAIN_164,1,SCHEDULE_CHANGE,ATTENTION_WORTHY,1,true,APP_EVENT_TYPE,true,POLICY_APPROVED_V04,0.4,0
V02_TRAIN_165,카카오 T,synthetic.kr.kakaot,카카오 T,확인이 필요합니다: 탑승 위치,1,action_required,eligible_promote_2_0,CLEAR,concrete_user_confirmation,msg,false,25,REVIEW,false,true,SYNTHETIC_REVIEWED,0.6,noti_v0.2_generator,,PROJECT_OWNED,false,true,POLICY_REVIEWED,V02_TRAIN_165,1,USER_ACTION,ACTION_REQUIRED,1,false,NONE,true,POLICY_APPROVED_V04,0.4,0
V02_TRAIN_166,카카오 T,synthetic.kr.kakaot,탑승 위치 안내,탑승 위치 관련 확인이 필요합니다.,1,action_required,eligible_promote_2_1,CLEAR,concrete_user_confirmation,msg,false,25,REVIEW,false,true,SYNTHETIC_REVIEWED,0.6,noti_v0.2_generator,,PROJECT_OWNED,false,true,POLICY_REVIEWED,V02_TRAIN_166,1,USER_ACTION,ACTION_REQUIRED,1,false,NONE,true,POLICY_APPROVED_V04,0.4,4
V02_TRAIN_167,카카오 T,synthetic.kr.kakaot,카카오 T,이번 달 이동 리포트: 이번 주 요약이 도착했습니다.,0,summary,eligible_keep_0_0,CLEAR,informational_summary,msg,false,25,REVIEW,false,true,SYNTHETIC_REVIEWED,0.6,noti_v0.2_generator,,PROJECT_OWNED,false,true,POLICY_REVIEWED,V02_TRAIN_167,0,SUMMARY,INFORMATIONAL,0,true,APP_EVENT_TYPE,true,POLICY_APPROVED_V04,0.4,3
V02_TRAIN_168,카카오 T,synthetic.kr.kakaot,이번 달 이동 리포트 안내,이번 달 이동 리포트 세부 내용을 확인해주세요.,0,summary,eligible_keep_0_1,CLEAR,informational_summary,msg,false,25,REVIEW,false,true,SYNTHETIC_REVIEWED,0.6,noti_v0.2_generator,,PROJECT_OWNED,false,true,POLICY_REVIEWED,V02_TRAIN_168,0,SUMMARY,INFORMATIONAL,0,true,APP_EVENT_TYPE,true,POLICY_APPROVED_V04,0.4,2
V02_TRAIN_169,카카오 T,synthetic.kr.kakaot,카카오 T,출근길 알림 관련 새 내용이 오늘 오후 3시에 공개됩니다.,0,optional_schedule,eligible_keep_schedule_0,CLEAR,optional_timed_content,reminder,false,25,REVIEW,false,true,SYNTHETIC_REVIEWED,0.6,noti_v0.2_generator,,PROJECT_OWNED,false,true,HUMAN_REVIEWED,V02_TRAIN_169,0,OPTIONAL_CONTENT,PROMOTIONAL,0,true,APP_EVENT_TYPE,true,HUMAN_REVIEWED_V04,0.4,2
V02_TRAIN_170,카카오 T,synthetic.kr.kakaot,출근길 알림 안내,출근길 알림 관련 내용이 내일 오전 10시에 업데이트됩니다.,0,optional_schedule,eligible_keep_schedule_1,CLEAR,optional_timed_content,reminder,false,25,REVIEW,false,true,SYNTHETIC_REVIEWED,0.6,noti_v0.2_generator,,PROJECT_OWNED,false,true,POLICY_REVIEWED,V02_TRAIN_170,0,OPTIONAL_CONTENT,PROMOTIONAL,0,true,APP_EVENT_TYPE,true,POLICY_APPROVED_V04,0.4,2
V02_TRAIN_171,카카오 T,synthetic.kr.kakaot,카카오 T,이동 서비스 설문 참여 요청이 도착했습니다.,0,optional_survey,eligible_keep_2_0,CLEAR,optional_participation_request,msg,false,25,REVIEW,false,true,SYNTHETIC_REVIEWED,0.6,noti_v0.2_generator,,PROJECT_OWNED,false,true,POLICY_REVIEWED,V02_TRAIN_171,0,SURVEY,PROMOTIONAL,0,false,NONE,true,POLICY_APPROVED_V04,0.4,3
V02_TRAIN_172,카카오 T,synthetic.kr.kakaot,이동 서비스 설문 안내,이동 서비스 설문 관련 의견을 남겨주세요.,0,optional_survey,eligible_keep_2_1,CLEAR,optional_participation_request,msg,false,25,REVIEW,false,true,SYNTHETIC_REVIEWED,0.6,noti_v0.2_generator,,PROJECT_OWNED,false,true,POLICY_REVIEWED,V02_TRAIN_172,0,SURVEY,PROMOTIONAL,0,false,NONE,true,POLICY_APPROVED_V04,0.4,0
V02_TRAIN_173,카카오 T,synthetic.kr.kakaot,긴급 확인,택시 자동결제 문제로 오늘까지 처리가 필요합니다. 즉시 확인해주세요.,1,urgent_action,clear_important_0,CLEAR,urgent_and_action_required,alarm,false,45,IMPORTANT,false,false,SYNTHETIC_REVIEWED,0.6,noti_v0.2_generator,,PROJECT_OWNED,false,true,POLICY_REVIEWED,V02_TRAIN_173,1,URGENT_ACTION,ACTION_REQUIRED,1,false,NONE,true,POLICY_APPROVED_V04,0.4,
V02_TRAIN_174,카카오 T,synthetic.kr.kakaot,보안 알림,새로운 기기에서 탑승 위치 변경이 감지되었습니다.,1,security_change,clear_important_1,CLEAR,explicit_security_change,msg,false,50,IMPORTANT,false,false,SYNTHETIC_REVIEWED,0.6,noti_v0.2_generator,,PROJECT_OWNED,false,true,POLICY_REVIEWED,V02_TRAIN_174,1,SECURITY,ACTION_REQUIRED,1,false,NONE,true,POLICY_APPROVED_V04,0.4,
V02_TRAIN_175,카카오 T,synthetic.kr.kakaot,(광고) 오늘의 혜택,"공항 이동 할인 쿠폰, 오늘만 확인하세요. 수신거부는 설정에서 가능합니다.",0,promotion,clear_general_0,CLEAR,explicit_promotion,promo,false,-15,GENERAL,false,false,SYNTHETIC_REVIEWED,0.6,noti_v0.2_generator,,PROJECT_OWNED,false,true,POLICY_REVIEWED,V02_TRAIN_175,0,PROMOTION,PROMOTIONAL,0,false,NONE,true,POLICY_APPROVED_V04,0.4,
V02_TRAIN_176,카카오 T,synthetic.kr.kakaot,업데이트 완료,이번 달 이동 리포트 업데이트가 완료되었습니다. 별도 작업은 필요하지 않습니다.,0,passive_update,clear_general_1,CLEAR,no_action_status,status,false,-10,GENERAL,false,false,SYNTHETIC_REVIEWED,0.6,noti_v0.2_generator,,PROJECT_OWNED,false,true,POLICY_REVIEWED,V02_TRAIN_176,0,PASSIVE_STATUS,INFORMATIONAL,0,true,APP_EVENT_TYPE,true,POLICY_APPROVED_V04,0.4,
V02_TRAIN_177,코레일톡,synthetic.kr.korailtalk,코레일톡,승차권 결제 처리가 정상적으로 완료되지 않았습니다.,1,exception,eligible_promote_0_0,CLEAR,concrete_failure_or_exception,msg,false,25,REVIEW,false,true,SYNTHETIC_REVIEWED,0.6,noti_v0.2_generator,,PROJECT_OWNED,false,true,POLICY_REVIEWED,V02_TRAIN_177,1,PROCESS_FAILURE,ACTION_REQUIRED,1,false,NONE,true,POLICY_APPROVED_V04,0.4,2
V02_TRAIN_178,코레일톡,synthetic.kr.korailtalk,승차권 결제 안내,승차권 결제 처리 중 문제가 발생했습니다.,1,exception,eligible_promote_0_1,CLEAR,concrete_failure_or_exception,msg,false,25,REVIEW,false,true,SYNTHETIC_REVIEWED,0.6,noti_v0.2_generator,,PROJECT_OWNED,false,true,POLICY_REVIEWED,V02_TRAIN_178,1,PROCESS_FAILURE,ACTION_REQUIRED,1,false,NONE,true,POLICY_APPROVED_V04,0.4,1
V02_TRAIN_179,코레일톡,synthetic.kr.korailtalk,코레일톡,열차 출발 시간 변경 안내입니다. 기존 일정과 달라졌습니다.,1,schedule_change,eligible_promote_schedule_2,CLEAR,meaningful_schedule_change,msg,false,30,REVIEW,false,true,SYNTHETIC_REVIEWED,0.6,noti_v0.2_generator,,PROJECT_OWNED,false,true,POLICY_REVIEWED,V02_TRAIN_179,1,SCHEDULE_CHANGE,ATTENTION_WORTHY,1,true,APP_EVENT_TYPE,true,POLICY_APPROVED_V04,0.4,3
V02_TRAIN_180,코레일톡,synthetic.kr.korailtalk,열차 출발 시간 안내,열차 출발 시간: 기존 시간이 취소되고 새 시간이 등록되었습니다.,1,schedule_change,eligible_promote_schedule_3,CLEAR,meaningful_schedule_change,msg,false,30,REVIEW,false,true,SYNTHETIC_REVIEWED,0.6,noti_v0.2_generator,,PROJECT_OWNED,false,true,POLICY_REVIEWED,V02_TRAIN_180,1,SCHEDULE_CHANGE,ATTENTION_WORTHY,1,true,APP_EVENT_TYPE,true,POLICY_APPROVED_V04,0.4,2
V02_TRAIN_181,코레일톡,synthetic.kr.korailtalk,코레일톡,확인이 필요합니다: 탑승객 정보,1,action_required,eligible_promote_2_0,CLEAR,concrete_user_confirmation,msg,false,25,REVIEW,false,true,SYNTHETIC_REVIEWED,0.6,noti_v0.2_generator,,PROJECT_OWNED,false,true,POLICY_REVIEWED,V02_TRAIN_181,1,USER_ACTION,ACTION_REQUIRED,1,false,NONE,true,POLICY_APPROVED_V04,0.4,0
V02_TRAIN_182,코레일톡,synthetic.kr.korailtalk,탑승객 정보 안내,탑승객 정보 관련 확인이 필요합니다.,1,action_required,eligible_promote_2_1,CLEAR,concrete_user_confirmation,msg,false,25,REVIEW,false,true,SYNTHETIC_REVIEWED,0.6,noti_v0.2_generator,,PROJECT_OWNED,false,true,POLICY_REVIEWED,V02_TRAIN_182,1,USER_ACTION,ACTION_REQUIRED,1,false,NONE,true,POLICY_APPROVED_V04,0.4,4
V02_TRAIN_183,코레일톡,synthetic.kr.korailtalk,코레일톡,여행 기록 요약: 이번 주 요약이 도착했습니다.,0,summary,eligible_keep_0_0,CLEAR,informational_summary,msg,false,25,REVIEW,false,true,SYNTHETIC_REVIEWED,0.6,noti_v0.2_generator,,PROJECT_OWNED,false,true,POLICY_REVIEWED,V02_TRAIN_183,0,SUMMARY,INFORMATIONAL,0,true,APP_EVENT_TYPE,true,POLICY_APPROVED_V04,0.4,3
V02_TRAIN_184,코레일톡,synthetic.kr.korailtalk,여행 기록 요약 안내,여행 기록 요약 세부 내용을 확인해주세요.,0,summary,eligible_keep_0_1,CLEAR,informational_summary,msg,false,25,REVIEW,false,true,SYNTHETIC_REVIEWED,0.6,noti_v0.2_generator,,PROJECT_OWNED,false,true,POLICY_REVIEWED,V02_TRAIN_184,0,SUMMARY,INFORMATIONAL,0,true,APP_EVENT_TYPE,true,POLICY_APPROVED_V04,0.4,2
V02_TRAIN_185,코레일톡,synthetic.kr.korailtalk,코레일톡,관심 등록한 관심 노선 일정 소식이 이번 주 공개될 예정입니다.,0,optional_schedule,eligible_keep_schedule_2,CLEAR,optional_timed_content,reminder,false,25,REVIEW,false,true,SYNTHETIC_REVIEWED,0.6,noti_v0.2_generator,,PROJECT_OWNED,false,true,POLICY_REVIEWED,V02_TRAIN_185,0,OPTIONAL_CONTENT,PROMOTIONAL,0,true,APP_EVENT_TYPE,true,POLICY_APPROVED_V04,0.4,0
V02_TRAIN_186,코레일톡,synthetic.kr.korailtalk,관심 노선 일정 안내,관심 노선 일정 공개 시간이 정해졌습니다.,0,optional_schedule,eligible_keep_schedule_3,CLEAR,optional_timed_content,reminder,false,25,REVIEW,false,true,SYNTHETIC_REVIEWED,0.6,noti_v0.2_generator,,PROJECT_OWNED,false,true,POLICY_REVIEWED,V02_TRAIN_186,0,OPTIONAL_CONTENT,PROMOTIONAL,0,true,APP_EVENT_TYPE,true,POLICY_APPROVED_V04,0.4,4
V02_TRAIN_187,코레일톡,synthetic.kr.korailtalk,코레일톡,열차 이용 설문 참여 요청이 도착했습니다.,0,optional_survey,eligible_keep_2_0,CLEAR,optional_participation_request,msg,false,25,REVIEW,false,true,SYNTHETIC_REVIEWED,0.6,noti_v0.2_generator,,PROJECT_OWNED,false,true,POLICY_REVIEWED,V02_TRAIN_187,0,SURVEY,PROMOTIONAL,0,false,NONE,true,POLICY_APPROVED_V04,0.4,3
V02_TRAIN_188,코레일톡,synthetic.kr.korailtalk,열차 이용 설문 안내,열차 이용 설문 관련 의견을 남겨주세요.,0,optional_survey,eligible_keep_2_1,CLEAR,optional_participation_request,msg,false,25,REVIEW,false,true,SYNTHETIC_REVIEWED,0.6,noti_v0.2_generator,,PROJECT_OWNED,false,true,POLICY_REVIEWED,V02_TRAIN_188,0,SURVEY,PROMOTIONAL,0,false,NONE,true,POLICY_APPROVED_V04,0.4,0
V02_TRAIN_189,코레일톡,synthetic.kr.korailtalk,긴급 확인,승차권 결제 문제로 오늘까지 처리가 필요합니다. 즉시 확인해주세요.,1,urgent_action,clear_important_0,CLEAR,urgent_and_action_required,alarm,false,45,IMPORTANT,false,false,SYNTHETIC_REVIEWED,0.6,noti_v0.2_generator,,PROJECT_OWNED,false,true,POLICY_REVIEWED,V02_TRAIN_189,1,URGENT_ACTION,ACTION_REQUIRED,1,false,NONE,true,POLICY_APPROVED_V04,0.4,
V02_TRAIN_190,코레일톡,synthetic.kr.korailtalk,보안 알림,새로운 기기에서 탑승객 정보 변경이 감지되었습니다.,1,security_change,clear_important_1,CLEAR,explicit_security_change,msg,false,50,IMPORTANT,false,false,SYNTHETIC_REVIEWED,0.6,noti_v0.2_generator,,PROJECT_OWNED,false,true,POLICY_REVIEWED,V02_TRAIN_190,1,SECURITY,ACTION_REQUIRED,1,false,NONE,true,POLICY_APPROVED_V04,0.4,
V02_TRAIN_191,코레일톡,synthetic.kr.korailtalk,(광고) 오늘의 혜택,"주말 여행 상품 할인, 오늘만 확인하세요. 수신거부는 설정에서 가능합니다.",0,promotion,clear_general_0,CLEAR,explicit_promotion,promo,false,-15,GENERAL,false,false,SYNTHETIC_REVIEWED,0.6,noti_v0.2_generator,,PROJECT_OWNED,false,true,POLICY_REVIEWED,V02_TRAIN_191,0,PROMOTION,PROMOTIONAL,0,false,NONE,true,POLICY_APPROVED_V04,0.4,
V02_TRAIN_192,코레일톡,synthetic.kr.korailtalk,업데이트 완료,여행 기록 요약 업데이트가 완료되었습니다. 별도 작업은 필요하지 않습니다.,0,passive_update,clear_general_1,CLEAR,no_action_status,status,false,-10,GENERAL,false,false,SYNTHETIC_REVIEWED,0.6,noti_v0.2_generator,,PROJECT_OWNED,false,true,POLICY_REVIEWED,V02_TRAIN_192,0,PASSIVE_STATUS,INFORMATIONAL,0,true,APP_EVENT_TYPE,true,POLICY_APPROVED_V04,0.4,
V02_TRAIN_193,에브리타임,synthetic.kr.everytime,에브리타임,과제 제출 처리가 정상적으로 완료되지 않았습니다.,1,exception,eligible_promote_0_0,CLEAR,concrete_failure_or_exception,msg,false,25,REVIEW,false,true,SYNTHETIC_REVIEWED,0.6,noti_v0.2_generator,,PROJECT_OWNED,false,true,POLICY_REVIEWED,V02_TRAIN_193,1,PROCESS_FAILURE,ACTION_REQUIRED,1,false,NONE,true,POLICY_APPROVED_V04,0.4,2
V02_TRAIN_194,에브리타임,synthetic.kr.everytime,과제 제출 안내,과제 제출 처리 중 문제가 발생했습니다.,1,exception,eligible_promote_0_1,CLEAR,concrete_failure_or_exception,msg,false,25,REVIEW,false,true,SYNTHETIC_REVIEWED,0.6,noti_v0.2_generator,,PROJECT_OWNED,false,true,POLICY_REVIEWED,V02_TRAIN_194,1,PROCESS_FAILURE,ACTION_REQUIRED,1,false,NONE,true,POLICY_APPROVED_V04,0.4,1
V02_TRAIN_195,에브리타임,synthetic.kr.everytime,에브리타임,시험 일정: 예정보다 2시간 앞당겨졌습니다.,1,schedule_change,eligible_promote_schedule_4,CLEAR,meaningful_schedule_change,msg,false,30,REVIEW,false,true,SYNTHETIC_REVIEWED,0.6,noti_v0.2_generator,,PROJECT_OWNED,false,true,POLICY_REVIEWED,V02_TRAIN_195,1,SCHEDULE_CHANGE,ATTENTION_WORTHY,1,true,APP_EVENT_TYPE,true,POLICY_APPROVED_V04,0.4,2
V02_TRAIN_196,에브리타임,synthetic.kr.everytime,시험 일정 안내,시험 일정: 오늘 오후 6시로 변경되었습니다.,1,schedule_change,eligible_promote_schedule_0,CLEAR,meaningful_schedule_change,msg,false,30,REVIEW,false,true,SYNTHETIC_REVIEWED,0.6,noti_v0.2_generator,,PROJECT_OWNED,false,true,POLICY_REVIEWED,V02_TRAIN_196,1,SCHEDULE_CHANGE,ATTENTION_WORTHY,1,true,APP_EVENT_TYPE,true,POLICY_APPROVED_V04,0.4,3
V02_TRAIN_197,에브리타임,synthetic.kr.everytime,에브리타임,확인이 필요합니다: 수강 신청 정보,1,action_required,eligible_promote_2_0,CLEAR,concrete_user_confirmation,msg,false,25,REVIEW,false,true,SYNTHETIC_REVIEWED,0.6,noti_v0.2_generator,,PROJECT_OWNED,false,true,POLICY_REVIEWED,V02_TRAIN_197,1,USER_ACTION,ACTION_REQUIRED,1,false,NONE,true,POLICY_APPROVED_V04,0.4,0
V02_TRAIN_198,에브리타임,synthetic.kr.everytime,수강 신청 정보 안내,수강 신청 정보 관련 확인이 필요합니다.,1,action_required,eligible_promote_2_1,CLEAR,concrete_user_confirmation,msg,false,25,REVIEW,false,true,SYNTHETIC_REVIEWED,0.6,noti_v0.2_generator,,PROJECT_OWNED,false,true,POLICY_REVIEWED,V02_TRAIN_198,1,USER_ACTION,ACTION_REQUIRED,1,false,NONE,true,POLICY_APPROVED_V04,0.4,4
V02_TRAIN_199,에브리타임,synthetic.kr.everytime,에브리타임,주간 게시판 요약: 이번 주 요약이 도착했습니다.,0,summary,eligible_keep_0_0,CLEAR,informational_summary,msg,false,25,REVIEW,false,true,SYNTHETIC_REVIEWED,0.6,noti_v0.2_generator,,PROJECT_OWNED,false,true,HUMAN_REVIEWED,V02_TRAIN_199,0,SUMMARY,INFORMATIONAL,0,true,APP_EVENT_TYPE,true,HUMAN_REVIEWED_V04,0.4,3
V02_TRAIN_200,에브리타임,synthetic.kr.everytime,주간 게시판 요약 안내,주간 게시판 요약 세부 내용을 확인해주세요.,0,summary,eligible_keep_0_1,CLEAR,informational_summary,msg,false,25,REVIEW,false,true,SYNTHETIC_REVIEWED,0.6,noti_v0.2_generator,,PROJECT_OWNED,false,true,POLICY_REVIEWED,V02_TRAIN_200,0,SUMMARY,INFORMATIONAL,0,true,APP_EVENT_TYPE,true,POLICY_APPROVED_V04,0.4,2
V02_TRAIN_201,에브리타임,synthetic.kr.everytime,에브리타임,동아리 모집 일정 관련 알림이 곧 시작됩니다.,0,optional_schedule,eligible_keep_schedule_4,CLEAR,optional_timed_content,reminder,false,25,REVIEW,false,true,SYNTHETIC_REVIEWED,0.6,noti_v0.2_generator,,PROJECT_OWNED,false,true,POLICY_REVIEWED,V02_TRAIN_201,0,OPTIONAL_CONTENT,PROMOTIONAL,0,true,APP_EVENT_TYPE,true,POLICY_APPROVED_V04,0.4,4
V02_TRAIN_202,에브리타임,synthetic.kr.everytime,동아리 모집 일정 안내,동아리 모집 일정 관련 새 내용이 오늘 오후 3시에 공개됩니다.,0,optional_schedule,eligible_keep_schedule_0,CLEAR,optional_timed_content,reminder,false,25,REVIEW,false,true,SYNTHETIC_REVIEWED,0.6,noti_v0.2_generator,,PROJECT_OWNED,false,true,POLICY_REVIEWED,V02_TRAIN_202,0,OPTIONAL_CONTENT,PROMOTIONAL,0,true,APP_EVENT_TYPE,true,POLICY_APPROVED_V04,0.4,2
V02_TRAIN_203,에브리타임,synthetic.kr.everytime,에브리타임,학교생활 설문 참여 요청이 도착했습니다.,0,optional_survey,eligible_keep_2_0,CLEAR,optional_participation_request,msg,false,25,REVIEW,false,true,SYNTHETIC_REVIEWED,0.6,noti_v0.2_generator,,PROJECT_OWNED,false,true,POLICY_REVIEWED,V02_TRAIN_203,0,SURVEY,PROMOTIONAL,0,false,NONE,true,POLICY_APPROVED_V04,0.4,3
V02_TRAIN_204,에브리타임,synthetic.kr.everytime,학교생활 설문 안내,학교생활 설문 관련 의견을 남겨주세요.,0,optional_survey,eligible_keep_2_1,CLEAR,optional_participation_request,msg,false,25,REVIEW,false,true,SYNTHETIC_REVIEWED,0.6,noti_v0.2_generator,,PROJECT_OWNED,false,true,POLICY_REVIEWED,V02_TRAIN_204,0,SURVEY,PROMOTIONAL,0,false,NONE,true,POLICY_APPROVED_V04,0.4,0
V02_TRAIN_205,에브리타임,synthetic.kr.everytime,긴급 확인,과제 제출 문제로 오늘까지 처리가 필요합니다. 즉시 확인해주세요.,1,urgent_action,clear_important_0,CLEAR,urgent_and_action_required,alarm,false,45,IMPORTANT,false,false,SYNTHETIC_REVIEWED,0.6,noti_v0.2_generator,,PROJECT_OWNED,false,true,POLICY_REVIEWED,V02_TRAIN_205,1,URGENT_ACTION,ACTION_REQUIRED,1,false,NONE,true,POLICY_APPROVED_V04,0.4,
V02_TRAIN_206,에브리타임,synthetic.kr.everytime,보안 알림,새로운 기기에서 수강 신청 정보 변경이 감지되었습니다.,1,security_change,clear_important_1,CLEAR,explicit_security_change,msg,false,50,IMPORTANT,false,false,SYNTHETIC_REVIEWED,0.6,noti_v0.2_generator,,PROJECT_OWNED,false,true,POLICY_REVIEWED,V02_TRAIN_206,1,SECURITY,ACTION_REQUIRED,1,false,NONE,true,POLICY_APPROVED_V04,0.4,
V02_TRAIN_207,에브리타임,synthetic.kr.everytime,(광고) 오늘의 혜택,"대학생 제휴 할인, 오늘만 확인하세요. 수신거부는 설정에서 가능합니다.",0,promotion,clear_general_0,CLEAR,explicit_promotion,promo,false,-15,GENERAL,false,false,SYNTHETIC_REVIEWED,0.6,noti_v0.2_generator,,PROJECT_OWNED,false,true,POLICY_REVIEWED,V02_TRAIN_207,0,PROMOTION,PROMOTIONAL,0,false,NONE,true,POLICY_APPROVED_V04,0.4,
V02_TRAIN_208,에브리타임,synthetic.kr.everytime,업데이트 완료,주간 게시판 요약 업데이트가 완료되었습니다. 별도 작업은 필요하지 않습니다.,0,passive_update,clear_general_1,CLEAR,no_action_status,status,false,-10,GENERAL,false,false,SYNTHETIC_REVIEWED,0.6,noti_v0.2_generator,,PROJECT_OWNED,false,true,POLICY_REVIEWED,V02_TRAIN_208,0,PASSIVE_STATUS,INFORMATIONAL,0,true,APP_EVENT_TYPE,true,POLICY_APPROVED_V04,0.4,
V02_TRAIN_209,클래스101,synthetic.kr.class101,클래스101,수강 결제 처리가 정상적으로 완료되지 않았습니다.,1,exception,eligible_promote_0_0,CLEAR,concrete_failure_or_exception,msg,false,25,REVIEW,false,true,SYNTHETIC_REVIEWED,0.6,noti_v0.2_generator,,PROJECT_OWNED,false,true,POLICY_REVIEWED,V02_TRAIN_209,1,PROCESS_FAILURE,ACTION_REQUIRED,1,false,NONE,true,POLICY_APPROVED_V04,0.4,2
V02_TRAIN_210,클래스101,synthetic.kr.class101,수강 결제 안내,수강 결제 처리 중 문제가 발생했습니다.,1,exception,eligible_promote_0_1,CLEAR,concrete_failure_or_exception,msg,false,25,REVIEW,false,true,SYNTHETIC_REVIEWED,0.6,noti_v0.2_generator,,PROJECT_OWNED,false,true,POLICY_REVIEWED,V02_TRAIN_210,1,PROCESS_FAILURE,ACTION_REQUIRED,1,false,NONE,true,POLICY_APPROVED_V04,0.4,1
V02_TRAIN_211,클래스101,synthetic.kr.class101,클래스101,라이브 수업 시간: 내일 오전 9시로 변경되었습니다.,1,schedule_change,eligible_promote_schedule_1,CLEAR,meaningful_schedule_change,msg,false,30,REVIEW,false,true,SYNTHETIC_REVIEWED,0.6,noti_v0.2_generator,,PROJECT_OWNED,false,true,POLICY_REVIEWED,V02_TRAIN_211,1,SCHEDULE_CHANGE,ATTENTION_WORTHY,1,true,APP_EVENT_TYPE,true,POLICY_APPROVED_V04,0.4,0
V02_TRAIN_212,클래스101,synthetic.kr.class101,라이브 수업 시간 안내,라이브 수업 시간 변경 안내입니다. 기존 일정과 달라졌습니다.,1,schedule_change,eligible_promote_schedule_2,CLEAR,meaningful_schedule_change,msg,false,30,REVIEW,false,true,SYNTHETIC_REVIEWED,0.6,noti_v0.2_generator,,PROJECT_OWNED,false,true,POLICY_REVIEWED,V02_TRAIN_212,1,SCHEDULE_CHANGE,ATTENTION_WORTHY,1,true,APP_EVENT_TYPE,true,POLICY_APPROVED_V04,0.4,3
V02_TRAIN_213,클래스101,synthetic.kr.class101,클래스101,확인이 필요합니다: 과제 제출 정보,1,action_required,eligible_promote_2_0,CLEAR,concrete_user_confirmation,msg,false,25,REVIEW,false,true,SYNTHETIC_REVIEWED,0.6,noti_v0.2_generator,,PROJECT_OWNED,false,true,POLICY_REVIEWED,V02_TRAIN_213,1,USER_ACTION,ACTION_REQUIRED,1,false,NONE,true,POLICY_APPROVED_V04,0.4,0
V02_TRAIN_214,클래스101,synthetic.kr.class101,과제 제출 정보 안내,과제 제출 정보 관련 확인이 필요합니다.,1,action_required,eligible_promote_2_1,CLEAR,concrete_user_confirmation,msg,false,25,REVIEW,false,true,SYNTHETIC_REVIEWED,0.6,noti_v0.2_generator,,PROJECT_OWNED,false,true,POLICY_REVIEWED,V02_TRAIN_214,1,USER_ACTION,ACTION_REQUIRED,1,false,NONE,true,POLICY_APPROVED_V04,0.4,4
V02_TRAIN_215,클래스101,synthetic.kr.class101,클래스101,학습 리포트: 이번 주 요약이 도착했습니다.,0,summary,eligible_keep_0_0,CLEAR,informational_summary,msg,false,25,REVIEW,false,true,SYNTHETIC_REVIEWED,0.6,noti_v0.2_generator,,PROJECT_OWNED,false,true,POLICY_REVIEWED,V02_TRAIN_215,0,SUMMARY,INFORMATIONAL,0,true,APP_EVENT_TYPE,true,POLICY_APPROVED_V04,0.4,3
V02_TRAIN_216,클래스101,synthetic.kr.class101,학습 리포트 안내,학습 리포트 세부 내용을 확인해주세요.,0,summary,eligible_keep_0_1,CLEAR,informational_summary,msg,false,25,REVIEW,false,true,SYNTHETIC_REVIEWED,0.6,noti_v0.2_generator,,PROJECT_OWNED,false,true,POLICY_REVIEWED,V02_TRAIN_216,0,SUMMARY,INFORMATIONAL,0,true,APP_EVENT_TYPE,true,POLICY_APPROVED_V04,0.4,2
V02_TRAIN_217,클래스101,synthetic.kr.class101,클래스101,추천 클래스 일정 관련 내용이 내일 오전 10시에 업데이트됩니다.,0,optional_schedule,eligible_keep_schedule_1,CLEAR,optional_timed_content,reminder,false,25,REVIEW,false,true,SYNTHETIC_REVIEWED,0.6,noti_v0.2_generator,,PROJECT_OWNED,false,true,POLICY_REVIEWED,V02_TRAIN_217,0,OPTIONAL_CONTENT,PROMOTIONAL,0,true,APP_EVENT_TYPE,true,POLICY_APPROVED_V04,0.4,2
V02_TRAIN_218,클래스101,synthetic.kr.class101,추천 클래스 일정 안내,관심 등록한 추천 클래스 일정 소식이 이번 주 공개될 예정입니다.,0,optional_schedule,eligible_keep_schedule_2,CLEAR,optional_timed_content,reminder,false,25,REVIEW,false,true,SYNTHETIC_REVIEWED,0.6,noti_v0.2_generator,,PROJECT_OWNED,false,true,POLICY_REVIEWED,V02_TRAIN_218,0,OPTIONAL_CONTENT,PROMOTIONAL,0,true,APP_EVENT_TYPE,true,POLICY_APPROVED_V04,0.4,0
V02_TRAIN_219,클래스101,synthetic.kr.class101,클래스101,수강 만족도 설문 참여 요청이 도착했습니다.,0,optional_survey,eligible_keep_2_0,CLEAR,optional_participation_request,msg,false,25,REVIEW,false,true,SYNTHETIC_REVIEWED,0.6,noti_v0.2_generator,,PROJECT_OWNED,false,true,POLICY_REVIEWED,V02_TRAIN_219,0,SURVEY,PROMOTIONAL,0,false,NONE,true,POLICY_APPROVED_V04,0.4,3
V02_TRAIN_220,클래스101,synthetic.kr.class101,수강 만족도 설문 안내,수강 만족도 설문 관련 의견을 남겨주세요.,0,optional_survey,eligible_keep_2_1,CLEAR,optional_participation_request,msg,false,25,REVIEW,false,true,SYNTHETIC_REVIEWED,0.6,noti_v0.2_generator,,PROJECT_OWNED,false,true,POLICY_REVIEWED,V02_TRAIN_220,0,SURVEY,PROMOTIONAL,0,false,NONE,true,POLICY_APPROVED_V04,0.4,0
V02_TRAIN_221,클래스101,synthetic.kr.class101,긴급 확인,수강 결제 문제로 오늘까지 처리가 필요합니다. 즉시 확인해주세요.,1,urgent_action,clear_important_0,CLEAR,urgent_and_action_required,alarm,false,45,IMPORTANT,false,false,SYNTHETIC_REVIEWED,0.6,noti_v0.2_generator,,PROJECT_OWNED,false,true,POLICY_REVIEWED,V02_TRAIN_221,1,URGENT_ACTION,ACTION_REQUIRED,1,false,NONE,true,POLICY_APPROVED_V04,0.4,
V02_TRAIN_222,클래스101,synthetic.kr.class101,보안 알림,새로운 기기에서 과제 제출 정보 변경이 감지되었습니다.,1,security_change,clear_important_1,CLEAR,explicit_security_change,msg,false,50,IMPORTANT,false,false,SYNTHETIC_REVIEWED,0.6,noti_v0.2_generator,,PROJECT_OWNED,false,true,POLICY_REVIEWED,V02_TRAIN_222,1,SECURITY,ACTION_REQUIRED,1,false,NONE,true,POLICY_APPROVED_V04,0.4,
V02_TRAIN_223,클래스101,synthetic.kr.class101,(광고) 오늘의 혜택,"인기 클래스 할인, 오늘만 확인하세요. 수신거부는 설정에서 가능합니다.",0,promotion,clear_general_0,CLEAR,explicit_promotion,promo,false,-15,GENERAL,false,false,SYNTHETIC_REVIEWED,0.6,noti_v0.2_generator,,PROJECT_OWNED,false,true,POLICY_REVIEWED,V02_TRAIN_223,0,PROMOTION,PROMOTIONAL,0,false,NONE,true,POLICY_APPROVED_V04,0.4,
V02_TRAIN_224,클래스101,synthetic.kr.class101,업데이트 완료,학습 리포트 업데이트가 완료되었습니다. 별도 작업은 필요하지 않습니다.,0,passive_update,clear_general_1,CLEAR,no_action_status,status,false,-10,GENERAL,false,false,SYNTHETIC_REVIEWED,0.6,noti_v0.2_generator,,PROJECT_OWNED,false,true,POLICY_REVIEWED,V02_TRAIN_224,0,PASSIVE_STATUS,INFORMATIONAL,0,true,APP_EVENT_TYPE,true,POLICY_APPROVED_V04,0.4,
V02_TRAIN_225,Slack,synthetic.kr.slack,Slack,배포 승인 처리가 정상적으로 완료되지 않았습니다.,1,exception,eligible_promote_0_0,CLEAR,concrete_failure_or_exception,msg,false,25,REVIEW,false,true,SYNTHETIC_REVIEWED,0.6,noti_v0.2_generator,,PROJECT_OWNED,false,true,POLICY_REVIEWED,V02_TRAIN_225,1,PROCESS_FAILURE,ACTION_REQUIRED,1,false,NONE,true,POLICY_APPROVED_V04,0.4,2
V02_TRAIN_226,Slack,synthetic.kr.slack,배포 승인 안내,배포 승인 처리 중 문제가 발생했습니다.,1,exception,eligible_promote_0_1,CLEAR,concrete_failure_or_exception,msg,false,25,REVIEW,false,true,SYNTHETIC_REVIEWED,0.6,noti_v0.2_generator,,PROJECT_OWNED,false,true,POLICY_REVIEWED,V02_TRAIN_226,1,PROCESS_FAILURE,ACTION_REQUIRED,1,false,NONE,true,POLICY_APPROVED_V04,0.4,1
V02_TRAIN_227,Slack,synthetic.kr.slack,Slack,고객 회의 시간: 기존 시간이 취소되고 새 시간이 등록되었습니다.,1,schedule_change,eligible_promote_schedule_3,CLEAR,meaningful_schedule_change,msg,false,30,REVIEW,false,true,SYNTHETIC_REVIEWED,0.6,noti_v0.2_generator,,PROJECT_OWNED,false,true,POLICY_REVIEWED,V02_TRAIN_227,1,SCHEDULE_CHANGE,ATTENTION_WORTHY,1,true,APP_EVENT_TYPE,true,POLICY_APPROVED_V04,0.4,2
V02_TRAIN_228,Slack,synthetic.kr.slack,고객 회의 시간 안내,고객 회의 시간: 예정보다 2시간 앞당겨졌습니다.,1,schedule_change,eligible_promote_schedule_4,CLEAR,meaningful_schedule_change,msg,false,30,REVIEW,false,true,SYNTHETIC_REVIEWED,0.6,noti_v0.2_generator,,PROJECT_OWNED,false,true,POLICY_REVIEWED,V02_TRAIN_228,1,SCHEDULE_CHANGE,ATTENTION_WORTHY,1,true,APP_EVENT_TYPE,true,POLICY_APPROVED_V04,0.4,2
V02_TRAIN_229,Slack,synthetic.kr.slack,Slack,확인이 필요합니다: 담당 업무 정보,1,action_required,eligible_promote_2_0,CLEAR,concrete_user_confirmation,msg,false,25,REVIEW,false,true,SYNTHETIC_REVIEWED,0.6,noti_v0.2_generator,,PROJECT_OWNED,false,true,POLICY_REVIEWED,V02_TRAIN_229,1,USER_ACTION,ACTION_REQUIRED,1,false,NONE,true,POLICY_APPROVED_V04,0.4,0
V02_TRAIN_230,Slack,synthetic.kr.slack,담당 업무 정보 안내,담당 업무 정보 관련 확인이 필요합니다.,1,action_required,eligible_promote_2_1,CLEAR,concrete_user_confirmation,msg,false,25,REVIEW,false,true,SYNTHETIC_REVIEWED,0.6,noti_v0.2_generator,,PROJECT_OWNED,false,true,POLICY_REVIEWED,V02_TRAIN_230,1,USER_ACTION,ACTION_REQUIRED,1,false,NONE,true,POLICY_APPROVED_V04,0.4,4
V02_TRAIN_231,Slack,synthetic.kr.slack,Slack,주간 채널 요약: 이번 주 요약이 도착했습니다.,0,summary,eligible_keep_0_0,CLEAR,informational_summary,msg,false,25,REVIEW,false,true,SYNTHETIC_REVIEWED,0.6,noti_v0.2_generator,,PROJECT_OWNED,false,true,POLICY_REVIEWED,V02_TRAIN_231,0,SUMMARY,INFORMATIONAL,0,true,APP_EVENT_TYPE,true,POLICY_APPROVED_V04,0.4,3
V02_TRAIN_232,Slack,synthetic.kr.slack,주간 채널 요약 안내,주간 채널 요약 세부 내용을 확인해주세요.,0,summary,eligible_keep_0_1,CLEAR,informational_summary,msg,false,25,REVIEW,false,true,SYNTHETIC_REVIEWED,0.6,noti_v0.2_generator,,PROJECT_OWNED,false,true,POLICY_REVIEWED,V02_TRAIN_232,0,SUMMARY,INFORMATIONAL,0,true,APP_EVENT_TYPE,true,POLICY_APPROVED_V04,0.4,2
V02_TRAIN_233,Slack,synthetic.kr.slack,Slack,사내 행사 일정 공개 시간이 정해졌습니다.,0,optional_schedule,eligible_keep_schedule_3,CLEAR,optional_timed_content,reminder,false,25,REVIEW,false,true,SYNTHETIC_REVIEWED,0.6,noti_v0.2_generator,,PROJECT_OWNED,false,true,POLICY_REVIEWED,V02_TRAIN_233,0,OPTIONAL_CONTENT,PROMOTIONAL,0,true,APP_EVENT_TYPE,true,POLICY_APPROVED_V04,0.4,4
V02_TRAIN_234,Slack,synthetic.kr.slack,사내 행사 일정 안내,사내 행사 일정 관련 알림이 곧 시작됩니다.,0,optional_schedule,eligible_keep_schedule_4,CLEAR,optional_timed_content,reminder,false,25,REVIEW,false,true,SYNTHETIC_REVIEWED,0.6,noti_v0.2_generator,,PROJECT_OWNED,false,true,POLICY_REVIEWED,V02_TRAIN_234,0,OPTIONAL_CONTENT,PROMOTIONAL,0,true,APP_EVENT_TYPE,true,POLICY_APPROVED_V04,0.4,4
V02_TRAIN_235,Slack,synthetic.kr.slack,Slack,협업 방식 설문 참여 요청이 도착했습니다.,0,optional_survey,eligible_keep_2_0,CLEAR,optional_participation_request,msg,false,25,REVIEW,false,true,SYNTHETIC_REVIEWED,0.6,noti_v0.2_generator,,PROJECT_OWNED,false,true,POLICY_REVIEWED,V02_TRAIN_235,0,SURVEY,PROMOTIONAL,0,false,NONE,true,POLICY_APPROVED_V04,0.4,3
V02_TRAIN_236,Slack,synthetic.kr.slack,협업 방식 설문 안내,협업 방식 설문 관련 의견을 남겨주세요.,0,optional_survey,eligible_keep_2_1,CLEAR,optional_participation_request,msg,false,25,REVIEW,false,true,SYNTHETIC_REVIEWED,0.6,noti_v0.2_generator,,PROJECT_OWNED,false,true,POLICY_REVIEWED,V02_TRAIN_236,0,SURVEY,PROMOTIONAL,0,false,NONE,true,POLICY_APPROVED_V04,0.4,0
V02_TRAIN_237,Slack,synthetic.kr.slack,긴급 확인,배포 승인 문제로 오늘까지 처리가 필요합니다. 즉시 확인해주세요.,1,urgent_action,clear_important_0,CLEAR,urgent_and_action_required,alarm,false,45,IMPORTANT,false,false,SYNTHETIC_REVIEWED,0.6,noti_v0.2_generator,,PROJECT_OWNED,false,true,POLICY_REVIEWED,V02_TRAIN_237,1,URGENT_ACTION,ACTION_REQUIRED,1,false,NONE,true,POLICY_APPROVED_V04,0.4,
V02_TRAIN_238,Slack,synthetic.kr.slack,보안 알림,새로운 기기에서 담당 업무 정보 변경이 감지되었습니다.,1,security_change,clear_important_1,CLEAR,explicit_security_change,msg,false,50,IMPORTANT,false,false,SYNTHETIC_REVIEWED,0.6,noti_v0.2_generator,,PROJECT_OWNED,false,true,POLICY_REVIEWED,V02_TRAIN_238,1,SECURITY,ACTION_REQUIRED,1,false,NONE,true,POLICY_APPROVED_V04,0.4,
V02_TRAIN_239,Slack,synthetic.kr.slack,(광고) 오늘의 혜택,"업무 생산성 웨비나, 오늘만 확인하세요. 수신거부는 설정에서 가능합니다.",0,promotion,clear_general_0,CLEAR,explicit_promotion,promo,false,-15,GENERAL,false,false,SYNTHETIC_REVIEWED,0.6,noti_v0.2_generator,,PROJECT_OWNED,false,true,POLICY_REVIEWED,V02_TRAIN_239,0,PROMOTION,PROMOTIONAL,0,false,NONE,true,POLICY_APPROVED_V04,0.4,
V02_TRAIN_240,Slack,synthetic.kr.slack,업데이트 완료,주간 채널 요약 업데이트가 완료되었습니다. 별도 작업은 필요하지 않습니다.,0,passive_update,clear_general_1,CLEAR,no_action_status,status,false,-10,GENERAL,false,false,SYNTHETIC_REVIEWED,0.6,noti_v0.2_generator,,PROJECT_OWNED,false,true,POLICY_REVIEWED,V02_TRAIN_240,0,PASSIVE_STATUS,INFORMATIONAL,0,true,APP_EVENT_TYPE,true,POLICY_APPROVED_V04,0.4,
V02_TRAIN_241,Notion,synthetic.kr.notion,Notion,문서 승인 처리가 정상적으로 완료되지 않았습니다.,1,exception,eligible_promote_0_0,CLEAR,concrete_failure_or_exception,msg,false,25,REVIEW,false,true,SYNTHETIC_REVIEWED,0.6,noti_v0.2_generator,,PROJECT_OWNED,false,true,POLICY_REVIEWED,V02_TRAIN_241,1,PROCESS_FAILURE,ACTION_REQUIRED,1,false,NONE,true,POLICY_APPROVED_V04,0.4,2
V02_TRAIN_242,Notion,synthetic.kr.notion,문서 승인 안내,문서 승인 처리 중 문제가 발생했습니다.,1,exception,eligible_promote_0_1,CLEAR,concrete_failure_or_exception,msg,false,25,REVIEW,false,true,SYNTHETIC_REVIEWED,0.6,noti_v0.2_generator,,PROJECT_OWNED,false,true,POLICY_REVIEWED,V02_TRAIN_242,1,PROCESS_FAILURE,ACTION_REQUIRED,1,false,NONE,true,POLICY_APPROVED_V04,0.4,1
V02_TRAIN_243,Notion,synthetic.kr.notion,Notion,프로젝트 마감 일정: 오늘 오후 6시로 변경되었습니다.,1,schedule_change,eligible_promote_schedule_0,CLEAR,meaningful_schedule_change,msg,false,30,REVIEW,false,true,SYNTHETIC_REVIEWED,0.6,noti_v0.2_generator,,PROJECT_OWNED,false,true,HUMAN_REVIEWED,V02_TRAIN_243,1,SCHEDULE_CHANGE,ATTENTION_WORTHY,1,true,APP_EVENT_TYPE,true,HUMAN_REVIEWED_V04,0.4,3
V02_TRAIN_244,Notion,synthetic.kr.notion,프로젝트 마감 일정 안내,프로젝트 마감 일정: 내일 오전 9시로 변경되었습니다.,1,schedule_change,eligible_promote_schedule_1,CLEAR,meaningful_schedule_change,msg,false,30,REVIEW,false,true,SYNTHETIC_REVIEWED,0.6,noti_v0.2_generator,,PROJECT_OWNED,false,true,POLICY_REVIEWED,V02_TRAIN_244,1,SCHEDULE_CHANGE,ATTENTION_WORTHY,1,true,APP_EVENT_TYPE,true,POLICY_APPROVED_V04,0.4,0
V02_TRAIN_245,Notion,synthetic.kr.notion,Notion,확인이 필요합니다: 작업 담당자 정보,1,action_required,eligible_promote_2_0,CLEAR,concrete_user_confirmation,msg,false,25,REVIEW,false,true,SYNTHETIC_REVIEWED,0.6,noti_v0.2_generator,,PROJECT_OWNED,false,true,POLICY_REVIEWED,V02_TRAIN_245,1,USER_ACTION,ACTION_REQUIRED,1,false,NONE,true,POLICY_APPROVED_V04,0.4,0
V02_TRAIN_246,Notion,synthetic.kr.notion,작업 담당자 정보 안내,작업 담당자 정보 관련 확인이 필요합니다.,1,action_required,eligible_promote_2_1,CLEAR,concrete_user_confirmation,msg,false,25,REVIEW,false,true,SYNTHETIC_REVIEWED,0.6,noti_v0.2_generator,,PROJECT_OWNED,false,true,POLICY_REVIEWED,V02_TRAIN_246,1,USER_ACTION,ACTION_REQUIRED,1,false,NONE,true,POLICY_APPROVED_V04,0.4,4
V02_TRAIN_247,Notion,synthetic.kr.notion,Notion,워크스페이스 요약: 이번 주 요약이 도착했습니다.,0,summary,eligible_keep_0_0,CLEAR,informational_summary,msg,false,25,REVIEW,false,true,SYNTHETIC_REVIEWED,0.6,noti_v0.2_generator,,PROJECT_OWNED,false,true,POLICY_REVIEWED,V02_TRAIN_247,0,SUMMARY,INFORMATIONAL,0,true,APP_EVENT_TYPE,true,POLICY_APPROVED_V04,0.4,3
V02_TRAIN_248,Notion,synthetic.kr.notion,워크스페이스 요약 안내,워크스페이스 요약 세부 내용을 확인해주세요.,0,summary,eligible_keep_0_1,CLEAR,informational_summary,msg,false,25,REVIEW,false,true,SYNTHETIC_REVIEWED,0.6,noti_v0.2_generator,,PROJECT_OWNED,false,true,POLICY_REVIEWED,V02_TRAIN_248,0,SUMMARY,INFORMATIONAL,0,true,APP_EVENT_TYPE,true,POLICY_APPROVED_V04,0.4,2
V02_TRAIN_249,Notion,synthetic.kr.notion,Notion,템플릿 소개 일정 관련 새 내용이 오늘 오후 3시에 공개됩니다.,0,optional_schedule,eligible_keep_schedule_0,CLEAR,optional_timed_content,reminder,false,25,REVIEW,false,true,SYNTHETIC_REVIEWED,0.6,noti_v0.2_generator,,PROJECT_OWNED,false,true,POLICY_REVIEWED,V02_TRAIN_249,0,OPTIONAL_CONTENT,PROMOTIONAL,0,true,APP_EVENT_TYPE,true,POLICY_APPROVED_V04,0.4,2
V02_TRAIN_250,Notion,synthetic.kr.notion,템플릿 소개 일정 안내,템플릿 소개 일정 관련 내용이 내일 오전 10시에 업데이트됩니다.,0,optional_schedule,eligible_keep_schedule_1,CLEAR,optional_timed_content,reminder,false,25,REVIEW,false,true,SYNTHETIC_REVIEWED,0.6,noti_v0.2_generator,,PROJECT_OWNED,false,true,POLICY_REVIEWED,V02_TRAIN_250,0,OPTIONAL_CONTENT,PROMOTIONAL,0,true,APP_EVENT_TYPE,true,POLICY_APPROVED_V04,0.4,2
V02_TRAIN_251,Notion,synthetic.kr.notion,Notion,제품 사용 설문 참여 요청이 도착했습니다.,0,optional_survey,eligible_keep_2_0,CLEAR,optional_participation_request,msg,false,25,REVIEW,false,true,SYNTHETIC_REVIEWED,0.6,noti_v0.2_generator,,PROJECT_OWNED,false,true,POLICY_REVIEWED,V02_TRAIN_251,0,SURVEY,PROMOTIONAL,0,false,NONE,true,POLICY_APPROVED_V04,0.4,3
V02_TRAIN_252,Notion,synthetic.kr.notion,제품 사용 설문 안내,제품 사용 설문 관련 의견을 남겨주세요.,0,optional_survey,eligible_keep_2_1,CLEAR,optional_participation_request,msg,false,25,REVIEW,false,true,SYNTHETIC_REVIEWED,0.6,noti_v0.2_generator,,PROJECT_OWNED,false,true,POLICY_REVIEWED,V02_TRAIN_252,0,SURVEY,PROMOTIONAL,0,false,NONE,true,POLICY_APPROVED_V04,0.4,0
V02_TRAIN_253,Notion,synthetic.kr.notion,긴급 확인,문서 승인 문제로 오늘까지 처리가 필요합니다. 즉시 확인해주세요.,1,urgent_action,clear_important_0,CLEAR,urgent_and_action_required,alarm,false,45,IMPORTANT,false,false,SYNTHETIC_REVIEWED,0.6,noti_v0.2_generator,,PROJECT_OWNED,false,true,POLICY_REVIEWED,V02_TRAIN_253,1,URGENT_ACTION,ACTION_REQUIRED,1,false,NONE,true,POLICY_APPROVED_V04,0.4,
V02_TRAIN_254,Notion,synthetic.kr.notion,보안 알림,새로운 기기에서 작업 담당자 정보 변경이 감지되었습니다.,1,security_change,clear_important_1,CLEAR,explicit_security_change,msg,false,50,IMPORTANT,false,false,SYNTHETIC_REVIEWED,0.6,noti_v0.2_generator,,PROJECT_OWNED,false,true,POLICY_REVIEWED,V02_TRAIN_254,1,SECURITY,ACTION_REQUIRED,1,false,NONE,true,POLICY_APPROVED_V04,0.4,
V02_TRAIN_255,Notion,synthetic.kr.notion,(광고) 오늘의 혜택,"팀용 템플릿 프로모션, 오늘만 확인하세요. 수신거부는 설정에서 가능합니다.",0,promotion,clear_general_0,CLEAR,explicit_promotion,promo,false,-15,GENERAL,false,false,SYNTHETIC_REVIEWED,0.6,noti_v0.2_generator,,PROJECT_OWNED,false,true,POLICY_REVIEWED,V02_TRAIN_255,0,PROMOTION,PROMOTIONAL,0,false,NONE,true,POLICY_APPROVED_V04,0.4,
V02_TRAIN_256,Notion,synthetic.kr.notion,업데이트 완료,워크스페이스 요약 업데이트가 완료되었습니다. 별도 작업은 필요하지 않습니다.,0,passive_update,clear_general_1,CLEAR,no_action_status,status,false,-10,GENERAL,false,false,SYNTHETIC_REVIEWED,0.6,noti_v0.2_generator,,PROJECT_OWNED,false,true,POLICY_REVIEWED,V02_TRAIN_256,0,PASSIVE_STATUS,INFORMATIONAL,0,true,APP_EVENT_TYPE,true,POLICY_APPROVED_V04,0.4,
V02_TRAIN_257,똑닥,synthetic.kr.ddocdoc,똑닥,진료비 결제 처리가 정상적으로 완료되지 않았습니다.,1,exception,eligible_promote_0_0,CLEAR,concrete_failure_or_exception,msg,false,25,REVIEW,false,true,SYNTHETIC_REVIEWED,0.6,noti_v0.2_generator,,PROJECT_OWNED,false,true,POLICY_REVIEWED,V02_TRAIN_257,1,PROCESS_FAILURE,ACTION_REQUIRED,1,false,NONE,true,POLICY_APPROVED_V04,0.4,2
V02_TRAIN_258,똑닥,synthetic.kr.ddocdoc,진료비 결제 안내,진료비 결제 처리 중 문제가 발생했습니다.,1,exception,eligible_promote_0_1,CLEAR,concrete_failure_or_exception,msg,false,25,REVIEW,false,true,SYNTHETIC_REVIEWED,0.6,noti_v0.2_generator,,PROJECT_OWNED,false,true,POLICY_REVIEWED,V02_TRAIN_258,1,PROCESS_FAILURE,ACTION_REQUIRED,1,false,NONE,true,POLICY_APPROVED_V04,0.4,1
V02_TRAIN_259,똑닥,synthetic.kr.ddocdoc,똑닥,병원 예약 시간 변경 안내입니다. 기존 일정과 달라졌습니다.,1,schedule_change,eligible_promote_schedule_2,CLEAR,meaningful_schedule_change,msg,false,30,REVIEW,false,true,SYNTHETIC_REVIEWED,0.6,noti_v0.2_generator,,PROJECT_OWNED,false,true,POLICY_REVIEWED,V02_TRAIN_259,1,SCHEDULE_CHANGE,ATTENTION_WORTHY,1,true,APP_EVENT_TYPE,true,POLICY_APPROVED_V04,0.4,3
V02_TRAIN_260,똑닥,synthetic.kr.ddocdoc,병원 예약 시간 안내,병원 예약 시간: 기존 시간이 취소되고 새 시간이 등록되었습니다.,1,schedule_change,eligible_promote_schedule_3,CLEAR,meaningful_schedule_change,msg,false,30,REVIEW,false,true,SYNTHETIC_REVIEWED,0.6,noti_v0.2_generator,,PROJECT_OWNED,false,true,POLICY_REVIEWED,V02_TRAIN_260,1,SCHEDULE_CHANGE,ATTENTION_WORTHY,1,true,APP_EVENT_TYPE,true,POLICY_APPROVED_V04,0.4,2
V02_TRAIN_261,똑닥,synthetic.kr.ddocdoc,똑닥,확인이 필요합니다: 환자 정보,1,action_required,eligible_promote_2_0,CLEAR,concrete_user_confirmation,msg,false,25,REVIEW,false,true,SYNTHETIC_REVIEWED,0.6,noti_v0.2_generator,,PROJECT_OWNED,false,true,POLICY_REVIEWED,V02_TRAIN_261,1,USER_ACTION,ACTION_REQUIRED,1,false,NONE,true,POLICY_APPROVED_V04,0.4,0
V02_TRAIN_262,똑닥,synthetic.kr.ddocdoc,환자 정보 안내,환자 정보 관련 확인이 필요합니다.,1,action_required,eligible_promote_2_1,CLEAR,concrete_user_confirmation,msg,false,25,REVIEW,false,true,SYNTHETIC_REVIEWED,0.6,noti_v0.2_generator,,PROJECT_OWNED,false,true,POLICY_REVIEWED,V02_TRAIN_262,1,USER_ACTION,ACTION_REQUIRED,1,false,NONE,true,POLICY_APPROVED_V04,0.4,4
V02_TRAIN_263,똑닥,synthetic.kr.ddocdoc,똑닥,건강 기록 요약: 이번 주 요약이 도착했습니다.,0,summary,eligible_keep_0_0,CLEAR,informational_summary,msg,false,25,REVIEW,false,true,SYNTHETIC_REVIEWED,0.6,noti_v0.2_generator,,PROJECT_OWNED,false,true,POLICY_REVIEWED,V02_TRAIN_263,0,SUMMARY,INFORMATIONAL,0,true,APP_EVENT_TYPE,true,POLICY_APPROVED_V04,0.4,3
V02_TRAIN_264,똑닥,synthetic.kr.ddocdoc,건강 기록 요약 안내,건강 기록 요약 세부 내용을 확인해주세요.,0,summary,eligible_keep_0_1,CLEAR,informational_summary,msg,false,25,REVIEW,false,true,SYNTHETIC_REVIEWED,0.6,noti_v0.2_generator,,PROJECT_OWNED,false,true,POLICY_REVIEWED,V02_TRAIN_264,0,SUMMARY,INFORMATIONAL,0,true,APP_EVENT_TYPE,true,POLICY_APPROVED_V04,0.4,2
V02_TRAIN_265,똑닥,synthetic.kr.ddocdoc,똑닥,관심 등록한 건강 콘텐츠 일정 소식이 이번 주 공개될 예정입니다.,0,optional_schedule,eligible_keep_schedule_2,CLEAR,optional_timed_content,reminder,false,25,REVIEW,false,true,SYNTHETIC_REVIEWED,0.6,noti_v0.2_generator,,PROJECT_OWNED,false,true,POLICY_REVIEWED,V02_TRAIN_265,0,OPTIONAL_CONTENT,PROMOTIONAL,0,true,APP_EVENT_TYPE,true,POLICY_APPROVED_V04,0.4,0
V02_TRAIN_266,똑닥,synthetic.kr.ddocdoc,건강 콘텐츠 일정 안내,건강 콘텐츠 일정 공개 시간이 정해졌습니다.,0,optional_schedule,eligible_keep_schedule_3,CLEAR,optional_timed_content,reminder,false,25,REVIEW,false,true,SYNTHETIC_REVIEWED,0.6,noti_v0.2_generator,,PROJECT_OWNED,false,true,POLICY_REVIEWED,V02_TRAIN_266,0,OPTIONAL_CONTENT,PROMOTIONAL,0,true,APP_EVENT_TYPE,true,POLICY_APPROVED_V04,0.4,4
V02_TRAIN_267,똑닥,synthetic.kr.ddocdoc,똑닥,진료 경험 설문 참여 요청이 도착했습니다.,0,optional_survey,eligible_keep_2_0,CLEAR,optional_participation_request,msg,false,25,REVIEW,false,true,SYNTHETIC_REVIEWED,0.6,noti_v0.2_generator,,PROJECT_OWNED,false,true,POLICY_REVIEWED,V02_TRAIN_267,0,SURVEY,PROMOTIONAL,0,false,NONE,true,POLICY_APPROVED_V04,0.4,3
V02_TRAIN_268,똑닥,synthetic.kr.ddocdoc,진료 경험 설문 안내,진료 경험 설문 관련 의견을 남겨주세요.,0,optional_survey,eligible_keep_2_1,CLEAR,optional_participation_request,msg,false,25,REVIEW,false,true,SYNTHETIC_REVIEWED,0.6,noti_v0.2_generator,,PROJECT_OWNED,false,true,POLICY_REVIEWED,V02_TRAIN_268,0,SURVEY,PROMOTIONAL,0,false,NONE,true,POLICY_APPROVED_V04,0.4,0
V02_TRAIN_269,똑닥,synthetic.kr.ddocdoc,긴급 확인,진료비 결제 문제로 오늘까지 처리가 필요합니다. 즉시 확인해주세요.,1,urgent_action,clear_important_0,CLEAR,urgent_and_action_required,alarm,false,45,IMPORTANT,false,false,SYNTHETIC_REVIEWED,0.6,noti_v0.2_generator,,PROJECT_OWNED,false,true,POLICY_REVIEWED,V02_TRAIN_269,1,URGENT_ACTION,ACTION_REQUIRED,1,false,NONE,true,POLICY_APPROVED_V04,0.4,
V02_TRAIN_270,똑닥,synthetic.kr.ddocdoc,보안 알림,새로운 기기에서 환자 정보 변경이 감지되었습니다.,1,security_change,clear_important_1,CLEAR,explicit_security_change,msg,false,50,IMPORTANT,false,false,SYNTHETIC_REVIEWED,0.6,noti_v0.2_generator,,PROJECT_OWNED,false,true,POLICY_REVIEWED,V02_TRAIN_270,1,SECURITY,ACTION_REQUIRED,1,false,NONE,true,POLICY_APPROVED_V04,0.4,
V02_TRAIN_271,똑닥,synthetic.kr.ddocdoc,(광고) 오늘의 혜택,"건강검진 제휴 혜택, 오늘만 확인하세요. 수신거부는 설정에서 가능합니다.",0,promotion,clear_general_0,CLEAR,explicit_promotion,promo,false,-15,GENERAL,false,false,SYNTHETIC_REVIEWED,0.6,noti_v0.2_generator,,PROJECT_OWNED,false,true,POLICY_REVIEWED,V02_TRAIN_271,0,PROMOTION,PROMOTIONAL,0,false,NONE,true,POLICY_APPROVED_V04,0.4,
V02_TRAIN_272,똑닥,synthetic.kr.ddocdoc,업데이트 완료,건강 기록 요약 업데이트가 완료되었습니다. 별도 작업은 필요하지 않습니다.,0,passive_update,clear_general_1,CLEAR,no_action_status,status,false,-10,GENERAL,false,false,SYNTHETIC_REVIEWED,0.6,noti_v0.2_generator,,PROJECT_OWNED,false,true,POLICY_REVIEWED,V02_TRAIN_272,0,PASSIVE_STATUS,INFORMATIONAL,0,true,APP_EVENT_TYPE,true,POLICY_APPROVED_V04,0.4,
V02_TRAIN_273,정부24,synthetic.kr.gov24,정부24,민원 수수료 결제 처리가 정상적으로 완료되지 않았습니다.,1,exception,eligible_promote_0_0,CLEAR,concrete_failure_or_exception,msg,false,25,REVIEW,false,true,SYNTHETIC_REVIEWED,0.6,noti_v0.2_generator,,PROJECT_OWNED,false,true,POLICY_REVIEWED,V02_TRAIN_273,1,PROCESS_FAILURE,ACTION_REQUIRED,1,false,NONE,true,POLICY_APPROVED_V04,0.4,2
V02_TRAIN_274,정부24,synthetic.kr.gov24,민원 수수료 결제 안내,민원 수수료 결제 처리 중 문제가 발생했습니다.,1,exception,eligible_promote_0_1,CLEAR,concrete_failure_or_exception,msg,false,25,REVIEW,false,true,SYNTHETIC_REVIEWED,0.6,noti_v0.2_generator,,PROJECT_OWNED,false,true,POLICY_REVIEWED,V02_TRAIN_274,1,PROCESS_FAILURE,ACTION_REQUIRED,1,false,NONE,true,POLICY_APPROVED_V04,0.4,1
V02_TRAIN_275,정부24,synthetic.kr.gov24,정부24,서류 제출 기한: 예정보다 2시간 앞당겨졌습니다.,1,schedule_change,eligible_promote_schedule_4,CLEAR,meaningful_schedule_change,msg,false,30,REVIEW,false,true,SYNTHETIC_REVIEWED,0.6,noti_v0.2_generator,,PROJECT_OWNED,false,true,POLICY_REVIEWED,V02_TRAIN_275,1,SCHEDULE_CHANGE,ATTENTION_WORTHY,1,true,APP_EVENT_TYPE,true,POLICY_APPROVED_V04,0.4,2
V02_TRAIN_276,정부24,synthetic.kr.gov24,서류 제출 기한 안내,서류 제출 기한: 오늘 오후 6시로 변경되었습니다.,1,schedule_change,eligible_promote_schedule_0,CLEAR,meaningful_schedule_change,msg,false,30,REVIEW,false,true,SYNTHETIC_REVIEWED,0.6,noti_v0.2_generator,,PROJECT_OWNED,false,true,POLICY_REVIEWED,V02_TRAIN_276,1,SCHEDULE_CHANGE,ATTENTION_WORTHY,1,true,APP_EVENT_TYPE,true,POLICY_APPROVED_V04,0.4,3
V02_TRAIN_277,정부24,synthetic.kr.gov24,정부24,확인이 필요합니다: 신청인 정보,1,action_required,eligible_promote_2_0,CLEAR,concrete_user_confirmation,msg,false,25,REVIEW,false,true,SYNTHETIC_REVIEWED,0.6,noti_v0.2_generator,,PROJECT_OWNED,false,true,POLICY_REVIEWED,V02_TRAIN_277,1,USER_ACTION,ACTION_REQUIRED,1,false,NONE,true,POLICY_APPROVED_V04,0.4,0
V02_TRAIN_278,정부24,synthetic.kr.gov24,신청인 정보 안내,신청인 정보 관련 확인이 필요합니다.,1,action_required,eligible_promote_2_1,CLEAR,concrete_user_confirmation,msg,false,25,REVIEW,false,true,SYNTHETIC_REVIEWED,0.6,noti_v0.2_generator,,PROJECT_OWNED,false,true,POLICY_REVIEWED,V02_TRAIN_278,1,USER_ACTION,ACTION_REQUIRED,1,false,NONE,true,POLICY_APPROVED_V04,0.4,4
V02_TRAIN_279,정부24,synthetic.kr.gov24,정부24,이용 내역 요약: 이번 주 요약이 도착했습니다.,0,summary,eligible_keep_0_0,CLEAR,informational_summary,msg,false,25,REVIEW,false,true,SYNTHETIC_REVIEWED,0.6,noti_v0.2_generator,,PROJECT_OWNED,false,true,POLICY_REVIEWED,V02_TRAIN_279,0,SUMMARY,INFORMATIONAL,0,true,APP_EVENT_TYPE,true,POLICY_APPROVED_V04,0.4,3
V02_TRAIN_280,정부24,synthetic.kr.gov24,이용 내역 요약 안내,이용 내역 요약 세부 내용을 확인해주세요.,0,summary,eligible_keep_0_1,CLEAR,informational_summary,msg,false,25,REVIEW,false,true,SYNTHETIC_REVIEWED,0.6,noti_v0.2_generator,,PROJECT_OWNED,false,true,POLICY_REVIEWED,V02_TRAIN_280,0,SUMMARY,INFORMATIONAL,0,true,APP_EVENT_TYPE,true,POLICY_APPROVED_V04,0.4,2
V02_TRAIN_281,정부24,synthetic.kr.gov24,정부24,정책 안내 일정 관련 알림이 곧 시작됩니다.,0,optional_schedule,eligible_keep_schedule_4,CLEAR,optional_timed_content,reminder,false,25,REVIEW,false,true,SYNTHETIC_REVIEWED,0.6,noti_v0.2_generator,,PROJECT_OWNED,false,true,POLICY_REVIEWED,V02_TRAIN_281,0,OPTIONAL_CONTENT,PROMOTIONAL,0,true,APP_EVENT_TYPE,true,POLICY_APPROVED_V04,0.4,4
V02_TRAIN_282,정부24,synthetic.kr.gov24,정책 안내 일정 안내,정책 안내 일정 관련 새 내용이 오늘 오후 3시에 공개됩니다.,0,optional_schedule,eligible_keep_schedule_0,CLEAR,optional_timed_content,reminder,false,25,REVIEW,false,true,SYNTHETIC_REVIEWED,0.6,noti_v0.2_generator,,PROJECT_OWNED,false,true,POLICY_REVIEWED,V02_TRAIN_282,0,OPTIONAL_CONTENT,PROMOTIONAL,0,true,APP_EVENT_TYPE,true,POLICY_APPROVED_V04,0.4,2
V02_TRAIN_283,정부24,synthetic.kr.gov24,정부24,서비스 개선 설문 참여 요청이 도착했습니다.,0,optional_survey,eligible_keep_2_0,CLEAR,optional_participation_request,msg,false,25,REVIEW,false,true,SYNTHETIC_REVIEWED,0.6,noti_v0.2_generator,,PROJECT_OWNED,false,true,POLICY_REVIEWED,V02_TRAIN_283,0,SURVEY,PROMOTIONAL,0,false,NONE,true,POLICY_APPROVED_V04,0.4,3
V02_TRAIN_284,정부24,synthetic.kr.gov24,서비스 개선 설문 안내,서비스 개선 설문 관련 의견을 남겨주세요.,0,optional_survey,eligible_keep_2_1,CLEAR,optional_participation_request,msg,false,25,REVIEW,false,true,SYNTHETIC_REVIEWED,0.6,noti_v0.2_generator,,PROJECT_OWNED,false,true,POLICY_REVIEWED,V02_TRAIN_284,0,SURVEY,PROMOTIONAL,0,false,NONE,true,POLICY_APPROVED_V04,0.4,0
V02_TRAIN_285,정부24,synthetic.kr.gov24,긴급 확인,민원 수수료 결제 문제로 오늘까지 처리가 필요합니다. 즉시 확인해주세요.,1,urgent_action,clear_important_0,CLEAR,urgent_and_action_required,alarm,false,45,IMPORTANT,false,false,SYNTHETIC_REVIEWED,0.6,noti_v0.2_generator,,PROJECT_OWNED,false,true,POLICY_REVIEWED,V02_TRAIN_285,1,URGENT_ACTION,ACTION_REQUIRED,1,false,NONE,true,POLICY_APPROVED_V04,0.4,
V02_TRAIN_286,정부24,synthetic.kr.gov24,보안 알림,새로운 기기에서 신청인 정보 변경이 감지되었습니다.,1,security_change,clear_important_1,CLEAR,explicit_security_change,msg,false,50,IMPORTANT,false,false,SYNTHETIC_REVIEWED,0.6,noti_v0.2_generator,,PROJECT_OWNED,false,true,POLICY_REVIEWED,V02_TRAIN_286,1,SECURITY,ACTION_REQUIRED,1,false,NONE,true,POLICY_APPROVED_V04,0.4,
V02_TRAIN_287,정부24,synthetic.kr.gov24,(광고) 오늘의 혜택,"생활지원 정책 이벤트, 오늘만 확인하세요. 수신거부는 설정에서 가능합니다.",0,promotion,clear_general_0,CLEAR,explicit_promotion,promo,false,-15,GENERAL,false,false,SYNTHETIC_REVIEWED,0.6,noti_v0.2_generator,,PROJECT_OWNED,false,true,POLICY_REVIEWED,V02_TRAIN_287,0,PROMOTION,PROMOTIONAL,0,false,NONE,true,POLICY_APPROVED_V04,0.4,
V02_TRAIN_288,정부24,synthetic.kr.gov24,업데이트 완료,이용 내역 요약 업데이트가 완료되었습니다. 별도 작업은 필요하지 않습니다.,0,passive_update,clear_general_1,CLEAR,no_action_status,status,false,-10,GENERAL,false,false,SYNTHETIC_REVIEWED,0.6,noti_v0.2_generator,,PROJECT_OWNED,false,true,POLICY_REVIEWED,V02_TRAIN_288,0,PASSIVE_STATUS,INFORMATIONAL,0,true,APP_EVENT_TYPE,true,POLICY_APPROVED_V04,0.4,
V02_TRAIN_289,카카오톡,synthetic.kr.kakaotalk,카카오톡,송금 받기 처리가 정상적으로 완료되지 않았습니다.,1,exception,eligible_promote_0_0,CLEAR,concrete_failure_or_exception,msg,false,25,REVIEW,false,true,SYNTHETIC_REVIEWED,0.6,noti_v0.2_generator,,PROJECT_OWNED,false,true,POLICY_REVIEWED,V02_TRAIN_289,1,PROCESS_FAILURE,ACTION_REQUIRED,1,false,NONE,true,POLICY_APPROVED_V04,0.4,2
V02_TRAIN_290,카카오톡,synthetic.kr.kakaotalk,송금 받기 안내,송금 받기 처리 중 문제가 발생했습니다.,1,exception,eligible_promote_0_1,CLEAR,concrete_failure_or_exception,msg,false,25,REVIEW,false,true,SYNTHETIC_REVIEWED,0.6,noti_v0.2_generator,,PROJECT_OWNED,false,true,POLICY_REVIEWED,V02_TRAIN_290,1,PROCESS_FAILURE,ACTION_REQUIRED,1,false,NONE,true,POLICY_APPROVED_V04,0.4,1
V02_TRAIN_291,카카오톡,synthetic.kr.kakaotalk,카카오톡,약속 시간: 내일 오전 9시로 변경되었습니다.,1,schedule_change,eligible_promote_schedule_1,CLEAR,meaningful_schedule_change,msg,false,30,REVIEW,false,true,SYNTHETIC_REVIEWED,0.6,noti_v0.2_generator,,PROJECT_OWNED,false,true,POLICY_REVIEWED,V02_TRAIN_291,1,SCHEDULE_CHANGE,ATTENTION_WORTHY,1,true,APP_EVENT_TYPE,true,POLICY_APPROVED_V04,0.4,0
V02_TRAIN_292,카카오톡,synthetic.kr.kakaotalk,약속 시간 안내,약속 시간 변경 안내입니다. 기존 일정과 달라졌습니다.,1,schedule_change,eligible_promote_schedule_2,CLEAR,meaningful_schedule_change,msg,false,30,REVIEW,false,true,SYNTHETIC_REVIEWED,0.6,noti_v0.2_generator,,PROJECT_OWNED,false,true,POLICY_REVIEWED,V02_TRAIN_292,1,SCHEDULE_CHANGE,ATTENTION_WORTHY,1,true,APP_EVENT_TYPE,true,POLICY_APPROVED_V04,0.4,3
V02_TRAIN_293,카카오톡,synthetic.kr.kakaotalk,카카오톡,확인이 필요합니다: 공유 계정 정보,1,action_required,eligible_promote_2_0,CLEAR,concrete_user_confirmation,msg,false,25,REVIEW,false,true,SYNTHETIC_REVIEWED,0.6,noti_v0.2_generator,,PROJECT_OWNED,false,true,POLICY_REVIEWED,V02_TRAIN_293,1,USER_ACTION,ACTION_REQUIRED,1,false,NONE,true,POLICY_APPROVED_V04,0.4,0
V02_TRAIN_294,카카오톡,synthetic.kr.kakaotalk,공유 계정 정보 안내,공유 계정 정보 관련 확인이 필요합니다.,1,action_required,eligible_promote_2_1,CLEAR,concrete_user_confirmation,msg,false,25,REVIEW,false,true,SYNTHETIC_REVIEWED,0.6,noti_v0.2_generator,,PROJECT_OWNED,false,true,POLICY_REVIEWED,V02_TRAIN_294,1,USER_ACTION,ACTION_REQUIRED,1,false,NONE,true,POLICY_APPROVED_V04,0.4,4
V02_TRAIN_295,카카오톡,synthetic.kr.kakaotalk,카카오톡,주간 대화 요약: 이번 주 요약이 도착했습니다.,0,summary,eligible_keep_0_0,CLEAR,informational_summary,msg,false,25,REVIEW,false,true,SYNTHETIC_REVIEWED,0.6,noti_v0.2_generator,,PROJECT_OWNED,false,true,POLICY_REVIEWED,V02_TRAIN_295,0,SUMMARY,INFORMATIONAL,0,true,APP_EVENT_TYPE,true,POLICY_APPROVED_V04,0.4,3
V02_TRAIN_296,카카오톡,synthetic.kr.kakaotalk,주간 대화 요약 안내,주간 대화 요약 세부 내용을 확인해주세요.,0,summary,eligible_keep_0_1,CLEAR,informational_summary,msg,false,25,REVIEW,false,true,SYNTHETIC_REVIEWED,0.6,noti_v0.2_generator,,PROJECT_OWNED,false,true,POLICY_REVIEWED,V02_TRAIN_296,0,SUMMARY,INFORMATIONAL,0,true,APP_EVENT_TYPE,true,POLICY_APPROVED_V04,0.4,2
V02_TRAIN_297,카카오톡,synthetic.kr.kakaotalk,카카오톡,오픈채팅 일정 관련 내용이 내일 오전 10시에 업데이트됩니다.,0,optional_schedule,eligible_keep_schedule_1,CLEAR,optional_timed_content,reminder,false,25,REVIEW,false,true,SYNTHETIC_REVIEWED,0.6,noti_v0.2_generator,,PROJECT_OWNED,false,true,POLICY_REVIEWED,V02_TRAIN_297,0,OPTIONAL_CONTENT,PROMOTIONAL,0,true,APP_EVENT_TYPE,true,POLICY_APPROVED_V04,0.4,2
V02_TRAIN_298,카카오톡,synthetic.kr.kakaotalk,오픈채팅 일정 안내,관심 등록한 오픈채팅 일정 소식이 이번 주 공개될 예정입니다.,0,optional_schedule,eligible_keep_schedule_2,CLEAR,optional_timed_content,reminder,false,25,REVIEW,false,true,SYNTHETIC_REVIEWED,0.6,noti_v0.2_generator,,PROJECT_OWNED,false,true,POLICY_REVIEWED,V02_TRAIN_298,0,OPTIONAL_CONTENT,PROMOTIONAL,0,true,APP_EVENT_TYPE,true,POLICY_APPROVED_V04,0.4,0
V02_TRAIN_299,카카오톡,synthetic.kr.kakaotalk,카카오톡,메신저 이용 설문 참여 요청이 도착했습니다.,0,optional_survey,eligible_keep_2_0,CLEAR,optional_participation_request,msg,false,25,REVIEW,false,true,SYNTHETIC_REVIEWED,0.6,noti_v0.2_generator,,PROJECT_OWNED,false,true,POLICY_REVIEWED,V02_TRAIN_299,0,SURVEY,PROMOTIONAL,0,false,NONE,true,POLICY_APPROVED_V04,0.4,3
V02_TRAIN_300,카카오톡,synthetic.kr.kakaotalk,메신저 이용 설문 안내,메신저 이용 설문 관련 의견을 남겨주세요.,0,optional_survey,eligible_keep_2_1,CLEAR,optional_participation_request,msg,false,25,REVIEW,false,true,SYNTHETIC_REVIEWED,0.6,noti_v0.2_generator,,PROJECT_OWNED,false,true,POLICY_REVIEWED,V02_TRAIN_300,0,SURVEY,PROMOTIONAL,0,false,NONE,true,POLICY_APPROVED_V04,0.4,0
V02_TRAIN_301,카카오톡,synthetic.kr.kakaotalk,긴급 확인,송금 받기 문제로 오늘까지 처리가 필요합니다. 즉시 확인해주세요.,1,urgent_action,clear_important_0,CLEAR,urgent_and_action_required,alarm,false,45,IMPORTANT,false,false,SYNTHETIC_REVIEWED,0.6,noti_v0.2_generator,,PROJECT_OWNED,false,true,POLICY_REVIEWED,V02_TRAIN_301,1,URGENT_ACTION,ACTION_REQUIRED,1,false,NONE,true,POLICY_APPROVED_V04,0.4,
V02_TRAIN_302,카카오톡,synthetic.kr.kakaotalk,보안 알림,새로운 기기에서 공유 계정 정보 변경이 감지되었습니다.,1,security_change,clear_important_1,CLEAR,explicit_security_change,msg,false,50,IMPORTANT,false,false,SYNTHETIC_REVIEWED,0.6,noti_v0.2_generator,,PROJECT_OWNED,false,true,POLICY_REVIEWED,V02_TRAIN_302,1,SECURITY,ACTION_REQUIRED,1,false,NONE,true,POLICY_APPROVED_V04,0.4,
V02_TRAIN_303,카카오톡,synthetic.kr.kakaotalk,(광고) 오늘의 혜택,"이모티콘 할인 이벤트, 오늘만 확인하세요. 수신거부는 설정에서 가능합니다.",0,promotion,clear_general_0,CLEAR,explicit_promotion,promo,false,-15,GENERAL,false,false,SYNTHETIC_REVIEWED,0.6,noti_v0.2_generator,,PROJECT_OWNED,false,true,POLICY_REVIEWED,V02_TRAIN_303,0,PROMOTION,PROMOTIONAL,0,false,NONE,true,POLICY_APPROVED_V04,0.4,
V02_TRAIN_304,카카오톡,synthetic.kr.kakaotalk,업데이트 완료,주간 대화 요약 업데이트가 완료되었습니다. 별도 작업은 필요하지 않습니다.,0,passive_update,clear_general_1,CLEAR,no_action_status,status,false,-10,GENERAL,false,false,SYNTHETIC_REVIEWED,0.6,noti_v0.2_generator,,PROJECT_OWNED,false,true,POLICY_REVIEWED,V02_TRAIN_304,0,PASSIVE_STATUS,INFORMATIONAL,0,true,APP_EVENT_TYPE,true,POLICY_APPROVED_V04,0.4,
V02_TRAIN_305,SmartThings,synthetic.kr.smartthings,SmartThings,현관문 센서 처리가 정상적으로 완료되지 않았습니다.,1,exception,eligible_promote_0_0,CLEAR,concrete_failure_or_exception,msg,false,25,REVIEW,false,true,SYNTHETIC_REVIEWED,0.6,noti_v0.2_generator,,PROJECT_OWNED,false,true,POLICY_REVIEWED,V02_TRAIN_305,1,PROCESS_FAILURE,ACTION_REQUIRED,1,false,NONE,true,POLICY_APPROVED_V04,0.4,2
V02_TRAIN_306,SmartThings,synthetic.kr.smartthings,현관문 센서 안내,현관문 센서 처리 중 문제가 발생했습니다.,1,exception,eligible_promote_0_1,CLEAR,concrete_failure_or_exception,msg,false,25,REVIEW,false,true,SYNTHETIC_REVIEWED,0.6,noti_v0.2_generator,,PROJECT_OWNED,false,true,POLICY_REVIEWED,V02_TRAIN_306,1,PROCESS_FAILURE,ACTION_REQUIRED,1,false,NONE,true,POLICY_APPROVED_V04,0.4,1
V02_TRAIN_307,SmartThings,synthetic.kr.smartthings,SmartThings,보안 모드 일정: 기존 시간이 취소되고 새 시간이 등록되었습니다.,1,schedule_change,eligible_promote_schedule_3,CLEAR,meaningful_schedule_change,msg,false,30,REVIEW,false,true,SYNTHETIC_REVIEWED,0.6,noti_v0.2_generator,,PROJECT_OWNED,false,true,POLICY_REVIEWED,V02_TRAIN_307,1,SCHEDULE_CHANGE,ATTENTION_WORTHY,1,true,APP_EVENT_TYPE,true,POLICY_APPROVED_V04,0.4,2
V02_TRAIN_308,SmartThings,synthetic.kr.smartthings,보안 모드 일정 안내,보안 모드 일정: 예정보다 2시간 앞당겨졌습니다.,1,schedule_change,eligible_promote_schedule_4,CLEAR,meaningful_schedule_change,msg,false,30,REVIEW,false,true,SYNTHETIC_REVIEWED,0.6,noti_v0.2_generator,,PROJECT_OWNED,false,true,POLICY_REVIEWED,V02_TRAIN_308,1,SCHEDULE_CHANGE,ATTENTION_WORTHY,1,true,APP_EVENT_TYPE,true,POLICY_APPROVED_V04,0.4,2
V02_TRAIN_309,SmartThings,synthetic.kr.smartthings,SmartThings,확인이 필요합니다: 가족 구성원 권한,1,action_required,eligible_promote_2_0,CLEAR,concrete_user_confirmation,msg,false,25,REVIEW,false,true,SYNTHETIC_REVIEWED,0.6,noti_v0.2_generator,,PROJECT_OWNED,false,true,POLICY_REVIEWED,V02_TRAIN_309,1,USER_ACTION,ACTION_REQUIRED,1,false,NONE,true,POLICY_APPROVED_V04,0.4,0
V02_TRAIN_310,SmartThings,synthetic.kr.smartthings,가족 구성원 권한 안내,가족 구성원 권한 관련 확인이 필요합니다.,1,action_required,eligible_promote_2_1,CLEAR,concrete_user_confirmation,msg,false,25,REVIEW,false,true,SYNTHETIC_REVIEWED,0.6,noti_v0.2_generator,,PROJECT_OWNED,false,true,POLICY_REVIEWED,V02_TRAIN_310,1,USER_ACTION,ACTION_REQUIRED,1,false,NONE,true,POLICY_APPROVED_V04,0.4,4
V02_TRAIN_311,SmartThings,synthetic.kr.smartthings,SmartThings,주간 에너지 요약: 이번 주 요약이 도착했습니다.,0,summary,eligible_keep_0_0,CLEAR,informational_summary,msg,false,25,REVIEW,false,true,SYNTHETIC_REVIEWED,0.6,noti_v0.2_generator,,PROJECT_OWNED,false,true,POLICY_REVIEWED,V02_TRAIN_311,0,SUMMARY,INFORMATIONAL,0,true,APP_EVENT_TYPE,true,POLICY_APPROVED_V04,0.4,3
V02_TRAIN_312,SmartThings,synthetic.kr.smartthings,주간 에너지 요약 안내,주간 에너지 요약 세부 내용을 확인해주세요.,0,summary,eligible_keep_0_1,CLEAR,informational_summary,msg,false,25,REVIEW,false,true,SYNTHETIC_REVIEWED,0.6,noti_v0.2_generator,,PROJECT_OWNED,false,true,POLICY_REVIEWED,V02_TRAIN_312,0,SUMMARY,INFORMATIONAL,0,true,APP_EVENT_TYPE,true,POLICY_APPROVED_V04,0.4,2
V02_TRAIN_313,SmartThings,synthetic.kr.smartthings,SmartThings,자동화 실행 일정 공개 시간이 정해졌습니다.,0,optional_schedule,eligible_keep_schedule_3,CLEAR,optional_timed_content,reminder,false,25,REVIEW,false,true,SYNTHETIC_REVIEWED,0.6,noti_v0.2_generator,,PROJECT_OWNED,false,true,POLICY_REVIEWED,V02_TRAIN_313,0,OPTIONAL_CONTENT,PROMOTIONAL,0,true,APP_EVENT_TYPE,true,POLICY_APPROVED_V04,0.4,4
V02_TRAIN_314,SmartThings,synthetic.kr.smartthings,자동화 실행 일정 안내,자동화 실행 일정 관련 알림이 곧 시작됩니다.,0,optional_schedule,eligible_keep_schedule_4,CLEAR,optional_timed_content,reminder,false,25,REVIEW,false,true,SYNTHETIC_REVIEWED,0.6,noti_v0.2_generator,,PROJECT_OWNED,false,true,POLICY_REVIEWED,V02_TRAIN_314,0,OPTIONAL_CONTENT,PROMOTIONAL,0,true,APP_EVENT_TYPE,true,POLICY_APPROVED_V04,0.4,4
V02_TRAIN_315,SmartThings,synthetic.kr.smartthings,SmartThings,스마트홈 이용 설문 참여 요청이 도착했습니다.,0,optional_survey,eligible_keep_2_0,CLEAR,optional_participation_request,msg,false,25,REVIEW,false,true,SYNTHETIC_REVIEWED,0.6,noti_v0.2_generator,,PROJECT_OWNED,false,true,POLICY_REVIEWED,V02_TRAIN_315,0,SURVEY,PROMOTIONAL,0,false,NONE,true,POLICY_APPROVED_V04,0.4,3
V02_TRAIN_316,SmartThings,synthetic.kr.smartthings,스마트홈 이용 설문 안내,스마트홈 이용 설문 관련 의견을 남겨주세요.,0,optional_survey,eligible_keep_2_1,CLEAR,optional_participation_request,msg,false,25,REVIEW,false,true,SYNTHETIC_REVIEWED,0.6,noti_v0.2_generator,,PROJECT_OWNED,false,true,POLICY_REVIEWED,V02_TRAIN_316,0,SURVEY,PROMOTIONAL,0,false,NONE,true,POLICY_APPROVED_V04,0.4,0
V02_TRAIN_317,SmartThings,synthetic.kr.smartthings,긴급 확인,현관문 센서 문제로 오늘까지 처리가 필요합니다. 즉시 확인해주세요.,1,urgent_action,clear_important_0,CLEAR,urgent_and_action_required,alarm,false,45,IMPORTANT,false,false,SYNTHETIC_REVIEWED,0.6,noti_v0.2_generator,,PROJECT_OWNED,false,true,POLICY_REVIEWED,V02_TRAIN_317,1,URGENT_ACTION,ACTION_REQUIRED,1,false,NONE,true,POLICY_APPROVED_V04,0.4,
V02_TRAIN_318,SmartThings,synthetic.kr.smartthings,보안 알림,새로운 기기에서 가족 구성원 권한 변경이 감지되었습니다.,1,security_change,clear_important_1,CLEAR,explicit_security_change,msg,false,50,IMPORTANT,false,false,SYNTHETIC_REVIEWED,0.6,noti_v0.2_generator,,PROJECT_OWNED,false,true,POLICY_REVIEWED,V02_TRAIN_318,1,SECURITY,ACTION_REQUIRED,1,false,NONE,true,POLICY_APPROVED_V04,0.4,
V02_TRAIN_319,SmartThings,synthetic.kr.smartthings,(광고) 오늘의 혜택,"스마트 기기 제휴 할인, 오늘만 확인하세요. 수신거부는 설정에서 가능합니다.",0,promotion,clear_general_0,CLEAR,explicit_promotion,promo,false,-15,GENERAL,false,false,SYNTHETIC_REVIEWED,0.6,noti_v0.2_generator,,PROJECT_OWNED,false,true,POLICY_REVIEWED,V02_TRAIN_319,0,PROMOTION,PROMOTIONAL,0,false,NONE,true,POLICY_APPROVED_V04,0.4,
V02_TRAIN_320,SmartThings,synthetic.kr.smartthings,업데이트 완료,주간 에너지 요약 업데이트가 완료되었습니다. 별도 작업은 필요하지 않습니다.,0,passive_update,clear_general_1,CLEAR,no_action_status,status,false,-10,GENERAL,false,false,SYNTHETIC_REVIEWED,0.6,noti_v0.2_generator,,PROJECT_OWNED,false,true,POLICY_REVIEWED,V02_TRAIN_320,0,PASSIVE_STATUS,INFORMATIONAL,0,true,APP_EVENT_TYPE,true,POLICY_APPROVED_V04,0.4,
V03_REALISTIC_001,쿠팡,synthetic.brand.coupang,쿠팡,주문 상품 결제가 완료되지 않았어요. 결제 수단을 확인해주세요.,1,payment_failure,v03_commerce_payment_failure,CLEAR,concrete_failure_or_exception,msg,false,25,REVIEW,false,true,SYNTHETIC_REALISTIC_REVIEWED,0.6,brand_style_seed_written_for_noti,,PROJECT_OWNED,false,true,POLICY_REVIEWED,,1,PAYMENT_PROBLEM,ACTION_REQUIRED,1,false,NONE,true,POLICY_APPROVED_V04,0.4,3
V03_REALISTIC_002,쿠팡,synthetic.brand.coupang,배송지 확인이 필요해요,주문 상품의 주소 정보가 부족해 배송이 보류됐습니다.,1,address_action,v03_commerce_address_action,CLEAR,concrete_user_confirmation,msg,false,25,REVIEW,false,true,SYNTHETIC_REALISTIC_REVIEWED,0.6,brand_style_seed_written_for_noti,,PROJECT_OWNED,false,true,POLICY_REVIEWED,,1,ADDRESS_ACTION,ACTION_REQUIRED,1,false,NONE,true,POLICY_APPROVED_V04,0.4,3
V03_REALISTIC_003,쿠팡,synthetic.brand.coupang,주문 취소 안내,재고 부족으로 주문 상품이 취소되었습니다. 환불 상태를 확인해주세요.,1,order_cancelled,v03_commerce_order_cancelled,CLEAR,concrete_failure_or_exception,msg,false,25,REVIEW,false,true,SYNTHETIC_REALISTIC_REVIEWED,0.6,brand_style_seed_written_for_noti,,PROJECT_OWNED,false,true,HUMAN_REVIEWED,,1,ORDER_STATUS,ATTENTION_WORTHY,1,true,APP_EVENT_TYPE,true,HUMAN_REVIEWED_V04,0.4,0
V03_REALISTIC_004,쿠팡,synthetic.brand.coupang,환불 처리 지연,주문 상품 환불이 예정일에 완료되지 않았습니다.,1,refund_exception,v03_commerce_refund_exception,CLEAR,concrete_failure_or_exception,msg,false,25,REVIEW,false,true,SYNTHETIC_REALISTIC_REVIEWED,0.6,brand_style_seed_written_for_noti,,PROJECT_OWNED,false,true,POLICY_REVIEWED,,1,REFUND_PROBLEM,ACTION_REQUIRED,1,false,NONE,true,POLICY_APPROVED_V04,0.4,2
V03_REALISTIC_005,쿠팡,synthetic.brand.coupang,장바구니에 상품이 남아 있어요,지금 주문하면 받을 수 있는 예상 날짜를 확인해보세요.,0,cart_reminder,v03_commerce_cart_reminder,CLEAR,optional_marketing_reminder,msg,false,25,REVIEW,false,true,SYNTHETIC_REALISTIC_REVIEWED,0.6,brand_style_seed_written_for_noti,,PROJECT_OWNED,false,true,HUMAN_REVIEWED,,0,CART_REMINDER,PROMOTIONAL,0,true,APP_EVENT_TYPE,true,HUMAN_REVIEWED_V04,0.4,2
V03_REALISTIC_006,쿠팡,synthetic.brand.coupang,(광고) 오늘 도착한 혜택,"와우회원 전용 특가, 앱에서 확인해보세요. 수신거부는 설정에서 가능합니다.",0,promotion,v03_commerce_explicit_promotion,CLEAR,explicit_promotion,promo,false,25,REVIEW,false,true,SYNTHETIC_REALISTIC_REVIEWED,0.6,brand_style_seed_written_for_noti,,PROJECT_OWNED,false,true,POLICY_REVIEWED,,0,PROMOTION,PROMOTIONAL,0,false,NONE,true,POLICY_APPROVED_V04,0.4,1
V03_REALISTIC_007,쿠팡,synthetic.brand.coupang,가격이 내려갔어요,관심 상품의 가격 변동 소식을 확인해보세요.,0,price_drop,v03_commerce_price_drop,CLEAR,optional_marketing_reminder,msg,false,25,REVIEW,false,true,SYNTHETIC_REALISTIC_REVIEWED,0.6,brand_style_seed_written_for_noti,,PROJECT_OWNED,false,true,HUMAN_REVIEWED,,0,PRICE_DROP,PROMOTIONAL,0,true,APP_EVENT_TYPE,true,HUMAN_REVIEWED_V04,0.4,1
V03_REALISTIC_008,쿠팡,synthetic.brand.coupang,쿠팡,최근 본 상품과 비슷한 상품을 모아봤어요.,0,recommendation,v03_commerce_recommendation,CLEAR,personalized_recommendation,msg,false,25,REVIEW,false,true,SYNTHETIC_REALISTIC_REVIEWED,0.6,brand_style_seed_written_for_noti,,PROJECT_OWNED,false,true,POLICY_REVIEWED,,0,RECOMMENDATION,PROMOTIONAL,0,true,APP_EVENT_TYPE,true,POLICY_APPROVED_V04,0.4,4
V03_REALISTIC_009,오늘의집,synthetic.brand.ohouse,오늘의집,가구 주문 결제가 완료되지 않았어요. 결제 수단을 확인해주세요.,1,payment_failure,v03_commerce_payment_failure,CLEAR,concrete_failure_or_exception,msg,false,25,REVIEW,false,true,SYNTHETIC_REALISTIC_REVIEWED,0.6,brand_style_seed_written_for_noti,,PROJECT_OWNED,false,true,POLICY_REVIEWED,,1,PAYMENT_PROBLEM,ACTION_REQUIRED,1,false,NONE,true,POLICY_APPROVED_V04,0.4,3
V03_REALISTIC_010,오늘의집,synthetic.brand.ohouse,배송지 확인이 필요해요,가구 주문의 주소 정보가 부족해 배송이 보류됐습니다.,1,address_action,v03_commerce_address_action,CLEAR,concrete_user_confirmation,msg,false,25,REVIEW,false,true,SYNTHETIC_REALISTIC_REVIEWED,0.6,brand_style_seed_written_for_noti,,PROJECT_OWNED,false,true,POLICY_REVIEWED,,1,ADDRESS_ACTION,ACTION_REQUIRED,1,false,NONE,true,POLICY_APPROVED_V04,0.4,3
V03_REALISTIC_011,오늘의집,synthetic.brand.ohouse,주문 취소 안내,재고 부족으로 가구 주문이 취소되었습니다. 환불 상태를 확인해주세요.,1,order_cancelled,v03_commerce_order_cancelled,CLEAR,concrete_failure_or_exception,msg,false,25,REVIEW,false,true,SYNTHETIC_REALISTIC_REVIEWED,0.6,brand_style_seed_written_for_noti,,PROJECT_OWNED,false,true,POLICY_REVIEWED,,1,ORDER_STATUS,ATTENTION_WORTHY,1,true,APP_EVENT_TYPE,true,POLICY_APPROVED_V04,0.4,0
V03_REALISTIC_012,오늘의집,synthetic.brand.ohouse,환불 처리 지연,가구 주문 환불이 예정일에 완료되지 않았습니다.,1,refund_exception,v03_commerce_refund_exception,CLEAR,concrete_failure_or_exception,msg,false,25,REVIEW,false,true,SYNTHETIC_REALISTIC_REVIEWED,0.6,brand_style_seed_written_for_noti,,PROJECT_OWNED,false,true,POLICY_REVIEWED,,1,REFUND_PROBLEM,ACTION_REQUIRED,1,false,NONE,true,POLICY_APPROVED_V04,0.4,2
V03_REALISTIC_013,오늘의집,synthetic.brand.ohouse,장바구니에 상품이 남아 있어요,지금 주문하면 받을 수 있는 예상 날짜를 확인해보세요.,0,cart_reminder,v03_commerce_cart_reminder,CLEAR,optional_marketing_reminder,msg,false,25,REVIEW,false,true,SYNTHETIC_REALISTIC_REVIEWED,0.6,brand_style_seed_written_for_noti,,PROJECT_OWNED,false,true,POLICY_REVIEWED,,0,CART_REMINDER,PROMOTIONAL,0,true,APP_EVENT_TYPE,true,POLICY_APPROVED_V04,0.4,2
V03_REALISTIC_014,오늘의집,synthetic.brand.ohouse,(광고) 오늘 도착한 혜택,"인기 가구 할인, 앱에서 확인해보세요. 수신거부는 설정에서 가능합니다.",0,promotion,v03_commerce_explicit_promotion,CLEAR,explicit_promotion,promo,false,25,REVIEW,false,true,SYNTHETIC_REALISTIC_REVIEWED,0.6,brand_style_seed_written_for_noti,,PROJECT_OWNED,false,true,POLICY_REVIEWED,,0,PROMOTION,PROMOTIONAL,0,false,NONE,true,POLICY_APPROVED_V04,0.4,1
V03_REALISTIC_015,오늘의집,synthetic.brand.ohouse,가격이 내려갔어요,관심 상품의 가격 변동 소식을 확인해보세요.,0,price_drop,v03_commerce_price_drop,CLEAR,optional_marketing_reminder,msg,false,25,REVIEW,false,true,SYNTHETIC_REALISTIC_REVIEWED,0.6,brand_style_seed_written_for_noti,,PROJECT_OWNED,false,true,POLICY_REVIEWED,,0,PRICE_DROP,PROMOTIONAL,0,true,APP_EVENT_TYPE,true,POLICY_APPROVED_V04,0.4,1
V03_REALISTIC_016,오늘의집,synthetic.brand.ohouse,오늘의집,최근 본 상품과 비슷한 상품을 모아봤어요.,0,recommendation,v03_commerce_recommendation,CLEAR,personalized_recommendation,msg,false,25,REVIEW,false,true,SYNTHETIC_REALISTIC_REVIEWED,0.6,brand_style_seed_written_for_noti,,PROJECT_OWNED,false,true,POLICY_REVIEWED,,0,RECOMMENDATION,PROMOTIONAL,0,true,APP_EVENT_TYPE,true,POLICY_APPROVED_V04,0.4,4
V03_REALISTIC_017,네이버 쇼핑,synthetic.brand.naver_shopping,네이버 쇼핑,쇼핑 주문 결제가 완료되지 않았어요. 결제 수단을 확인해주세요.,1,payment_failure,v03_commerce_payment_failure,CLEAR,concrete_failure_or_exception,msg,false,25,REVIEW,false,true,SYNTHETIC_REALISTIC_REVIEWED,0.6,brand_style_seed_written_for_noti,,PROJECT_OWNED,false,true,POLICY_REVIEWED,,1,PAYMENT_PROBLEM,ACTION_REQUIRED,1,false,NONE,true,POLICY_APPROVED_V04,0.4,3
V03_REALISTIC_018,네이버 쇼핑,synthetic.brand.naver_shopping,배송지 확인이 필요해요,쇼핑 주문의 주소 정보가 부족해 배송이 보류됐습니다.,1,address_action,v03_commerce_address_action,CLEAR,concrete_user_confirmation,msg,false,25,REVIEW,false,true,SYNTHETIC_REALISTIC_REVIEWED,0.6,brand_style_seed_written_for_noti,,PROJECT_OWNED,false,true,POLICY_REVIEWED,,1,ADDRESS_ACTION,ACTION_REQUIRED,1,false,NONE,true,POLICY_APPROVED_V04,0.4,3
V03_REALISTIC_019,네이버 쇼핑,synthetic.brand.naver_shopping,주문 취소 안내,재고 부족으로 쇼핑 주문이 취소되었습니다. 환불 상태를 확인해주세요.,1,order_cancelled,v03_commerce_order_cancelled,CLEAR,concrete_failure_or_exception,msg,false,25,REVIEW,false,true,SYNTHETIC_REALISTIC_REVIEWED,0.6,brand_style_seed_written_for_noti,,PROJECT_OWNED,false,true,POLICY_REVIEWED,,1,ORDER_STATUS,ATTENTION_WORTHY,1,true,APP_EVENT_TYPE,true,POLICY_APPROVED_V04,0.4,0
V03_REALISTIC_020,네이버 쇼핑,synthetic.brand.naver_shopping,환불 처리 지연,쇼핑 주문 환불이 예정일에 완료되지 않았습니다.,1,refund_exception,v03_commerce_refund_exception,CLEAR,concrete_failure_or_exception,msg,false,25,REVIEW,false,true,SYNTHETIC_REALISTIC_REVIEWED,0.6,brand_style_seed_written_for_noti,,PROJECT_OWNED,false,true,POLICY_REVIEWED,,1,REFUND_PROBLEM,ACTION_REQUIRED,1,false,NONE,true,POLICY_APPROVED_V04,0.4,2
V03_REALISTIC_021,네이버 쇼핑,synthetic.brand.naver_shopping,장바구니에 상품이 남아 있어요,지금 주문하면 받을 수 있는 예상 날짜를 확인해보세요.,0,cart_reminder,v03_commerce_cart_reminder,CLEAR,optional_marketing_reminder,msg,false,25,REVIEW,false,true,SYNTHETIC_REALISTIC_REVIEWED,0.6,brand_style_seed_written_for_noti,,PROJECT_OWNED,false,true,POLICY_REVIEWED,,0,CART_REMINDER,PROMOTIONAL,0,true,APP_EVENT_TYPE,true,POLICY_APPROVED_V04,0.4,2
V03_REALISTIC_022,네이버 쇼핑,synthetic.brand.naver_shopping,(광고) 오늘 도착한 혜택,"네이버페이 추가 적립, 앱에서 확인해보세요. 수신거부는 설정에서 가능합니다.",0,promotion,v03_commerce_explicit_promotion,CLEAR,explicit_promotion,promo,false,25,REVIEW,false,true,SYNTHETIC_REALISTIC_REVIEWED,0.6,brand_style_seed_written_for_noti,,PROJECT_OWNED,false,true,POLICY_REVIEWED,,0,PROMOTION,PROMOTIONAL,0,false,NONE,true,POLICY_APPROVED_V04,0.4,1
V03_REALISTIC_023,네이버 쇼핑,synthetic.brand.naver_shopping,가격이 내려갔어요,관심 상품의 가격 변동 소식을 확인해보세요.,0,price_drop,v03_commerce_price_drop,CLEAR,optional_marketing_reminder,msg,false,25,REVIEW,false,true,SYNTHETIC_REALISTIC_REVIEWED,0.6,brand_style_seed_written_for_noti,,PROJECT_OWNED,false,true,POLICY_REVIEWED,,0,PRICE_DROP,PROMOTIONAL,0,true,APP_EVENT_TYPE,true,POLICY_APPROVED_V04,0.4,1
V03_REALISTIC_024,네이버 쇼핑,synthetic.brand.naver_shopping,네이버 쇼핑,최근 본 상품과 비슷한 상품을 모아봤어요.,0,recommendation,v03_commerce_recommendation,CLEAR,personalized_recommendation,msg,false,25,REVIEW,false,true,SYNTHETIC_REALISTIC_REVIEWED,0.6,brand_style_seed_written_for_noti,,PROJECT_OWNED,false,true,POLICY_REVIEWED,,0,RECOMMENDATION,PROMOTIONAL,0,true,APP_EVENT_TYPE,true,POLICY_APPROVED_V04,0.4,4
V03_REALISTIC_025,무신사,synthetic.brand.musinsa,무신사,패션 상품 결제가 완료되지 않았어요. 결제 수단을 확인해주세요.,1,payment_failure,v03_commerce_payment_failure,CLEAR,concrete_failure_or_exception,msg,false,25,REVIEW,false,true,SYNTHETIC_REALISTIC_REVIEWED,0.6,brand_style_seed_written_for_noti,,PROJECT_OWNED,false,true,POLICY_REVIEWED,,1,PAYMENT_PROBLEM,ACTION_REQUIRED,1,false,NONE,true,POLICY_APPROVED_V04,0.4,3
V03_REALISTIC_026,무신사,synthetic.brand.musinsa,배송지 확인이 필요해요,패션 상품의 주소 정보가 부족해 배송이 보류됐습니다.,1,address_action,v03_commerce_address_action,CLEAR,concrete_user_confirmation,msg,false,25,REVIEW,false,true,SYNTHETIC_REALISTIC_REVIEWED,0.6,brand_style_seed_written_for_noti,,PROJECT_OWNED,false,true,POLICY_REVIEWED,,1,ADDRESS_ACTION,ACTION_REQUIRED,1,false,NONE,true,POLICY_APPROVED_V04,0.4,3
V03_REALISTIC_027,무신사,synthetic.brand.musinsa,주문 취소 안내,재고 부족으로 패션 상품이 취소되었습니다. 환불 상태를 확인해주세요.,1,order_cancelled,v03_commerce_order_cancelled,CLEAR,concrete_failure_or_exception,msg,false,25,REVIEW,false,true,SYNTHETIC_REALISTIC_REVIEWED,0.6,brand_style_seed_written_for_noti,,PROJECT_OWNED,false,true,POLICY_REVIEWED,,1,ORDER_STATUS,ATTENTION_WORTHY,1,true,APP_EVENT_TYPE,true,POLICY_APPROVED_V04,0.4,0
V03_REALISTIC_028,무신사,synthetic.brand.musinsa,환불 처리 지연,패션 상품 환불이 예정일에 완료되지 않았습니다.,1,refund_exception,v03_commerce_refund_exception,CLEAR,concrete_failure_or_exception,msg,false,25,REVIEW,false,true,SYNTHETIC_REALISTIC_REVIEWED,0.6,brand_style_seed_written_for_noti,,PROJECT_OWNED,false,true,POLICY_REVIEWED,,1,REFUND_PROBLEM,ACTION_REQUIRED,1,false,NONE,true,POLICY_APPROVED_V04,0.4,2
V03_REALISTIC_029,무신사,synthetic.brand.musinsa,장바구니에 상품이 남아 있어요,지금 주문하면 받을 수 있는 예상 날짜를 확인해보세요.,0,cart_reminder,v03_commerce_cart_reminder,CLEAR,optional_marketing_reminder,msg,false,25,REVIEW,false,true,SYNTHETIC_REALISTIC_REVIEWED,0.6,brand_style_seed_written_for_noti,,PROJECT_OWNED,false,true,POLICY_REVIEWED,,0,CART_REMINDER,PROMOTIONAL,0,true,APP_EVENT_TYPE,true,POLICY_APPROVED_V04,0.4,2
V03_REALISTIC_030,무신사,synthetic.brand.musinsa,(광고) 오늘 도착한 혜택,"회원 전용 브랜드 할인, 앱에서 확인해보세요. 수신거부는 설정에서 가능합니다.",0,promotion,v03_commerce_explicit_promotion,CLEAR,explicit_promotion,promo,false,25,REVIEW,false,true,SYNTHETIC_REALISTIC_REVIEWED,0.6,brand_style_seed_written_for_noti,,PROJECT_OWNED,false,true,POLICY_REVIEWED,,0,PROMOTION,PROMOTIONAL,0,false,NONE,true,POLICY_APPROVED_V04,0.4,1
V03_REALISTIC_031,무신사,synthetic.brand.musinsa,가격이 내려갔어요,관심 상품의 가격 변동 소식을 확인해보세요.,0,price_drop,v03_commerce_price_drop,CLEAR,optional_marketing_reminder,msg,false,25,REVIEW,false,true,SYNTHETIC_REALISTIC_REVIEWED,0.6,brand_style_seed_written_for_noti,,PROJECT_OWNED,false,true,POLICY_REVIEWED,,0,PRICE_DROP,PROMOTIONAL,0,true,APP_EVENT_TYPE,true,POLICY_APPROVED_V04,0.4,1
V03_REALISTIC_032,무신사,synthetic.brand.musinsa,무신사,최근 본 상품과 비슷한 상품을 모아봤어요.,0,recommendation,v03_commerce_recommendation,CLEAR,personalized_recommendation,msg,false,25,REVIEW,false,true,SYNTHETIC_REALISTIC_REVIEWED,0.6,brand_style_seed_written_for_noti,,PROJECT_OWNED,false,true,POLICY_REVIEWED,,0,RECOMMENDATION,PROMOTIONAL,0,true,APP_EVENT_TYPE,true,POLICY_APPROVED_V04,0.4,4
V03_REALISTIC_033,지그재그,synthetic.brand.zigzag,지그재그,스토어 주문 결제가 완료되지 않았어요. 결제 수단을 확인해주세요.,1,payment_failure,v03_commerce_payment_failure,CLEAR,concrete_failure_or_exception,msg,false,25,REVIEW,false,true,SYNTHETIC_REALISTIC_REVIEWED,0.6,brand_style_seed_written_for_noti,,PROJECT_OWNED,false,true,POLICY_REVIEWED,,1,PAYMENT_PROBLEM,ACTION_REQUIRED,1,false,NONE,true,POLICY_APPROVED_V04,0.4,3
V03_REALISTIC_034,지그재그,synthetic.brand.zigzag,배송지 확인이 필요해요,스토어 주문의 주소 정보가 부족해 배송이 보류됐습니다.,1,address_action,v03_commerce_address_action,CLEAR,concrete_user_confirmation,msg,false,25,REVIEW,false,true,SYNTHETIC_REALISTIC_REVIEWED,0.6,brand_style_seed_written_for_noti,,PROJECT_OWNED,false,true,POLICY_REVIEWED,,1,ADDRESS_ACTION,ACTION_REQUIRED,1,false,NONE,true,POLICY_APPROVED_V04,0.4,3
V03_REALISTIC_035,지그재그,synthetic.brand.zigzag,주문 취소 안내,재고 부족으로 스토어 주문이 취소되었습니다. 환불 상태를 확인해주세요.,1,order_cancelled,v03_commerce_order_cancelled,CLEAR,concrete_failure_or_exception,msg,false,25,REVIEW,false,true,SYNTHETIC_REALISTIC_REVIEWED,0.6,brand_style_seed_written_for_noti,,PROJECT_OWNED,false,true,HUMAN_REVIEWED,,1,ORDER_STATUS,ATTENTION_WORTHY,1,true,APP_EVENT_TYPE,true,HUMAN_REVIEWED_V04,0.4,0
V03_REALISTIC_036,지그재그,synthetic.brand.zigzag,환불 처리 지연,스토어 주문 환불이 예정일에 완료되지 않았습니다.,1,refund_exception,v03_commerce_refund_exception,CLEAR,concrete_failure_or_exception,msg,false,25,REVIEW,false,true,SYNTHETIC_REALISTIC_REVIEWED,0.6,brand_style_seed_written_for_noti,,PROJECT_OWNED,false,true,POLICY_REVIEWED,,1,REFUND_PROBLEM,ACTION_REQUIRED,1,false,NONE,true,POLICY_APPROVED_V04,0.4,2
V03_REALISTIC_037,지그재그,synthetic.brand.zigzag,장바구니에 상품이 남아 있어요,지금 주문하면 받을 수 있는 예상 날짜를 확인해보세요.,0,cart_reminder,v03_commerce_cart_reminder,CLEAR,optional_marketing_reminder,msg,false,25,REVIEW,false,true,SYNTHETIC_REALISTIC_REVIEWED,0.6,brand_style_seed_written_for_noti,,PROJECT_OWNED,false,true,POLICY_REVIEWED,,0,CART_REMINDER,PROMOTIONAL,0,true,APP_EVENT_TYPE,true,POLICY_APPROVED_V04,0.4,2
V03_REALISTIC_038,지그재그,synthetic.brand.zigzag,(광고) 오늘 도착한 혜택,"오늘만 추가 할인, 앱에서 확인해보세요. 수신거부는 설정에서 가능합니다.",0,promotion,v03_commerce_explicit_promotion,CLEAR,explicit_promotion,promo,false,25,REVIEW,false,true,SYNTHETIC_REALISTIC_REVIEWED,0.6,brand_style_seed_written_for_noti,,PROJECT_OWNED,false,true,POLICY_REVIEWED,,0,PROMOTION,PROMOTIONAL,0,false,NONE,true,POLICY_APPROVED_V04,0.4,1
V03_REALISTIC_039,지그재그,synthetic.brand.zigzag,가격이 내려갔어요,관심 상품의 가격 변동 소식을 확인해보세요.,0,price_drop,v03_commerce_price_drop,CLEAR,optional_marketing_reminder,msg,false,25,REVIEW,false,true,SYNTHETIC_REALISTIC_REVIEWED,0.6,brand_style_seed_written_for_noti,,PROJECT_OWNED,false,true,POLICY_REVIEWED,,0,PRICE_DROP,PROMOTIONAL,0,true,APP_EVENT_TYPE,true,POLICY_APPROVED_V04,0.4,1
V03_REALISTIC_040,지그재그,synthetic.brand.zigzag,지그재그,최근 본 상품과 비슷한 상품을 모아봤어요.,0,recommendation,v03_commerce_recommendation,CLEAR,personalized_recommendation,msg,false,25,REVIEW,false,true,SYNTHETIC_REALISTIC_REVIEWED,0.6,brand_style_seed_written_for_noti,,PROJECT_OWNED,false,true,POLICY_REVIEWED,,0,RECOMMENDATION,PROMOTIONAL,0,true,APP_EVENT_TYPE,true,POLICY_APPROVED_V04,0.4,4
V03_REALISTIC_041,에이블리,synthetic.brand.ably,에이블리,마켓 주문 결제가 완료되지 않았어요. 결제 수단을 확인해주세요.,1,payment_failure,v03_commerce_payment_failure,CLEAR,concrete_failure_or_exception,msg,false,25,REVIEW,false,true,SYNTHETIC_REALISTIC_REVIEWED,0.6,brand_style_seed_written_for_noti,,PROJECT_OWNED,false,true,POLICY_REVIEWED,,1,PAYMENT_PROBLEM,ACTION_REQUIRED,1,false,NONE,true,POLICY_APPROVED_V04,0.4,3
V03_REALISTIC_042,에이블리,synthetic.brand.ably,배송지 확인이 필요해요,마켓 주문의 주소 정보가 부족해 배송이 보류됐습니다.,1,address_action,v03_commerce_address_action,CLEAR,concrete_user_confirmation,msg,false,25,REVIEW,false,true,SYNTHETIC_REALISTIC_REVIEWED,0.6,brand_style_seed_written_for_noti,,PROJECT_OWNED,false,true,POLICY_REVIEWED,,1,ADDRESS_ACTION,ACTION_REQUIRED,1,false,NONE,true,POLICY_APPROVED_V04,0.4,3
V03_REALISTIC_043,에이블리,synthetic.brand.ably,주문 취소 안내,재고 부족으로 마켓 주문이 취소되었습니다. 환불 상태를 확인해주세요.,1,order_cancelled,v03_commerce_order_cancelled,CLEAR,concrete_failure_or_exception,msg,false,25,REVIEW,false,true,SYNTHETIC_REALISTIC_REVIEWED,0.6,brand_style_seed_written_for_noti,,PROJECT_OWNED,false,true,POLICY_REVIEWED,,1,ORDER_STATUS,ATTENTION_WORTHY,1,true,APP_EVENT_TYPE,true,POLICY_APPROVED_V04,0.4,0
V03_REALISTIC_044,에이블리,synthetic.brand.ably,환불 처리 지연,마켓 주문 환불이 예정일에 완료되지 않았습니다.,1,refund_exception,v03_commerce_refund_exception,CLEAR,concrete_failure_or_exception,msg,false,25,REVIEW,false,true,SYNTHETIC_REALISTIC_REVIEWED,0.6,brand_style_seed_written_for_noti,,PROJECT_OWNED,false,true,POLICY_REVIEWED,,1,REFUND_PROBLEM,ACTION_REQUIRED,1,false,NONE,true,POLICY_APPROVED_V04,0.4,2
V03_REALISTIC_045,에이블리,synthetic.brand.ably,장바구니에 상품이 남아 있어요,지금 주문하면 받을 수 있는 예상 날짜를 확인해보세요.,0,cart_reminder,v03_commerce_cart_reminder,CLEAR,optional_marketing_reminder,msg,false,25,REVIEW,false,true,SYNTHETIC_REALISTIC_REVIEWED,0.6,brand_style_seed_written_for_noti,,PROJECT_OWNED,false,true,POLICY_REVIEWED,,0,CART_REMINDER,PROMOTIONAL,0,true,APP_EVENT_TYPE,true,POLICY_APPROVED_V04,0.4,2
V03_REALISTIC_046,에이블리,synthetic.brand.ably,(광고) 오늘 도착한 혜택,"찜한 상품 쿠폰, 앱에서 확인해보세요. 수신거부는 설정에서 가능합니다.",0,promotion,v03_commerce_explicit_promotion,CLEAR,explicit_promotion,promo,false,25,REVIEW,false,true,SYNTHETIC_REALISTIC_REVIEWED,0.6,brand_style_seed_written_for_noti,,PROJECT_OWNED,false,true,POLICY_REVIEWED,,0,PROMOTION,PROMOTIONAL,0,false,NONE,true,POLICY_APPROVED_V04,0.4,1
V03_REALISTIC_047,에이블리,synthetic.brand.ably,가격이 내려갔어요,관심 상품의 가격 변동 소식을 확인해보세요.,0,price_drop,v03_commerce_price_drop,CLEAR,optional_marketing_reminder,msg,false,25,REVIEW,false,true,SYNTHETIC_REALISTIC_REVIEWED,0.6,brand_style_seed_written_for_noti,,PROJECT_OWNED,false,true,POLICY_REVIEWED,,0,PRICE_DROP,PROMOTIONAL,0,true,APP_EVENT_TYPE,true,POLICY_APPROVED_V04,0.4,1
V03_REALISTIC_048,에이블리,synthetic.brand.ably,에이블리,최근 본 상품과 비슷한 상품을 모아봤어요.,0,recommendation,v03_commerce_recommendation,CLEAR,personalized_recommendation,msg,false,25,REVIEW,false,true,SYNTHETIC_REALISTIC_REVIEWED,0.6,brand_style_seed_written_for_noti,,PROJECT_OWNED,false,true,POLICY_REVIEWED,,0,RECOMMENDATION,PROMOTIONAL,0,true,APP_EVENT_TYPE,true,POLICY_APPROVED_V04,0.4,4
V03_REALISTIC_049,올리브영,synthetic.brand.oliveyoung,올리브영,뷰티 상품 결제가 완료되지 않았어요. 결제 수단을 확인해주세요.,1,payment_failure,v03_commerce_payment_failure,CLEAR,concrete_failure_or_exception,msg,false,25,REVIEW,false,true,SYNTHETIC_REALISTIC_REVIEWED,0.6,brand_style_seed_written_for_noti,,PROJECT_OWNED,false,true,POLICY_REVIEWED,,1,PAYMENT_PROBLEM,ACTION_REQUIRED,1,false,NONE,true,POLICY_APPROVED_V04,0.4,3
V03_REALISTIC_050,올리브영,synthetic.brand.oliveyoung,배송지 확인이 필요해요,뷰티 상품의 주소 정보가 부족해 배송이 보류됐습니다.,1,address_action,v03_commerce_address_action,CLEAR,concrete_user_confirmation,msg,false,25,REVIEW,false,true,SYNTHETIC_REALISTIC_REVIEWED,0.6,brand_style_seed_written_for_noti,,PROJECT_OWNED,false,true,POLICY_REVIEWED,,1,ADDRESS_ACTION,ACTION_REQUIRED,1,false,NONE,true,POLICY_APPROVED_V04,0.4,3
V03_REALISTIC_051,올리브영,synthetic.brand.oliveyoung,주문 취소 안내,재고 부족으로 뷰티 상품이 취소되었습니다. 환불 상태를 확인해주세요.,1,order_cancelled,v03_commerce_order_cancelled,CLEAR,concrete_failure_or_exception,msg,false,25,REVIEW,false,true,SYNTHETIC_REALISTIC_REVIEWED,0.6,brand_style_seed_written_for_noti,,PROJECT_OWNED,false,true,POLICY_REVIEWED,,1,ORDER_STATUS,ATTENTION_WORTHY,1,true,APP_EVENT_TYPE,true,POLICY_APPROVED_V04,0.4,0
V03_REALISTIC_052,올리브영,synthetic.brand.oliveyoung,환불 처리 지연,뷰티 상품 환불이 예정일에 완료되지 않았습니다.,1,refund_exception,v03_commerce_refund_exception,CLEAR,concrete_failure_or_exception,msg,false,25,REVIEW,false,true,SYNTHETIC_REALISTIC_REVIEWED,0.6,brand_style_seed_written_for_noti,,PROJECT_OWNED,false,true,POLICY_REVIEWED,,1,REFUND_PROBLEM,ACTION_REQUIRED,1,false,NONE,true,POLICY_APPROVED_V04,0.4,2
V03_REALISTIC_053,올리브영,synthetic.brand.oliveyoung,장바구니에 상품이 남아 있어요,지금 주문하면 받을 수 있는 예상 날짜를 확인해보세요.,0,cart_reminder,v03_commerce_cart_reminder,CLEAR,optional_marketing_reminder,msg,false,25,REVIEW,false,true,SYNTHETIC_REALISTIC_REVIEWED,0.6,brand_style_seed_written_for_noti,,PROJECT_OWNED,false,true,POLICY_REVIEWED,,0,CART_REMINDER,PROMOTIONAL,0,true,APP_EVENT_TYPE,true,POLICY_APPROVED_V04,0.4,2
V03_REALISTIC_054,올리브영,synthetic.brand.oliveyoung,(광고) 오늘 도착한 혜택,"멤버십 데이 특가, 앱에서 확인해보세요. 수신거부는 설정에서 가능합니다.",0,promotion,v03_commerce_explicit_promotion,CLEAR,explicit_promotion,promo,false,25,REVIEW,false,true,SYNTHETIC_REALISTIC_REVIEWED,0.6,brand_style_seed_written_for_noti,,PROJECT_OWNED,false,true,POLICY_REVIEWED,,0,PROMOTION,PROMOTIONAL,0,false,NONE,true,POLICY_APPROVED_V04,0.4,1
V03_REALISTIC_055,올리브영,synthetic.brand.oliveyoung,가격이 내려갔어요,관심 상품의 가격 변동 소식을 확인해보세요.,0,price_drop,v03_commerce_price_drop,CLEAR,optional_marketing_reminder,msg,false,25,REVIEW,false,true,SYNTHETIC_REALISTIC_REVIEWED,0.6,brand_style_seed_written_for_noti,,PROJECT_OWNED,false,true,POLICY_REVIEWED,,0,PRICE_DROP,PROMOTIONAL,0,true,APP_EVENT_TYPE,true,POLICY_APPROVED_V04,0.4,1
V03_REALISTIC_056,올리브영,synthetic.brand.oliveyoung,올리브영,최근 본 상품과 비슷한 상품을 모아봤어요.,0,recommendation,v03_commerce_recommendation,CLEAR,personalized_recommendation,msg,false,25,REVIEW,false,true,SYNTHETIC_REALISTIC_REVIEWED,0.6,brand_style_seed_written_for_noti,,PROJECT_OWNED,false,true,POLICY_REVIEWED,,0,RECOMMENDATION,PROMOTIONAL,0,true,APP_EVENT_TYPE,true,POLICY_APPROVED_V04,0.4,4
V03_REALISTIC_057,11번가,synthetic.brand.elevenst,11번가,온라인 주문 결제가 완료되지 않았어요. 결제 수단을 확인해주세요.,1,payment_failure,v03_commerce_payment_failure,CLEAR,concrete_failure_or_exception,msg,false,25,REVIEW,false,true,SYNTHETIC_REALISTIC_REVIEWED,0.6,brand_style_seed_written_for_noti,,PROJECT_OWNED,false,true,POLICY_REVIEWED,,1,PAYMENT_PROBLEM,ACTION_REQUIRED,1,false,NONE,true,POLICY_APPROVED_V04,0.4,3
V03_REALISTIC_058,11번가,synthetic.brand.elevenst,배송지 확인이 필요해요,온라인 주문의 주소 정보가 부족해 배송이 보류됐습니다.,1,address_action,v03_commerce_address_action,CLEAR,concrete_user_confirmation,msg,false,25,REVIEW,false,true,SYNTHETIC_REALISTIC_REVIEWED,0.6,brand_style_seed_written_for_noti,,PROJECT_OWNED,false,true,POLICY_REVIEWED,,1,ADDRESS_ACTION,ACTION_REQUIRED,1,false,NONE,true,POLICY_APPROVED_V04,0.4,3
V03_REALISTIC_059,11번가,synthetic.brand.elevenst,주문 취소 안내,재고 부족으로 온라인 주문이 취소되었습니다. 환불 상태를 확인해주세요.,1,order_cancelled,v03_commerce_order_cancelled,CLEAR,concrete_failure_or_exception,msg,false,25,REVIEW,false,true,SYNTHETIC_REALISTIC_REVIEWED,0.6,brand_style_seed_written_for_noti,,PROJECT_OWNED,false,true,POLICY_REVIEWED,,1,ORDER_STATUS,ATTENTION_WORTHY,1,true,APP_EVENT_TYPE,true,POLICY_APPROVED_V04,0.4,0
V03_REALISTIC_060,11번가,synthetic.brand.elevenst,환불 처리 지연,온라인 주문 환불이 예정일에 완료되지 않았습니다.,1,refund_exception,v03_commerce_refund_exception,CLEAR,concrete_failure_or_exception,msg,false,25,REVIEW,false,true,SYNTHETIC_REALISTIC_REVIEWED,0.6,brand_style_seed_written_for_noti,,PROJECT_OWNED,false,true,POLICY_REVIEWED,,1,REFUND_PROBLEM,ACTION_REQUIRED,1,false,NONE,true,POLICY_APPROVED_V04,0.4,2
V03_REALISTIC_061,11번가,synthetic.brand.elevenst,장바구니에 상품이 남아 있어요,지금 주문하면 받을 수 있는 예상 날짜를 확인해보세요.,0,cart_reminder,v03_commerce_cart_reminder,CLEAR,optional_marketing_reminder,msg,false,25,REVIEW,false,true,SYNTHETIC_REALISTIC_REVIEWED,0.6,brand_style_seed_written_for_noti,,PROJECT_OWNED,false,true,POLICY_REVIEWED,,0,CART_REMINDER,PROMOTIONAL,0,true,APP_EVENT_TYPE,true,POLICY_APPROVED_V04,0.4,2
V03_REALISTIC_062,11번가,synthetic.brand.elevenst,(광고) 오늘 도착한 혜택,"타임딜 할인, 앱에서 확인해보세요. 수신거부는 설정에서 가능합니다.",0,promotion,v03_commerce_explicit_promotion,CLEAR,explicit_promotion,promo,false,25,REVIEW,false,true,SYNTHETIC_REALISTIC_REVIEWED,0.6,brand_style_seed_written_for_noti,,PROJECT_OWNED,false,true,POLICY_REVIEWED,,0,PROMOTION,PROMOTIONAL,0,false,NONE,true,POLICY_APPROVED_V04,0.4,1
V03_REALISTIC_063,11번가,synthetic.brand.elevenst,가격이 내려갔어요,관심 상품의 가격 변동 소식을 확인해보세요.,0,price_drop,v03_commerce_price_drop,CLEAR,optional_marketing_reminder,msg,false,25,REVIEW,false,true,SYNTHETIC_REALISTIC_REVIEWED,0.6,brand_style_seed_written_for_noti,,PROJECT_OWNED,false,true,POLICY_REVIEWED,,0,PRICE_DROP,PROMOTIONAL,0,true,APP_EVENT_TYPE,true,POLICY_APPROVED_V04,0.4,1
V03_REALISTIC_064,11번가,synthetic.brand.elevenst,11번가,최근 본 상품과 비슷한 상품을 모아봤어요.,0,recommendation,v03_commerce_recommendation,CLEAR,personalized_recommendation,msg,false,25,REVIEW,false,true,SYNTHETIC_REALISTIC_REVIEWED,0.6,brand_style_seed_written_for_noti,,PROJECT_OWNED,false,true,POLICY_REVIEWED,,0,RECOMMENDATION,PROMOTIONAL,0,true,APP_EVENT_TYPE,true,POLICY_APPROVED_V04,0.4,4
V03_REALISTIC_065,G마켓,synthetic.brand.gmarket,G마켓,배송 상품 결제가 완료되지 않았어요. 결제 수단을 확인해주세요.,1,payment_failure,v03_commerce_payment_failure,CLEAR,concrete_failure_or_exception,msg,false,25,REVIEW,false,true,SYNTHETIC_REALISTIC_REVIEWED,0.6,brand_style_seed_written_for_noti,,PROJECT_OWNED,false,true,POLICY_REVIEWED,,1,PAYMENT_PROBLEM,ACTION_REQUIRED,1,false,NONE,true,POLICY_APPROVED_V04,0.4,3
V03_REALISTIC_066,G마켓,synthetic.brand.gmarket,배송지 확인이 필요해요,배송 상품의 주소 정보가 부족해 배송이 보류됐습니다.,1,address_action,v03_commerce_address_action,CLEAR,concrete_user_confirmation,msg,false,25,REVIEW,false,true,SYNTHETIC_REALISTIC_REVIEWED,0.6,brand_style_seed_written_for_noti,,PROJECT_OWNED,false,true,POLICY_REVIEWED,,1,ADDRESS_ACTION,ACTION_REQUIRED,1,false,NONE,true,POLICY_APPROVED_V04,0.4,3
V03_REALISTIC_067,G마켓,synthetic.brand.gmarket,주문 취소 안내,재고 부족으로 배송 상품이 취소되었습니다. 환불 상태를 확인해주세요.,1,order_cancelled,v03_commerce_order_cancelled,CLEAR,concrete_failure_or_exception,msg,false,25,REVIEW,false,true,SYNTHETIC_REALISTIC_REVIEWED,0.6,brand_style_seed_written_for_noti,,PROJECT_OWNED,false,true,HUMAN_REVIEWED,,1,ORDER_STATUS,ATTENTION_WORTHY,1,true,APP_EVENT_TYPE,true,HUMAN_REVIEWED_V04,0.4,0
V03_REALISTIC_068,G마켓,synthetic.brand.gmarket,환불 처리 지연,배송 상품 환불이 예정일에 완료되지 않았습니다.,1,refund_exception,v03_commerce_refund_exception,CLEAR,concrete_failure_or_exception,msg,false,25,REVIEW,false,true,SYNTHETIC_REALISTIC_REVIEWED,0.6,brand_style_seed_written_for_noti,,PROJECT_OWNED,false,true,POLICY_REVIEWED,,1,REFUND_PROBLEM,ACTION_REQUIRED,1,false,NONE,true,POLICY_APPROVED_V04,0.4,2
V03_REALISTIC_069,G마켓,synthetic.brand.gmarket,장바구니에 상품이 남아 있어요,지금 주문하면 받을 수 있는 예상 날짜를 확인해보세요.,0,cart_reminder,v03_commerce_cart_reminder,CLEAR,optional_marketing_reminder,msg,false,25,REVIEW,false,true,SYNTHETIC_REALISTIC_REVIEWED,0.6,brand_style_seed_written_for_noti,,PROJECT_OWNED,false,true,POLICY_REVIEWED,,0,CART_REMINDER,PROMOTIONAL,0,true,APP_EVENT_TYPE,true,POLICY_APPROVED_V04,0.4,2
V03_REALISTIC_070,G마켓,synthetic.brand.gmarket,(광고) 오늘 도착한 혜택,"스마일클럽 쿠폰, 앱에서 확인해보세요. 수신거부는 설정에서 가능합니다.",0,promotion,v03_commerce_explicit_promotion,CLEAR,explicit_promotion,promo,false,25,REVIEW,false,true,SYNTHETIC_REALISTIC_REVIEWED,0.6,brand_style_seed_written_for_noti,,PROJECT_OWNED,false,true,POLICY_REVIEWED,,0,PROMOTION,PROMOTIONAL,0,false,NONE,true,POLICY_APPROVED_V04,0.4,1
V03_REALISTIC_071,G마켓,synthetic.brand.gmarket,가격이 내려갔어요,관심 상품의 가격 변동 소식을 확인해보세요.,0,price_drop,v03_commerce_price_drop,CLEAR,optional_marketing_reminder,msg,false,25,REVIEW,false,true,SYNTHETIC_REALISTIC_REVIEWED,0.6,brand_style_seed_written_for_noti,,PROJECT_OWNED,false,true,POLICY_REVIEWED,,0,PRICE_DROP,PROMOTIONAL,0,true,APP_EVENT_TYPE,true,POLICY_APPROVED_V04,0.4,1
V03_REALISTIC_072,G마켓,synthetic.brand.gmarket,G마켓,최근 본 상품과 비슷한 상품을 모아봤어요.,0,recommendation,v03_commerce_recommendation,CLEAR,personalized_recommendation,msg,false,25,REVIEW,false,true,SYNTHETIC_REALISTIC_REVIEWED,0.6,brand_style_seed_written_for_noti,,PROJECT_OWNED,false,true,POLICY_REVIEWED,,0,RECOMMENDATION,PROMOTIONAL,0,true,APP_EVENT_TYPE,true,POLICY_APPROVED_V04,0.4,4
V03_REALISTIC_073,신한 SOL페이,synthetic.brand.shinhan_solpay,승인 거절,신한카드 결제가 승인되지 않았습니다. 이용 상태를 확인해주세요.,1,card_declined,v03_card_card_declined,CLEAR,concrete_failure_or_exception,msg,false,25,REVIEW,false,true,SYNTHETIC_REALISTIC_REVIEWED,0.6,brand_style_seed_written_for_noti,,PROJECT_OWNED,false,true,POLICY_REVIEWED,,1,PAYMENT_PROBLEM,ACTION_REQUIRED,1,false,NONE,true,POLICY_APPROVED_V04,0.4,1
V03_REALISTIC_074,신한 SOL페이,synthetic.brand.shinhan_solpay,신한 SOL페이,평소와 다른 해외 결제가 감지되었습니다. 본인 결제인지 확인해주세요.,1,suspicious_payment,v03_card_suspicious_payment,CLEAR,concrete_user_confirmation,msg,false,25,REVIEW,false,true,SYNTHETIC_REALISTIC_REVIEWED,0.6,brand_style_seed_written_for_noti,,PROJECT_OWNED,false,true,POLICY_REVIEWED,,1,SECURITY,ACTION_REQUIRED,1,false,NONE,true,POLICY_APPROVED_V04,0.4,3
V03_REALISTIC_075,신한 SOL페이,synthetic.brand.shinhan_solpay,자동납부 실패,신한카드 자동납부가 처리되지 않았습니다.,1,autopay_failure,v03_card_autopay_failure,CLEAR,concrete_failure_or_exception,msg,false,25,REVIEW,false,true,SYNTHETIC_REALISTIC_REVIEWED,0.6,brand_style_seed_written_for_noti,,PROJECT_OWNED,false,true,POLICY_REVIEWED,,1,PAYMENT_PROBLEM,ACTION_REQUIRED,1,false,NONE,true,POLICY_APPROVED_V04,0.4,3
V03_REALISTIC_076,신한 SOL페이,synthetic.brand.shinhan_solpay,카드 배송지 확인,재발급 카드 배송을 위해 주소 확인이 필요합니다.,1,address_action,v03_card_card_address_action,CLEAR,concrete_user_confirmation,msg,false,25,REVIEW,false,true,SYNTHETIC_REALISTIC_REVIEWED,0.6,brand_style_seed_written_for_noti,,PROJECT_OWNED,false,true,POLICY_REVIEWED,,1,ADDRESS_ACTION,ACTION_REQUIRED,1,false,NONE,true,POLICY_APPROVED_V04,0.4,2
V03_REALISTIC_077,신한 SOL페이,synthetic.brand.shinhan_solpay,(광고) 이번 달 카드 혜택,이번 달 맞춤 혜택을 확인해보세요. 수신거부는 설정에서 가능합니다.,0,promotion,v03_card_card_promotion,CLEAR,explicit_promotion,promo,false,25,REVIEW,false,true,SYNTHETIC_REALISTIC_REVIEWED,0.6,brand_style_seed_written_for_noti,,PROJECT_OWNED,false,true,POLICY_REVIEWED,,0,PROMOTION,PROMOTIONAL,0,false,NONE,true,POLICY_APPROVED_V04,0.4,3
V03_REALISTIC_078,신한 SOL페이,synthetic.brand.shinhan_solpay,소비 리포트가 도착했어요,지난달 이용 내역을 카테고리별로 확인해보세요.,0,summary,v03_card_card_summary,CLEAR,informational_summary,msg,false,25,REVIEW,false,true,SYNTHETIC_REALISTIC_REVIEWED,0.6,brand_style_seed_written_for_noti,,PROJECT_OWNED,false,true,POLICY_REVIEWED,,0,SUMMARY,INFORMATIONAL,0,true,APP_EVENT_TYPE,true,POLICY_APPROVED_V04,0.4,2
V03_REALISTIC_079,신한 SOL페이,synthetic.brand.shinhan_solpay,포인트 사용처 추천,보유 포인트로 이용할 수 있는 혜택을 모아봤어요.,0,recommendation,v03_card_point_recommendation,CLEAR,personalized_recommendation,msg,false,25,REVIEW,false,true,SYNTHETIC_REALISTIC_REVIEWED,0.6,brand_style_seed_written_for_noti,,PROJECT_OWNED,false,true,POLICY_REVIEWED,,0,RECOMMENDATION,PROMOTIONAL,0,true,APP_EVENT_TYPE,true,POLICY_APPROVED_V04,0.4,1
V03_REALISTIC_080,신한 SOL페이,synthetic.brand.shinhan_solpay,신한 SOL페이,이번 주 인기 이벤트에 참여해보세요.,0,optional_event,v03_card_card_event,CLEAR,optional_participation_request,msg,false,25,REVIEW,false,true,SYNTHETIC_REALISTIC_REVIEWED,0.6,brand_style_seed_written_for_noti,,PROJECT_OWNED,false,true,POLICY_REVIEWED,,0,OPTIONAL_EVENT,PROMOTIONAL,0,true,APP_EVENT_TYPE,true,POLICY_APPROVED_V04,0.4,3
V03_REALISTIC_081,KB Pay,synthetic.brand.kbpay,승인 거절,KB국민카드 결제가 승인되지 않았습니다. 이용 상태를 확인해주세요.,1,card_declined,v03_card_card_declined,CLEAR,concrete_failure_or_exception,msg,false,25,REVIEW,false,true,SYNTHETIC_REALISTIC_REVIEWED,0.6,brand_style_seed_written_for_noti,,PROJECT_OWNED,false,true,POLICY_REVIEWED,,1,PAYMENT_PROBLEM,ACTION_REQUIRED,1,false,NONE,true,POLICY_APPROVED_V04,0.4,1
V03_REALISTIC_082,KB Pay,synthetic.brand.kbpay,KB Pay,평소와 다른 해외 결제가 감지되었습니다. 본인 결제인지 확인해주세요.,1,suspicious_payment,v03_card_suspicious_payment,CLEAR,concrete_user_confirmation,msg,false,25,REVIEW,false,true,SYNTHETIC_REALISTIC_REVIEWED,0.6,brand_style_seed_written_for_noti,,PROJECT_OWNED,false,true,POLICY_REVIEWED,,1,SECURITY,ACTION_REQUIRED,1,false,NONE,true,POLICY_APPROVED_V04,0.4,3
V03_REALISTIC_083,KB Pay,synthetic.brand.kbpay,자동납부 실패,KB국민카드 자동납부가 처리되지 않았습니다.,1,autopay_failure,v03_card_autopay_failure,CLEAR,concrete_failure_or_exception,msg,false,25,REVIEW,false,true,SYNTHETIC_REALISTIC_REVIEWED,0.6,brand_style_seed_written_for_noti,,PROJECT_OWNED,false,true,POLICY_REVIEWED,,1,PAYMENT_PROBLEM,ACTION_REQUIRED,1,false,NONE,true,POLICY_APPROVED_V04,0.4,3
V03_REALISTIC_084,KB Pay,synthetic.brand.kbpay,카드 배송지 확인,재발급 카드 배송을 위해 주소 확인이 필요합니다.,1,address_action,v03_card_card_address_action,CLEAR,concrete_user_confirmation,msg,false,25,REVIEW,false,true,SYNTHETIC_REALISTIC_REVIEWED,0.6,brand_style_seed_written_for_noti,,PROJECT_OWNED,false,true,POLICY_REVIEWED,,1,ADDRESS_ACTION,ACTION_REQUIRED,1,false,NONE,true,POLICY_APPROVED_V04,0.4,2
V03_REALISTIC_085,KB Pay,synthetic.brand.kbpay,(광고) 이번 달 카드 혜택,생활비 할인 혜택을 확인해보세요. 수신거부는 설정에서 가능합니다.,0,promotion,v03_card_card_promotion,CLEAR,explicit_promotion,promo,false,25,REVIEW,false,true,SYNTHETIC_REALISTIC_REVIEWED,0.6,brand_style_seed_written_for_noti,,PROJECT_OWNED,false,true,POLICY_REVIEWED,,0,PROMOTION,PROMOTIONAL,0,false,NONE,true,POLICY_APPROVED_V04,0.4,3
V03_REALISTIC_086,KB Pay,synthetic.brand.kbpay,소비 리포트가 도착했어요,지난달 이용 내역을 카테고리별로 확인해보세요.,0,summary,v03_card_card_summary,CLEAR,informational_summary,msg,false,25,REVIEW,false,true,SYNTHETIC_REALISTIC_REVIEWED,0.6,brand_style_seed_written_for_noti,,PROJECT_OWNED,false,true,POLICY_REVIEWED,,0,SUMMARY,INFORMATIONAL,0,true,APP_EVENT_TYPE,true,POLICY_APPROVED_V04,0.4,2
V03_REALISTIC_087,KB Pay,synthetic.brand.kbpay,포인트 사용처 추천,보유 포인트로 이용할 수 있는 혜택을 모아봤어요.,0,recommendation,v03_card_point_recommendation,CLEAR,personalized_recommendation,msg,false,25,REVIEW,false,true,SYNTHETIC_REALISTIC_REVIEWED,0.6,brand_style_seed_written_for_noti,,PROJECT_OWNED,false,true,POLICY_REVIEWED,,0,RECOMMENDATION,PROMOTIONAL,0,true,APP_EVENT_TYPE,true,POLICY_APPROVED_V04,0.4,1
V03_REALISTIC_088,KB Pay,synthetic.brand.kbpay,KB Pay,이번 주 인기 이벤트에 참여해보세요.,0,optional_event,v03_card_card_event,CLEAR,optional_participation_request,msg,false,25,REVIEW,false,true,SYNTHETIC_REALISTIC_REVIEWED,0.6,brand_style_seed_written_for_noti,,PROJECT_OWNED,false,true,POLICY_REVIEWED,,0,OPTIONAL_EVENT,PROMOTIONAL,0,true,APP_EVENT_TYPE,true,POLICY_APPROVED_V04,0.4,3
V03_REALISTIC_089,현대카드,synthetic.brand.hyundaicard,승인 거절,현대카드 결제가 승인되지 않았습니다. 이용 상태를 확인해주세요.,1,card_declined,v03_card_card_declined,CLEAR,concrete_failure_or_exception,msg,false,25,REVIEW,false,true,SYNTHETIC_REALISTIC_REVIEWED,0.6,brand_style_seed_written_for_noti,,PROJECT_OWNED,false,true,POLICY_REVIEWED,,1,PAYMENT_PROBLEM,ACTION_REQUIRED,1,false,NONE,true,POLICY_APPROVED_V04,0.4,1
V03_REALISTIC_090,현대카드,synthetic.brand.hyundaicard,현대카드,평소와 다른 해외 결제가 감지되었습니다. 본인 결제인지 확인해주세요.,1,suspicious_payment,v03_card_suspicious_payment,CLEAR,concrete_user_confirmation,msg,false,25,REVIEW,false,true,SYNTHETIC_REALISTIC_REVIEWED,0.6,brand_style_seed_written_for_noti,,PROJECT_OWNED,false,true,POLICY_REVIEWED,,1,SECURITY,ACTION_REQUIRED,1,false,NONE,true,POLICY_APPROVED_V04,0.4,3
V03_REALISTIC_091,현대카드,synthetic.brand.hyundaicard,자동납부 실패,현대카드 자동납부가 처리되지 않았습니다.,1,autopay_failure,v03_card_autopay_failure,CLEAR,concrete_failure_or_exception,msg,false,25,REVIEW,false,true,SYNTHETIC_REALISTIC_REVIEWED,0.6,brand_style_seed_written_for_noti,,PROJECT_OWNED,false,true,POLICY_REVIEWED,,1,PAYMENT_PROBLEM,ACTION_REQUIRED,1,false,NONE,true,POLICY_APPROVED_V04,0.4,3
V03_REALISTIC_092,현대카드,synthetic.brand.hyundaicard,카드 배송지 확인,재발급 카드 배송을 위해 주소 확인이 필요합니다.,1,address_action,v03_card_card_address_action,CLEAR,concrete_user_confirmation,msg,false,25,REVIEW,false,true,SYNTHETIC_REALISTIC_REVIEWED,0.6,brand_style_seed_written_for_noti,,PROJECT_OWNED,false,true,POLICY_REVIEWED,,1,ADDRESS_ACTION,ACTION_REQUIRED,1,false,NONE,true,POLICY_APPROVED_V04,0.4,2
V03_REALISTIC_093,현대카드,synthetic.brand.hyundaicard,(광고) 이번 달 카드 혜택,M포인트 사용 혜택을 확인해보세요. 수신거부는 설정에서 가능합니다.,0,promotion,v03_card_card_promotion,CLEAR,explicit_promotion,promo,false,25,REVIEW,false,true,SYNTHETIC_REALISTIC_REVIEWED,0.6,brand_style_seed_written_for_noti,,PROJECT_OWNED,false,true,POLICY_REVIEWED,,0,PROMOTION,PROMOTIONAL,0,false,NONE,true,POLICY_APPROVED_V04,0.4,3
V03_REALISTIC_094,현대카드,synthetic.brand.hyundaicard,소비 리포트가 도착했어요,지난달 이용 내역을 카테고리별로 확인해보세요.,0,summary,v03_card_card_summary,CLEAR,informational_summary,msg,false,25,REVIEW,false,true,SYNTHETIC_REALISTIC_REVIEWED,0.6,brand_style_seed_written_for_noti,,PROJECT_OWNED,false,true,POLICY_REVIEWED,,0,SUMMARY,INFORMATIONAL,0,true,APP_EVENT_TYPE,true,POLICY_APPROVED_V04,0.4,2
V03_REALISTIC_095,현대카드,synthetic.brand.hyundaicard,포인트 사용처 추천,보유 포인트로 이용할 수 있는 혜택을 모아봤어요.,0,recommendation,v03_card_point_recommendation,CLEAR,personalized_recommendation,msg,false,25,REVIEW,false,true,SYNTHETIC_REALISTIC_REVIEWED,0.6,brand_style_seed_written_for_noti,,PROJECT_OWNED,false,true,POLICY_REVIEWED,,0,RECOMMENDATION,PROMOTIONAL,0,true,APP_EVENT_TYPE,true,POLICY_APPROVED_V04,0.4,1
V03_REALISTIC_096,현대카드,synthetic.brand.hyundaicard,현대카드,이번 주 인기 이벤트에 참여해보세요.,0,optional_event,v03_card_card_event,CLEAR,optional_participation_request,msg,false,25,REVIEW,false,true,SYNTHETIC_REALISTIC_REVIEWED,0.6,brand_style_seed_written_for_noti,,PROJECT_OWNED,false,true,POLICY_REVIEWED,,0,OPTIONAL_EVENT,PROMOTIONAL,0,true,APP_EVENT_TYPE,true,POLICY_APPROVED_V04,0.4,3
V03_REALISTIC_097,삼성카드,synthetic.brand.samsungcard,승인 거절,삼성카드 결제가 승인되지 않았습니다. 이용 상태를 확인해주세요.,1,card_declined,v03_card_card_declined,CLEAR,concrete_failure_or_exception,msg,false,25,REVIEW,false,true,SYNTHETIC_REALISTIC_REVIEWED,0.6,brand_style_seed_written_for_noti,,PROJECT_OWNED,false,true,POLICY_REVIEWED,,1,PAYMENT_PROBLEM,ACTION_REQUIRED,1,false,NONE,true,POLICY_APPROVED_V04,0.4,1
V03_REALISTIC_098,삼성카드,synthetic.brand.samsungcard,삼성카드,평소와 다른 해외 결제가 감지되었습니다. 본인 결제인지 확인해주세요.,1,suspicious_payment,v03_card_suspicious_payment,CLEAR,concrete_user_confirmation,msg,false,25,REVIEW,false,true,SYNTHETIC_REALISTIC_REVIEWED,0.6,brand_style_seed_written_for_noti,,PROJECT_OWNED,false,true,POLICY_REVIEWED,,1,SECURITY,ACTION_REQUIRED,1,false,NONE,true,POLICY_APPROVED_V04,0.4,3
V03_REALISTIC_099,삼성카드,synthetic.brand.samsungcard,자동납부 실패,삼성카드 자동납부가 처리되지 않았습니다.,1,autopay_failure,v03_card_autopay_failure,CLEAR,concrete_failure_or_exception,msg,false,25,REVIEW,false,true,SYNTHETIC_REALISTIC_REVIEWED,0.6,brand_style_seed_written_for_noti,,PROJECT_OWNED,false,true,POLICY_REVIEWED,,1,PAYMENT_PROBLEM,ACTION_REQUIRED,1,false,NONE,true,POLICY_APPROVED_V04,0.4,3
V03_REALISTIC_100,삼성카드,synthetic.brand.samsungcard,카드 배송지 확인,재발급 카드 배송을 위해 주소 확인이 필요합니다.,1,address_action,v03_card_card_address_action,CLEAR,concrete_user_confirmation,msg,false,25,REVIEW,false,true,SYNTHETIC_REALISTIC_REVIEWED,0.6,brand_style_seed_written_for_noti,,PROJECT_OWNED,false,true,POLICY_REVIEWED,,1,ADDRESS_ACTION,ACTION_REQUIRED,1,false,NONE,true,POLICY_APPROVED_V04,0.4,2
V03_REALISTIC_101,삼성카드,synthetic.brand.samsungcard,(광고) 이번 달 카드 혜택,쇼핑 할인 혜택을 확인해보세요. 수신거부는 설정에서 가능합니다.,0,promotion,v03_card_card_promotion,CLEAR,explicit_promotion,promo,false,25,REVIEW,false,true,SYNTHETIC_REALISTIC_REVIEWED,0.6,brand_style_seed_written_for_noti,,PROJECT_OWNED,false,true,POLICY_REVIEWED,,0,PROMOTION,PROMOTIONAL,0,false,NONE,true,POLICY_APPROVED_V04,0.4,3
V03_REALISTIC_102,삼성카드,synthetic.brand.samsungcard,소비 리포트가 도착했어요,지난달 이용 내역을 카테고리별로 확인해보세요.,0,summary,v03_card_card_summary,CLEAR,informational_summary,msg,false,25,REVIEW,false,true,SYNTHETIC_REALISTIC_REVIEWED,0.6,brand_style_seed_written_for_noti,,PROJECT_OWNED,false,true,POLICY_REVIEWED,,0,SUMMARY,INFORMATIONAL,0,true,APP_EVENT_TYPE,true,POLICY_APPROVED_V04,0.4,2
V03_REALISTIC_103,삼성카드,synthetic.brand.samsungcard,포인트 사용처 추천,보유 포인트로 이용할 수 있는 혜택을 모아봤어요.,0,recommendation,v03_card_point_recommendation,CLEAR,personalized_recommendation,msg,false,25,REVIEW,false,true,SYNTHETIC_REALISTIC_REVIEWED,0.6,brand_style_seed_written_for_noti,,PROJECT_OWNED,false,true,POLICY_REVIEWED,,0,RECOMMENDATION,PROMOTIONAL,0,true,APP_EVENT_TYPE,true,POLICY_APPROVED_V04,0.4,1
V03_REALISTIC_104,삼성카드,synthetic.brand.samsungcard,삼성카드,이번 주 인기 이벤트에 참여해보세요.,0,optional_event,v03_card_card_event,CLEAR,optional_participation_request,msg,false,25,REVIEW,false,true,SYNTHETIC_REALISTIC_REVIEWED,0.6,brand_style_seed_written_for_noti,,PROJECT_OWNED,false,true,POLICY_REVIEWED,,0,OPTIONAL_EVENT,PROMOTIONAL,0,true,APP_EVENT_TYPE,true,POLICY_APPROVED_V04,0.4,3
V03_REALISTIC_105,카카오페이,synthetic.brand.kakaopay,결제 실패,카카오페이 결제가 처리되지 않았습니다. 결제 수단을 확인해주세요.,1,payment_failure,v03_payment_payment_failure,CLEAR,concrete_failure_or_exception,msg,false,25,REVIEW,false,true,SYNTHETIC_REALISTIC_REVIEWED,0.6,brand_style_seed_written_for_noti,,PROJECT_OWNED,false,true,POLICY_REVIEWED,,1,PAYMENT_PROBLEM,ACTION_REQUIRED,1,false,NONE,true,POLICY_APPROVED_V04,0.4,2
V03_REALISTIC_106,카카오페이,synthetic.brand.kakaopay,카카오페이,새 기기에서 결제가 시도되었습니다. 본인이 아니라면 확인해주세요.,1,suspicious_payment,v03_payment_payment_security,CLEAR,concrete_user_confirmation,msg,false,25,REVIEW,false,true,SYNTHETIC_REALISTIC_REVIEWED,0.6,brand_style_seed_written_for_noti,,PROJECT_OWNED,false,true,POLICY_REVIEWED,,1,SECURITY,ACTION_REQUIRED,1,false,NONE,true,POLICY_APPROVED_V04,0.4,1
V03_REALISTIC_107,카카오페이,synthetic.brand.kakaopay,송금 보류,받는 사람 정보 확인이 필요해 송금이 보류되었습니다.,1,transfer_hold,v03_payment_transfer_hold,CLEAR,concrete_user_confirmation,msg,false,25,REVIEW,false,true,SYNTHETIC_REALISTIC_REVIEWED,0.6,brand_style_seed_written_for_noti,,PROJECT_OWNED,false,true,POLICY_REVIEWED,,1,PAYMENT_PROBLEM,ACTION_REQUIRED,1,false,NONE,true,POLICY_APPROVED_V04,0.4,4
V03_REALISTIC_108,카카오페이,synthetic.brand.kakaopay,환불 확인 필요,환불 계좌 정보가 일치하지 않아 처리가 중단되었습니다.,1,refund_exception,v03_payment_refund_exception,CLEAR,concrete_failure_or_exception,msg,false,25,REVIEW,false,true,SYNTHETIC_REALISTIC_REVIEWED,0.6,brand_style_seed_written_for_noti,,PROJECT_OWNED,false,true,POLICY_REVIEWED,,1,REFUND_PROBLEM,ACTION_REQUIRED,1,false,NONE,true,POLICY_APPROVED_V04,0.4,3
V03_REALISTIC_109,카카오페이,synthetic.brand.kakaopay,(광고) 포인트 혜택,페이포인트 적립 이벤트을 확인해보세요. 수신거부는 설정에서 가능합니다.,0,promotion,v03_payment_pay_promotion,CLEAR,explicit_promotion,promo,false,25,REVIEW,false,true,SYNTHETIC_REALISTIC_REVIEWED,0.6,brand_style_seed_written_for_noti,,PROJECT_OWNED,false,true,POLICY_REVIEWED,,0,PROMOTION,PROMOTIONAL,0,false,NONE,true,POLICY_APPROVED_V04,0.4,0
V03_REALISTIC_110,카카오페이,synthetic.brand.kakaopay,이번 주 소비 요약,카테고리별 지출 변화를 확인해보세요.,0,summary,v03_payment_pay_summary,CLEAR,informational_summary,msg,false,25,REVIEW,false,true,SYNTHETIC_REALISTIC_REVIEWED,0.6,brand_style_seed_written_for_noti,,PROJECT_OWNED,false,true,POLICY_REVIEWED,,0,SUMMARY,INFORMATIONAL,0,true,APP_EVENT_TYPE,true,POLICY_APPROVED_V04,0.4,0
V03_REALISTIC_111,카카오페이,synthetic.brand.kakaopay,내게 맞는 금융 콘텐츠,최근 이용 내역을 바탕으로 콘텐츠를 추천해드려요.,0,recommendation,v03_payment_finance_recommendation,CLEAR,personalized_recommendation,msg,false,25,REVIEW,false,true,SYNTHETIC_REALISTIC_REVIEWED,0.6,brand_style_seed_written_for_noti,,PROJECT_OWNED,false,true,POLICY_REVIEWED,,0,RECOMMENDATION,PROMOTIONAL,0,true,APP_EVENT_TYPE,true,POLICY_APPROVED_V04,0.4,0
V03_REALISTIC_112,카카오페이,synthetic.brand.kakaopay,카카오페이,친구 초대 이벤트가 진행 중이에요.,0,optional_event,v03_payment_pay_event,CLEAR,optional_participation_request,msg,false,25,REVIEW,false,true,SYNTHETIC_REALISTIC_REVIEWED,0.6,brand_style_seed_written_for_noti,,PROJECT_OWNED,false,true,POLICY_REVIEWED,,0,OPTIONAL_EVENT,PROMOTIONAL,0,true,APP_EVENT_TYPE,true,POLICY_APPROVED_V04,0.4,4
V03_REALISTIC_113,토스,synthetic.brand.toss,결제 실패,토스 결제가 처리되지 않았습니다. 결제 수단을 확인해주세요.,1,payment_failure,v03_payment_payment_failure,CLEAR,concrete_failure_or_exception,msg,false,25,REVIEW,false,true,SYNTHETIC_REALISTIC_REVIEWED,0.6,brand_style_seed_written_for_noti,,PROJECT_OWNED,false,true,POLICY_REVIEWED,,1,PAYMENT_PROBLEM,ACTION_REQUIRED,1,false,NONE,true,POLICY_APPROVED_V04,0.4,2
V03_REALISTIC_114,토스,synthetic.brand.toss,토스,새 기기에서 결제가 시도되었습니다. 본인이 아니라면 확인해주세요.,1,suspicious_payment,v03_payment_payment_security,CLEAR,concrete_user_confirmation,msg,false,25,REVIEW,false,true,SYNTHETIC_REALISTIC_REVIEWED,0.6,brand_style_seed_written_for_noti,,PROJECT_OWNED,false,true,POLICY_REVIEWED,,1,SECURITY,ACTION_REQUIRED,1,false,NONE,true,POLICY_APPROVED_V04,0.4,1
V03_REALISTIC_115,토스,synthetic.brand.toss,송금 보류,받는 사람 정보 확인이 필요해 송금이 보류되었습니다.,1,transfer_hold,v03_payment_transfer_hold,CLEAR,concrete_user_confirmation,msg,false,25,REVIEW,false,true,SYNTHETIC_REALISTIC_REVIEWED,0.6,brand_style_seed_written_for_noti,,PROJECT_OWNED,false,true,POLICY_REVIEWED,,1,PAYMENT_PROBLEM,ACTION_REQUIRED,1,false,NONE,true,POLICY_APPROVED_V04,0.4,4
V03_REALISTIC_116,토스,synthetic.brand.toss,환불 확인 필요,환불 계좌 정보가 일치하지 않아 처리가 중단되었습니다.,1,refund_exception,v03_payment_refund_exception,CLEAR,concrete_failure_or_exception,msg,false,25,REVIEW,false,true,SYNTHETIC_REALISTIC_REVIEWED,0.6,brand_style_seed_written_for_noti,,PROJECT_OWNED,false,true,POLICY_REVIEWED,,1,REFUND_PROBLEM,ACTION_REQUIRED,1,false,NONE,true,POLICY_APPROVED_V04,0.4,3
V03_REALISTIC_117,토스,synthetic.brand.toss,(광고) 포인트 혜택,첫 결제 캐시백을 확인해보세요. 수신거부는 설정에서 가능합니다.,0,promotion,v03_payment_pay_promotion,CLEAR,explicit_promotion,promo,false,25,REVIEW,false,true,SYNTHETIC_REALISTIC_REVIEWED,0.6,brand_style_seed_written_for_noti,,PROJECT_OWNED,false,true,POLICY_REVIEWED,,0,PROMOTION,PROMOTIONAL,0,false,NONE,true,POLICY_APPROVED_V04,0.4,0
V03_REALISTIC_118,토스,synthetic.brand.toss,이번 주 소비 요약,카테고리별 지출 변화를 확인해보세요.,0,summary,v03_payment_pay_summary,CLEAR,informational_summary,msg,false,25,REVIEW,false,true,SYNTHETIC_REALISTIC_REVIEWED,0.6,brand_style_seed_written_for_noti,,PROJECT_OWNED,false,true,POLICY_REVIEWED,,0,SUMMARY,INFORMATIONAL,0,true,APP_EVENT_TYPE,true,POLICY_APPROVED_V04,0.4,0
V03_REALISTIC_119,토스,synthetic.brand.toss,내게 맞는 금융 콘텐츠,최근 이용 내역을 바탕으로 콘텐츠를 추천해드려요.,0,recommendation,v03_payment_finance_recommendation,CLEAR,personalized_recommendation,msg,false,25,REVIEW,false,true,SYNTHETIC_REALISTIC_REVIEWED,0.6,brand_style_seed_written_for_noti,,PROJECT_OWNED,false,true,POLICY_REVIEWED,,0,RECOMMENDATION,PROMOTIONAL,0,true,APP_EVENT_TYPE,true,POLICY_APPROVED_V04,0.4,0
V03_REALISTIC_120,토스,synthetic.brand.toss,토스,친구 초대 이벤트가 진행 중이에요.,0,optional_event,v03_payment_pay_event,CLEAR,optional_participation_request,msg,false,25,REVIEW,false,true,SYNTHETIC_REALISTIC_REVIEWED,0.6,brand_style_seed_written_for_noti,,PROJECT_OWNED,false,true,POLICY_REVIEWED,,0,OPTIONAL_EVENT,PROMOTIONAL,0,true,APP_EVENT_TYPE,true,POLICY_APPROVED_V04,0.4,4
V03_REALISTIC_121,배달의민족,synthetic.brand.baemin,결제 실패,배달 주문 결제가 완료되지 않았습니다.,1,payment_failure,v03_food_food_payment_failure,CLEAR,concrete_failure_or_exception,msg,false,25,REVIEW,false,true,SYNTHETIC_REALISTIC_REVIEWED,0.6,brand_style_seed_written_for_noti,,PROJECT_OWNED,false,true,POLICY_REVIEWED,,1,PAYMENT_PROBLEM,ACTION_REQUIRED,1,false,NONE,true,POLICY_APPROVED_V04,0.4,4
V03_REALISTIC_122,배달의민족,synthetic.brand.baemin,배달의민족,가게 사정으로 주문이 취소되었습니다. 환불 상태를 확인해주세요.,1,order_cancelled,v03_food_food_order_cancelled,CLEAR,concrete_failure_or_exception,msg,false,25,REVIEW,false,true,SYNTHETIC_REALISTIC_REVIEWED,0.6,brand_style_seed_written_for_noti,,PROJECT_OWNED,false,true,POLICY_REVIEWED,,1,ORDER_STATUS,ATTENTION_WORTHY,1,true,APP_EVENT_TYPE,true,POLICY_APPROVED_V04,0.4,4
V03_REALISTIC_123,배달의민족,synthetic.brand.baemin,주소 확인 요청,배달 기사님이 상세 주소를 확인하고 있습니다.,1,address_action,v03_food_food_address_action,CLEAR,concrete_user_confirmation,msg,false,25,REVIEW,false,true,SYNTHETIC_REALISTIC_REVIEWED,0.6,brand_style_seed_written_for_noti,,PROJECT_OWNED,false,true,POLICY_REVIEWED,,1,ADDRESS_ACTION,ACTION_REQUIRED,1,false,NONE,true,POLICY_APPROVED_V04,0.4,4
V03_REALISTIC_124,배달의민족,synthetic.brand.baemin,환불 처리 지연,취소한 주문의 환불이 아직 완료되지 않았습니다.,1,refund_exception,v03_food_food_refund_exception,CLEAR,concrete_failure_or_exception,msg,false,25,REVIEW,false,true,SYNTHETIC_REALISTIC_REVIEWED,0.6,brand_style_seed_written_for_noti,,PROJECT_OWNED,false,true,POLICY_REVIEWED,,1,REFUND_PROBLEM,ACTION_REQUIRED,1,false,NONE,true,POLICY_APPROVED_V04,0.4,3
V03_REALISTIC_125,배달의민족,synthetic.brand.baemin,(광고) 오늘의 쿠폰,오늘 쓸 수 있는 배달 쿠폰을 확인해보세요. 수신거부는 설정에서 가능합니다.,0,promotion,v03_food_food_promotion,CLEAR,explicit_promotion,promo,false,25,REVIEW,false,true,SYNTHETIC_REALISTIC_REVIEWED,0.6,brand_style_seed_written_for_noti,,PROJECT_OWNED,false,true,POLICY_REVIEWED,,0,PROMOTION,PROMOTIONAL,0,false,NONE,true,POLICY_APPROVED_V04,0.4,2
V03_REALISTIC_126,배달의민족,synthetic.brand.baemin,뭐 먹을지 고민된다면,최근 주문한 메뉴와 비슷한 맛집을 모아봤어요.,0,recommendation,v03_food_food_recommendation,CLEAR,personalized_recommendation,msg,false,25,REVIEW,false,true,SYNTHETIC_REALISTIC_REVIEWED,0.6,brand_style_seed_written_for_noti,,PROJECT_OWNED,false,true,POLICY_REVIEWED,,0,RECOMMENDATION,PROMOTIONAL,0,true,APP_EVENT_TYPE,true,POLICY_APPROVED_V04,0.4,0
V03_REALISTIC_127,배달의민족,synthetic.brand.baemin,리뷰를 기다리고 있어요,지난 주문은 어떠셨나요? 경험을 남겨주세요.,0,optional_survey,v03_food_food_review,CLEAR,optional_participation_request,msg,false,25,REVIEW,false,true,SYNTHETIC_REALISTIC_REVIEWED,0.6,brand_style_seed_written_for_noti,,PROJECT_OWNED,false,true,POLICY_REVIEWED,,0,SURVEY,PROMOTIONAL,0,false,NONE,true,POLICY_APPROVED_V04,0.4,3
V03_REALISTIC_128,배달의민족,synthetic.brand.baemin,배달의민족,찜한 가게에 새로운 메뉴가 등록됐어요.,0,interest_update,v03_food_food_interest,CLEAR,optional_marketing_reminder,msg,false,25,REVIEW,false,true,SYNTHETIC_REALISTIC_REVIEWED,0.6,brand_style_seed_written_for_noti,,PROJECT_OWNED,false,true,HUMAN_REVIEWED,,0,INTEREST_UPDATE,INFORMATIONAL,0,true,APP_EVENT_TYPE,true,HUMAN_REVIEWED_V04,0.4,1
V03_REALISTIC_129,요기요,synthetic.brand.yogiyo,결제 실패,배달 주문 결제가 완료되지 않았습니다.,1,payment_failure,v03_food_food_payment_failure,CLEAR,concrete_failure_or_exception,msg,false,25,REVIEW,false,true,SYNTHETIC_REALISTIC_REVIEWED,0.6,brand_style_seed_written_for_noti,,PROJECT_OWNED,false,true,POLICY_REVIEWED,,1,PAYMENT_PROBLEM,ACTION_REQUIRED,1,false,NONE,true,POLICY_APPROVED_V04,0.4,4
V03_REALISTIC_130,요기요,synthetic.brand.yogiyo,요기요,가게 사정으로 주문이 취소되었습니다. 환불 상태를 확인해주세요.,1,order_cancelled,v03_food_food_order_cancelled,CLEAR,concrete_failure_or_exception,msg,false,25,REVIEW,false,true,SYNTHETIC_REALISTIC_REVIEWED,0.6,brand_style_seed_written_for_noti,,PROJECT_OWNED,false,true,POLICY_REVIEWED,,1,ORDER_STATUS,ATTENTION_WORTHY,1,true,APP_EVENT_TYPE,true,POLICY_APPROVED_V04,0.4,4
V03_REALISTIC_131,요기요,synthetic.brand.yogiyo,주소 확인 요청,배달 기사님이 상세 주소를 확인하고 있습니다.,1,address_action,v03_food_food_address_action,CLEAR,concrete_user_confirmation,msg,false,25,REVIEW,false,true,SYNTHETIC_REALISTIC_REVIEWED,0.6,brand_style_seed_written_for_noti,,PROJECT_OWNED,false,true,POLICY_REVIEWED,,1,ADDRESS_ACTION,ACTION_REQUIRED,1,false,NONE,true,POLICY_APPROVED_V04,0.4,4
V03_REALISTIC_132,요기요,synthetic.brand.yogiyo,환불 처리 지연,취소한 주문의 환불이 아직 완료되지 않았습니다.,1,refund_exception,v03_food_food_refund_exception,CLEAR,concrete_failure_or_exception,msg,false,25,REVIEW,false,true,SYNTHETIC_REALISTIC_REVIEWED,0.6,brand_style_seed_written_for_noti,,PROJECT_OWNED,false,true,POLICY_REVIEWED,,1,REFUND_PROBLEM,ACTION_REQUIRED,1,false,NONE,true,POLICY_APPROVED_V04,0.4,3
V03_REALISTIC_133,요기요,synthetic.brand.yogiyo,(광고) 오늘의 쿠폰,포장 주문 할인을 확인해보세요. 수신거부는 설정에서 가능합니다.,0,promotion,v03_food_food_promotion,CLEAR,explicit_promotion,promo,false,25,REVIEW,false,true,SYNTHETIC_REALISTIC_REVIEWED,0.6,brand_style_seed_written_for_noti,,PROJECT_OWNED,false,true,POLICY_REVIEWED,,0,PROMOTION,PROMOTIONAL,0,false,NONE,true,POLICY_APPROVED_V04,0.4,2
V03_REALISTIC_134,요기요,synthetic.brand.yogiyo,뭐 먹을지 고민된다면,최근 주문한 메뉴와 비슷한 맛집을 모아봤어요.,0,recommendation,v03_food_food_recommendation,CLEAR,personalized_recommendation,msg,false,25,REVIEW,false,true,SYNTHETIC_REALISTIC_REVIEWED,0.6,brand_style_seed_written_for_noti,,PROJECT_OWNED,false,true,POLICY_REVIEWED,,0,RECOMMENDATION,PROMOTIONAL,0,true,APP_EVENT_TYPE,true,POLICY_APPROVED_V04,0.4,0
V03_REALISTIC_135,요기요,synthetic.brand.yogiyo,리뷰를 기다리고 있어요,지난 주문은 어떠셨나요? 경험을 남겨주세요.,0,optional_survey,v03_food_food_review,CLEAR,optional_participation_request,msg,false,25,REVIEW,false,true,SYNTHETIC_REALISTIC_REVIEWED,0.6,brand_style_seed_written_for_noti,,PROJECT_OWNED,false,true,POLICY_REVIEWED,,0,SURVEY,PROMOTIONAL,0,false,NONE,true,POLICY_APPROVED_V04,0.4,3
V03_REALISTIC_136,요기요,synthetic.brand.yogiyo,요기요,찜한 가게에 새로운 메뉴가 등록됐어요.,0,interest_update,v03_food_food_interest,CLEAR,optional_marketing_reminder,msg,false,25,REVIEW,false,true,SYNTHETIC_REALISTIC_REVIEWED,0.6,brand_style_seed_written_for_noti,,PROJECT_OWNED,false,true,POLICY_REVIEWED,,0,INTEREST_UPDATE,INFORMATIONAL,0,true,APP_EVENT_TYPE,true,POLICY_APPROVED_V04,0.4,1
V03_REALISTIC_137,CJ대한통운,synthetic.brand.cjlogistics,배송지 확인 필요,택배 물품 주소가 확인되지 않아 배송이 보류되었습니다.,1,address_action,v03_parcel_parcel_address_action,CLEAR,concrete_user_confirmation,msg,false,25,REVIEW,false,true,SYNTHETIC_REALISTIC_REVIEWED,0.6,brand_style_seed_written_for_noti,,PROJECT_OWNED,false,true,POLICY_REVIEWED,,1,ADDRESS_ACTION,ACTION_REQUIRED,1,false,NONE,true,POLICY_APPROVED_V04,0.4,3
V03_REALISTIC_138,CJ대한통운,synthetic.brand.cjlogistics,CJ대한통운,수취인 부재로 배송하지 못했습니다. 재배송 방법을 선택해주세요.,1,delivery_exception,v03_parcel_parcel_delivery_exception,CLEAR,concrete_failure_or_exception,msg,false,25,REVIEW,false,true,SYNTHETIC_REALISTIC_REVIEWED,0.6,brand_style_seed_written_for_noti,,PROJECT_OWNED,false,true,POLICY_REVIEWED,,1,DELIVERY_PROBLEM,ACTION_REQUIRED,1,false,NONE,true,POLICY_APPROVED_V04,0.4,0
V03_REALISTIC_139,CJ대한통운,synthetic.brand.cjlogistics,반송 예정 안내,보관 기한이 지나면 택배 물품이 반송됩니다. 수령 방법을 확인해주세요.,1,deadline_action,v03_parcel_parcel_deadline,CLEAR,deadline_with_action,msg,false,25,REVIEW,false,true,SYNTHETIC_REALISTIC_REVIEWED,0.6,brand_style_seed_written_for_noti,,PROJECT_OWNED,false,true,POLICY_REVIEWED,,1,DEADLINE_ACTION,ACTION_REQUIRED,1,false,NONE,true,POLICY_APPROVED_V04,0.4,2
V03_REALISTIC_140,CJ대한통운,synthetic.brand.cjlogistics,배송 상태 확인,운송 중 문제가 발생해 도착 예정일이 변경되었습니다.,1,schedule_change,v03_parcel_parcel_schedule_change,CLEAR,meaningful_schedule_change,msg,false,25,REVIEW,false,true,SYNTHETIC_REALISTIC_REVIEWED,0.6,brand_style_seed_written_for_noti,,PROJECT_OWNED,false,true,POLICY_REVIEWED,,1,SCHEDULE_CHANGE,ATTENTION_WORTHY,1,true,APP_EVENT_TYPE,true,POLICY_APPROVED_V04,0.4,1
V03_REALISTIC_141,CJ대한통운,synthetic.brand.cjlogistics,(광고) 고객 이벤트,택배 이용 고객 이벤트를 확인해보세요. 수신거부는 설정에서 가능합니다.,0,promotion,v03_parcel_parcel_promotion,CLEAR,explicit_promotion,promo,false,25,REVIEW,false,true,SYNTHETIC_REALISTIC_REVIEWED,0.6,brand_style_seed_written_for_noti,,PROJECT_OWNED,false,true,POLICY_REVIEWED,,0,PROMOTION,PROMOTIONAL,0,false,NONE,true,POLICY_APPROVED_V04,0.4,1
V03_REALISTIC_142,CJ대한통운,synthetic.brand.cjlogistics,배송 서비스 만족도 조사,최근 이용한 배송 서비스에 대한 의견을 남겨주세요.,0,optional_survey,v03_parcel_parcel_survey,CLEAR,optional_participation_request,msg,false,25,REVIEW,false,true,SYNTHETIC_REALISTIC_REVIEWED,0.6,brand_style_seed_written_for_noti,,PROJECT_OWNED,false,true,POLICY_REVIEWED,,0,SURVEY,PROMOTIONAL,0,false,NONE,true,POLICY_APPROVED_V04,0.4,4
V03_REALISTIC_143,CJ대한통운,synthetic.brand.cjlogistics,이번 달 배송 요약,이번 달 받은 택배 기록을 확인해보세요.,0,summary,v03_parcel_parcel_summary,CLEAR,informational_summary,msg,false,25,REVIEW,false,true,SYNTHETIC_REALISTIC_REVIEWED,0.6,brand_style_seed_written_for_noti,,PROJECT_OWNED,false,true,POLICY_REVIEWED,,0,SUMMARY,INFORMATIONAL,0,true,APP_EVENT_TYPE,true,POLICY_APPROVED_V04,0.4,4
V03_REALISTIC_144,CJ대한통운,synthetic.brand.cjlogistics,CJ대한통운,택배 이용에 도움이 되는 생활 정보를 확인해보세요.,0,recommendation,v03_parcel_parcel_content,CLEAR,personalized_recommendation,msg,false,25,REVIEW,false,true,SYNTHETIC_REALISTIC_REVIEWED,0.6,brand_style_seed_written_for_noti,,PROJECT_OWNED,false,true,POLICY_REVIEWED,,0,RECOMMENDATION,PROMOTIONAL,0,true,APP_EVENT_TYPE,true,POLICY_APPROVED_V04,0.4,2
V03_REALISTIC_145,한진택배,synthetic.brand.hanjin,배송지 확인 필요,배송 물품 주소가 확인되지 않아 배송이 보류되었습니다.,1,address_action,v03_parcel_parcel_address_action,CLEAR,concrete_user_confirmation,msg,false,25,REVIEW,false,true,SYNTHETIC_REALISTIC_REVIEWED,0.6,brand_style_seed_written_for_noti,,PROJECT_OWNED,false,true,POLICY_REVIEWED,,1,ADDRESS_ACTION,ACTION_REQUIRED,1,false,NONE,true,POLICY_APPROVED_V04,0.4,3
V03_REALISTIC_146,한진택배,synthetic.brand.hanjin,한진택배,수취인 부재로 배송하지 못했습니다. 재배송 방법을 선택해주세요.,1,delivery_exception,v03_parcel_parcel_delivery_exception,CLEAR,concrete_failure_or_exception,msg,false,25,REVIEW,false,true,SYNTHETIC_REALISTIC_REVIEWED,0.6,brand_style_seed_written_for_noti,,PROJECT_OWNED,false,true,POLICY_REVIEWED,,1,DELIVERY_PROBLEM,ACTION_REQUIRED,1,false,NONE,true,POLICY_APPROVED_V04,0.4,0
V03_REALISTIC_147,한진택배,synthetic.brand.hanjin,반송 예정 안내,보관 기한이 지나면 배송 물품이 반송됩니다. 수령 방법을 확인해주세요.,1,deadline_action,v03_parcel_parcel_deadline,CLEAR,deadline_with_action,msg,false,25,REVIEW,false,true,SYNTHETIC_REALISTIC_REVIEWED,0.6,brand_style_seed_written_for_noti,,PROJECT_OWNED,false,true,POLICY_REVIEWED,,1,DEADLINE_ACTION,ACTION_REQUIRED,1,false,NONE,true,POLICY_APPROVED_V04,0.4,2
V03_REALISTIC_148,한진택배,synthetic.brand.hanjin,배송 상태 확인,운송 중 문제가 발생해 도착 예정일이 변경되었습니다.,1,schedule_change,v03_parcel_parcel_schedule_change,CLEAR,meaningful_schedule_change,msg,false,25,REVIEW,false,true,SYNTHETIC_REALISTIC_REVIEWED,0.6,brand_style_seed_written_for_noti,,PROJECT_OWNED,false,true,POLICY_REVIEWED,,1,SCHEDULE_CHANGE,ATTENTION_WORTHY,1,true,APP_EVENT_TYPE,true,POLICY_APPROVED_V04,0.4,1
V03_REALISTIC_149,한진택배,synthetic.brand.hanjin,(광고) 고객 이벤트,배송 서비스 이벤트를 확인해보세요. 수신거부는 설정에서 가능합니다.,0,promotion,v03_parcel_parcel_promotion,CLEAR,explicit_promotion,promo,false,25,REVIEW,false,true,SYNTHETIC_REALISTIC_REVIEWED,0.6,brand_style_seed_written_for_noti,,PROJECT_OWNED,false,true,POLICY_REVIEWED,,0,PROMOTION,PROMOTIONAL,0,false,NONE,true,POLICY_APPROVED_V04,0.4,1
V03_REALISTIC_150,한진택배,synthetic.brand.hanjin,배송 서비스 만족도 조사,최근 이용한 배송 서비스에 대한 의견을 남겨주세요.,0,optional_survey,v03_parcel_parcel_survey,CLEAR,optional_participation_request,msg,false,25,REVIEW,false,true,SYNTHETIC_REALISTIC_REVIEWED,0.6,brand_style_seed_written_for_noti,,PROJECT_OWNED,false,true,POLICY_REVIEWED,,0,SURVEY,PROMOTIONAL,0,false,NONE,true,POLICY_APPROVED_V04,0.4,4
V03_REALISTIC_151,한진택배,synthetic.brand.hanjin,이번 달 배송 요약,이번 달 받은 택배 기록을 확인해보세요.,0,summary,v03_parcel_parcel_summary,CLEAR,informational_summary,msg,false,25,REVIEW,false,true,SYNTHETIC_REALISTIC_REVIEWED,0.6,brand_style_seed_written_for_noti,,PROJECT_OWNED,false,true,POLICY_REVIEWED,,0,SUMMARY,INFORMATIONAL,0,true,APP_EVENT_TYPE,true,POLICY_APPROVED_V04,0.4,4
V03_REALISTIC_152,한진택배,synthetic.brand.hanjin,한진택배,택배 이용에 도움이 되는 생활 정보를 확인해보세요.,0,recommendation,v03_parcel_parcel_content,CLEAR,personalized_recommendation,msg,false,25,REVIEW,false,true,SYNTHETIC_REALISTIC_REVIEWED,0.6,brand_style_seed_written_for_noti,,PROJECT_OWNED,false,true,POLICY_REVIEWED,,0,RECOMMENDATION,PROMOTIONAL,0,true,APP_EVENT_TYPE,true,POLICY_APPROVED_V04,0.4,2
V03_REALISTIC_153,롯데ON,synthetic.brand.lotteon,롯데ON,쇼핑 주문 결제가 완료되지 않았어요. 결제 수단을 확인해주세요.,1,payment_failure,v03_commerce_payment_failure,CLEAR,concrete_failure_or_exception,msg,false,25,REVIEW,false,true,SYNTHETIC_REALISTIC_REVIEWED,0.6,brand_style_seed_written_for_noti,,PROJECT_OWNED,false,true,POLICY_REVIEWED,,1,PAYMENT_PROBLEM,ACTION_REQUIRED,1,false,NONE,true,POLICY_APPROVED_V04,0.4,3
V03_REALISTIC_154,롯데ON,synthetic.brand.lotteon,배송지 확인이 필요해요,쇼핑 주문의 주소 정보가 부족해 배송이 보류됐습니다.,1,address_action,v03_commerce_address_action,CLEAR,concrete_user_confirmation,msg,false,25,REVIEW,false,true,SYNTHETIC_REALISTIC_REVIEWED,0.6,brand_style_seed_written_for_noti,,PROJECT_OWNED,false,true,POLICY_REVIEWED,,1,ADDRESS_ACTION,ACTION_REQUIRED,1,false,NONE,true,POLICY_APPROVED_V04,0.4,3
V03_REALISTIC_155,롯데ON,synthetic.brand.lotteon,주문 취소 안내,재고 부족으로 쇼핑 주문이 취소되었습니다. 환불 상태를 확인해주세요.,1,order_cancelled,v03_commerce_order_cancelled,CLEAR,concrete_failure_or_exception,msg,false,25,REVIEW,false,true,SYNTHETIC_REALISTIC_REVIEWED,0.6,brand_style_seed_written_for_noti,,PROJECT_OWNED,false,true,POLICY_REVIEWED,,1,ORDER_STATUS,ATTENTION_WORTHY,1,true,APP_EVENT_TYPE,true,POLICY_APPROVED_V04,0.4,0
V03_REALISTIC_156,롯데ON,synthetic.brand.lotteon,환불 처리 지연,쇼핑 주문 환불이 예정일에 완료되지 않았습니다.,1,refund_exception,v03_commerce_refund_exception,CLEAR,concrete_failure_or_exception,msg,false,25,REVIEW,false,true,SYNTHETIC_REALISTIC_REVIEWED,0.6,brand_style_seed_written_for_noti,,PROJECT_OWNED,false,true,POLICY_REVIEWED,,1,REFUND_PROBLEM,ACTION_REQUIRED,1,false,NONE,true,POLICY_APPROVED_V04,0.4,2
V03_REALISTIC_157,롯데ON,synthetic.brand.lotteon,장바구니에 상품이 남아 있어요,지금 주문하면 받을 수 있는 예상 날짜를 확인해보세요.,0,cart_reminder,v03_commerce_cart_reminder,CLEAR,optional_marketing_reminder,msg,false,25,REVIEW,false,true,SYNTHETIC_REALISTIC_REVIEWED,0.6,brand_style_seed_written_for_noti,,PROJECT_OWNED,false,true,POLICY_REVIEWED,,0,CART_REMINDER,PROMOTIONAL,0,true,APP_EVENT_TYPE,true,POLICY_APPROVED_V04,0.4,2
V03_REALISTIC_158,롯데ON,synthetic.brand.lotteon,(광고) 오늘 도착한 혜택,"엘포인트 추가 적립, 앱에서 확인해보세요. 수신거부는 설정에서 가능합니다.",0,promotion,v03_commerce_explicit_promotion,CLEAR,explicit_promotion,promo,false,25,REVIEW,false,true,SYNTHETIC_REALISTIC_REVIEWED,0.6,brand_style_seed_written_for_noti,,PROJECT_OWNED,false,true,POLICY_REVIEWED,,0,PROMOTION,PROMOTIONAL,0,false,NONE,true,POLICY_APPROVED_V04,0.4,1
V03_REALISTIC_159,롯데ON,synthetic.brand.lotteon,가격이 내려갔어요,관심 상품의 가격 변동 소식을 확인해보세요.,0,price_drop,v03_commerce_price_drop,CLEAR,optional_marketing_reminder,msg,false,25,REVIEW,false,true,SYNTHETIC_REALISTIC_REVIEWED,0.6,brand_style_seed_written_for_noti,,PROJECT_OWNED,false,true,POLICY_REVIEWED,,0,PRICE_DROP,PROMOTIONAL,0,true,APP_EVENT_TYPE,true,POLICY_APPROVED_V04,0.4,1
V03_REALISTIC_160,롯데ON,synthetic.brand.lotteon,롯데ON,최근 본 상품과 비슷한 상품을 모아봤어요.,0,recommendation,v03_commerce_recommendation,CLEAR,personalized_recommendation,msg,false,25,REVIEW,false,true,SYNTHETIC_REALISTIC_REVIEWED,0.6,brand_style_seed_written_for_noti,,PROJECT_OWNED,false,true,POLICY_REVIEWED,,0,RECOMMENDATION,PROMOTIONAL,0,true,APP_EVENT_TYPE,true,POLICY_APPROVED_V04,0.4,4
V04_REALISTIC_001,쿠팡,synthetic.brand.coupang,배송 출발,주문하신 상품이 배송을 시작했습니다. 오늘 오후 도착 예정입니다.,0,delivery_status,v04_delivery_status_a,CLEAR,v06_passive_delivery_progress,msg,false,30,REVIEW,false,true,SYNTHETIC_PERSONALIZATION_REVIEWED,0.6,v0.4_personalization_seed_written_for_noti,,PROJECT_OWNED,false,true,HUMAN_REVIEWED,,,DELIVERY_STATUS,INFORMATIONAL,0,true,APP_EVENT_TYPE,true,POLICY_REVISED_V06,0.4,1
V04_REALISTIC_002,쿠팡,synthetic.brand.coupang,쿠팡,상품이 배송을 시작했습니다. 오늘 오후 도착 예정입니다.,0,delivery_status,v04_delivery_status_b,CLEAR,v06_passive_delivery_progress,msg,false,30,REVIEW,false,true,SYNTHETIC_PERSONALIZATION_REVIEWED,0.6,v0.4_personalization_seed_written_for_noti,,PROJECT_OWNED,false,true,POLICY_REVIEWED,,,DELIVERY_STATUS,INFORMATIONAL,0,true,APP_EVENT_TYPE,true,POLICY_REVISED_V06,0.4,4
V04_REALISTIC_003,오늘의집,synthetic.brand.ohouse,배송이 시작됐어요,주문하신 가구가 출고되어 내일 도착할 예정이에요.,0,delivery_status,v04_delivery_status_a,CLEAR,v06_passive_delivery_progress,msg,false,30,REVIEW,false,true,SYNTHETIC_PERSONALIZATION_REVIEWED,0.6,v0.4_personalization_seed_written_for_noti,,PROJECT_OWNED,false,true,POLICY_REVIEWED,,,DELIVERY_STATUS,INFORMATIONAL,0,true,APP_EVENT_TYPE,true,POLICY_REVISED_V06,0.4,1
V04_REALISTIC_004,오늘의집,synthetic.brand.ohouse,오늘의집,가구가 출고되어 내일 도착할 예정이에요.,0,delivery_status,v04_delivery_status_b,CLEAR,v06_passive_delivery_progress,msg,false,30,REVIEW,false,true,SYNTHETIC_PERSONALIZATION_REVIEWED,0.6,v0.4_personalization_seed_written_for_noti,,PROJECT_OWNED,false,true,POLICY_REVIEWED,,,DELIVERY_STATUS,INFORMATIONAL,0,true,APP_EVENT_TYPE,true,POLICY_REVISED_V06,0.4,4
V04_REALISTIC_005,네이버 쇼핑,synthetic.brand.naver_shopping,상품 발송 안내,판매자가 상품을 발송했습니다. 도착 예정일은 내일입니다.,0,delivery_status,v04_delivery_status_a,CLEAR,v06_passive_delivery_progress,msg,false,30,REVIEW,false,true,SYNTHETIC_PERSONALIZATION_REVIEWED,0.6,v0.4_personalization_seed_written_for_noti,,PROJECT_OWNED,false,true,POLICY_REVIEWED,,,DELIVERY_STATUS,INFORMATIONAL,0,true,APP_EVENT_TYPE,true,POLICY_REVISED_V06,0.4,1
V04_REALISTIC_006,네이버 쇼핑,synthetic.brand.naver_shopping,네이버 쇼핑,판매자가 상품을 발송했습니다. 도착 예정일은 내일입니다.,0,delivery_status,v04_delivery_status_b,CLEAR,v06_passive_delivery_progress,msg,false,30,REVIEW,false,true,SYNTHETIC_PERSONALIZATION_REVIEWED,0.6,v0.4_personalization_seed_written_for_noti,,PROJECT_OWNED,false,true,POLICY_REVIEWED,,,DELIVERY_STATUS,INFORMATIONAL,0,true,APP_EVENT_TYPE,true,POLICY_REVISED_V06,0.4,4
V04_REALISTIC_007,무신사,synthetic.brand.musinsa,배송 시작,주문 상품이 택배사로 전달됐습니다. 오늘 밤 도착 예정입니다.,0,delivery_status,v04_delivery_status_a,CLEAR,v06_passive_delivery_progress,msg,false,30,REVIEW,false,true,SYNTHETIC_PERSONALIZATION_REVIEWED,0.6,v0.4_personalization_seed_written_for_noti,,PROJECT_OWNED,false,true,HUMAN_REVIEWED,,,DELIVERY_STATUS,INFORMATIONAL,0,true,APP_EVENT_TYPE,true,POLICY_REVISED_V06,0.4,1
V04_REALISTIC_008,무신사,synthetic.brand.musinsa,무신사,주문 상품이 택배사로 전달됐습니다. 오늘 밤 도착 예정입니다.,0,delivery_status,v04_delivery_status_b,CLEAR,v06_passive_delivery_progress,msg,false,30,REVIEW,false,true,SYNTHETIC_PERSONALIZATION_REVIEWED,0.6,v0.4_personalization_seed_written_for_noti,,PROJECT_OWNED,false,true,POLICY_REVIEWED,,,DELIVERY_STATUS,INFORMATIONAL,0,true,APP_EVENT_TYPE,true,POLICY_REVISED_V06,0.4,4
V04_REALISTIC_009,지그재그,synthetic.brand.zigzag,배송 예정,주문하신 상품이 이동 중이며 오늘 오후 도착할 예정입니다.,0,delivery_status,v04_delivery_status_a,CLEAR,v06_passive_delivery_progress,msg,false,30,REVIEW,false,true,SYNTHETIC_PERSONALIZATION_REVIEWED,0.6,v0.4_personalization_seed_written_for_noti,,PROJECT_OWNED,false,true,POLICY_REVIEWED,,,DELIVERY_STATUS,INFORMATIONAL,0,true,APP_EVENT_TYPE,true,POLICY_REVISED_V06,0.4,1
V04_REALISTIC_010,지그재그,synthetic.brand.zigzag,지그재그,상품이 이동 중이며 오늘 오후 도착할 예정입니다.,0,delivery_status,v04_delivery_status_b,CLEAR,v06_passive_delivery_progress,msg,false,30,REVIEW,false,true,SYNTHETIC_PERSONALIZATION_REVIEWED,0.6,v0.4_personalization_seed_written_for_noti,,PROJECT_OWNED,false,true,POLICY_REVIEWED,,,DELIVERY_STATUS,INFORMATIONAL,0,true,APP_EVENT_TYPE,true,POLICY_REVISED_V06,0.4,4
V04_REALISTIC_011,에이블리,synthetic.brand.ably,상품이 출발했어요,주문 상품이 출고됐습니다. 내일 오전 도착 예정이에요.,0,delivery_status,v04_delivery_status_a,CLEAR,v06_passive_delivery_progress,msg,false,30,REVIEW,false,true,SYNTHETIC_PERSONALIZATION_REVIEWED,0.6,v0.4_personalization_seed_written_for_noti,,PROJECT_OWNED,false,true,POLICY_REVIEWED,,,DELIVERY_STATUS,INFORMATIONAL,0,true,APP_EVENT_TYPE,true,POLICY_REVISED_V06,0.4,1
V04_REALISTIC_012,에이블리,synthetic.brand.ably,에이블리,주문 상품이 출고됐습니다. 내일 오전 도착 예정이에요.,0,delivery_status,v04_delivery_status_b,CLEAR,v06_passive_delivery_progress,msg,false,30,REVIEW,false,true,SYNTHETIC_PERSONALIZATION_REVIEWED,0.6,v0.4_personalization_seed_written_for_noti,,PROJECT_OWNED,false,true,POLICY_REVIEWED,,,DELIVERY_STATUS,INFORMATIONAL,0,true,APP_EVENT_TYPE,true,POLICY_REVISED_V06,0.4,4
V04_REALISTIC_013,올리브영,synthetic.brand.oliveyoung,오늘 도착 예정,주문 상품이 배송 중이며 오늘 오후 도착할 예정입니다.,0,delivery_status,v04_delivery_status_a,CLEAR,v06_passive_delivery_progress,msg,false,30,REVIEW,false,true,SYNTHETIC_PERSONALIZATION_REVIEWED,0.6,v0.4_personalization_seed_written_for_noti,,PROJECT_OWNED,false,true,HUMAN_REVIEWED,,,DELIVERY_STATUS,INFORMATIONAL,0,true,APP_EVENT_TYPE,true,POLICY_REVISED_V06,0.4,1
V04_REALISTIC_014,올리브영,synthetic.brand.oliveyoung,올리브영,주문 상품이 배송 중이며 오늘 오후 도착할 예정입니다.,0,delivery_status,v04_delivery_status_b,CLEAR,v06_passive_delivery_progress,msg,false,30,REVIEW,false,true,SYNTHETIC_PERSONALIZATION_REVIEWED,0.6,v0.4_personalization_seed_written_for_noti,,PROJECT_OWNED,false,true,POLICY_REVIEWED,,,DELIVERY_STATUS,INFORMATIONAL,0,true,APP_EVENT_TYPE,true,POLICY_REVISED_V06,0.4,4
V04_REALISTIC_015,11번가,synthetic.brand.elevenst,배송 출발 안내,상품이 발송되어 내일 도착할 예정입니다.,0,delivery_status,v04_delivery_status_a,CLEAR,v06_passive_delivery_progress,msg,false,30,REVIEW,false,true,SYNTHETIC_PERSONALIZATION_REVIEWED,0.6,v0.4_personalization_seed_written_for_noti,,PROJECT_OWNED,false,true,POLICY_REVIEWED,,,DELIVERY_STATUS,INFORMATIONAL,0,true,APP_EVENT_TYPE,true,POLICY_REVISED_V06,0.4,1
V04_REALISTIC_016,11번가,synthetic.brand.elevenst,11번가,상품이 발송되어 내일 도착할 예정입니다.,0,delivery_status,v04_delivery_status_b,CLEAR,v06_passive_delivery_progress,msg,false,30,REVIEW,false,true,SYNTHETIC_PERSONALIZATION_REVIEWED,0.6,v0.4_personalization_seed_written_for_noti,,PROJECT_OWNED,false,true,POLICY_REVIEWED,,,DELIVERY_STATUS,INFORMATIONAL,0,true,APP_EVENT_TYPE,true,POLICY_REVISED_V06,0.4,4
V04_REALISTIC_017,CJ대한통운,synthetic.brand.cjlogistics,배송 출발,택배가 배송지로 출발했습니다. 오늘 오후 도착 예정입니다.,0,delivery_status,v04_delivery_status_a,CLEAR,v06_passive_delivery_progress,msg,false,30,REVIEW,false,true,SYNTHETIC_PERSONALIZATION_REVIEWED,0.6,v0.4_personalization_seed_written_for_noti,,PROJECT_OWNED,false,true,POLICY_REVIEWED,,,DELIVERY_STATUS,INFORMATIONAL,0,true,APP_EVENT_TYPE,true,POLICY_REVISED_V06,0.4,1
V04_REALISTIC_018,CJ대한통운,synthetic.brand.cjlogistics,CJ대한통운,택배가 배송지로 출발했습니다. 오늘 오후 도착 예정입니다.,0,delivery_status,v04_delivery_status_b,CLEAR,v06_passive_delivery_progress,msg,false,30,REVIEW,false,true,SYNTHETIC_PERSONALIZATION_REVIEWED,0.6,v0.4_personalization_seed_written_for_noti,,PROJECT_OWNED,false,true,POLICY_REVIEWED,,,DELIVERY_STATUS,INFORMATIONAL,0,true,APP_EVENT_TYPE,true,POLICY_REVISED_V06,0.4,4
V04_REALISTIC_019,한진택배,synthetic.brand.hanjin,배송 예정 안내,택배가 이동 중입니다. 오늘 저녁 도착할 예정입니다.,0,delivery_status,v04_delivery_status_a,CLEAR,v06_passive_delivery_progress,msg,false,30,REVIEW,false,true,SYNTHETIC_PERSONALIZATION_REVIEWED,0.6,v0.4_personalization_seed_written_for_noti,,PROJECT_OWNED,false,true,POLICY_REVIEWED,,,DELIVERY_STATUS,INFORMATIONAL,0,true,APP_EVENT_TYPE,true,POLICY_REVISED_V06,0.4,1
V04_REALISTIC_020,한진택배,synthetic.brand.hanjin,한진택배,택배가 이동 중입니다. 오늘 저녁 도착할 예정입니다.,0,delivery_status,v04_delivery_status_b,CLEAR,v06_passive_delivery_progress,msg,false,30,REVIEW,false,true,SYNTHETIC_PERSONALIZATION_REVIEWED,0.6,v0.4_personalization_seed_written_for_noti,,PROJECT_OWNED,false,true,POLICY_REVIEWED,,,DELIVERY_STATUS,INFORMATIONAL,0,true,APP_EVENT_TYPE,true,POLICY_REVISED_V06,0.4,4
V04_REALISTIC_021,토스,synthetic.brand.toss,입금 완료,계좌로 입금이 완료되었습니다. 거래 내역을 확인할 수 있습니다.,1,payment_status,v04_payment_status_a,CLEAR,completed_financial_status_personal_preference,msg,false,25,REVIEW,false,true,SYNTHETIC_PERSONALIZATION_REVIEWED,0.6,v0.4_personalization_seed_written_for_noti,,PROJECT_OWNED,false,true,HUMAN_REVIEWED,,,PAYMENT_STATUS,ATTENTION_WORTHY,1,false,NONE,true,HUMAN_REVIEWED_V04,0.4,4
V04_REALISTIC_022,토스,synthetic.brand.toss,토스,계좌로 입금이 완료되었습니다. 거래 내역을 확인할 수 있습니다.,1,payment_status,v04_payment_status_b,CLEAR,completed_financial_status_personal_preference,msg,false,25,REVIEW,false,true,SYNTHETIC_PERSONALIZATION_REVIEWED,0.6,v0.4_personalization_seed_written_for_noti,,PROJECT_OWNED,false,true,POLICY_REVIEWED,,,PAYMENT_STATUS,ATTENTION_WORTHY,1,false,NONE,true,POLICY_APPROVED_V04,0.4,1
V04_REALISTIC_023,카카오뱅크,synthetic.brand.kakaobank,이체 완료,요청하신 계좌이체가 정상적으로 완료되었습니다.,1,payment_status,v04_payment_status_a,CLEAR,completed_financial_status_personal_preference,msg,false,25,REVIEW,false,true,SYNTHETIC_PERSONALIZATION_REVIEWED,0.6,v0.4_personalization_seed_written_for_noti,,PROJECT_OWNED,false,true,POLICY_REVIEWED,,,PAYMENT_STATUS,ATTENTION_WORTHY,1,false,NONE,true,POLICY_APPROVED_V04,0.4,4
V04_REALISTIC_024,카카오뱅크,synthetic.brand.kakaobank,카카오뱅크,요청하신 계좌이체가 완료되었습니다.,1,payment_status,v04_payment_status_b,CLEAR,completed_financial_status_personal_preference,msg,false,25,REVIEW,false,true,SYNTHETIC_PERSONALIZATION_REVIEWED,0.6,v0.4_personalization_seed_written_for_noti,,PROJECT_OWNED,false,true,POLICY_REVIEWED,,,PAYMENT_STATUS,ATTENTION_WORTHY,1,false,NONE,true,POLICY_APPROVED_V04,0.4,1
V04_REALISTIC_025,신한 SOL페이,synthetic.brand.shinhan_solpay,결제 승인,카드 결제가 정상적으로 승인되었습니다.,1,payment_status,v04_payment_status_a,CLEAR,completed_financial_status_personal_preference,msg,false,25,REVIEW,false,true,SYNTHETIC_PERSONALIZATION_REVIEWED,0.6,v0.4_personalization_seed_written_for_noti,,PROJECT_OWNED,false,true,POLICY_REVIEWED,,,PAYMENT_STATUS,ATTENTION_WORTHY,1,false,NONE,true,POLICY_APPROVED_V04,0.4,4
V04_REALISTIC_026,신한 SOL페이,synthetic.brand.shinhan_solpay,신한 SOL페이,카드 결제가 승인되었습니다.,1,payment_status,v04_payment_status_b,CLEAR,completed_financial_status_personal_preference,msg,false,25,REVIEW,false,true,SYNTHETIC_PERSONALIZATION_REVIEWED,0.6,v0.4_personalization_seed_written_for_noti,,PROJECT_OWNED,false,true,POLICY_REVIEWED,,,PAYMENT_STATUS,ATTENTION_WORTHY,1,false,NONE,true,POLICY_APPROVED_V04,0.4,1
V04_REALISTIC_027,KB Pay,synthetic.brand.kbpay,결제 완료,요청하신 카드 결제가 완료되었습니다.,1,payment_status,v04_payment_status_a,CLEAR,completed_financial_status_personal_preference,msg,false,25,REVIEW,false,true,SYNTHETIC_PERSONALIZATION_REVIEWED,0.6,v0.4_personalization_seed_written_for_noti,,PROJECT_OWNED,false,true,HUMAN_REVIEWED,,,PAYMENT_STATUS,ATTENTION_WORTHY,1,false,NONE,true,HUMAN_REVIEWED_V04,0.4,4
V04_REALISTIC_028,KB Pay,synthetic.brand.kbpay,KB Pay,요청하신 카드 결제가 완료되었습니다.,1,payment_status,v04_payment_status_b,CLEAR,completed_financial_status_personal_preference,msg,false,25,REVIEW,false,true,SYNTHETIC_PERSONALIZATION_REVIEWED,0.6,v0.4_personalization_seed_written_for_noti,,PROJECT_OWNED,false,true,POLICY_REVIEWED,,,PAYMENT_STATUS,ATTENTION_WORTHY,1,false,NONE,true,POLICY_APPROVED_V04,0.4,1
V04_REALISTIC_029,현대카드,synthetic.brand.hyundaicard,이용 알림,카드 이용이 정상적으로 승인되었습니다.,1,payment_status,v04_payment_status_a,CLEAR,completed_financial_status_personal_preference,msg,false,25,REVIEW,false,true,SYNTHETIC_PERSONALIZATION_REVIEWED,0.6,v0.4_personalization_seed_written_for_noti,,PROJECT_OWNED,false,true,POLICY_REVIEWED,,,PAYMENT_STATUS,ATTENTION_WORTHY,1,false,NONE,true,POLICY_APPROVED_V04,0.4,4
V04_REALISTIC_030,현대카드,synthetic.brand.hyundaicard,현대카드,카드 이용이 승인되었습니다.,1,payment_status,v04_payment_status_b,CLEAR,completed_financial_status_personal_preference,msg,false,25,REVIEW,false,true,SYNTHETIC_PERSONALIZATION_REVIEWED,0.6,v0.4_personalization_seed_written_for_noti,,PROJECT_OWNED,false,true,POLICY_REVIEWED,,,PAYMENT_STATUS,ATTENTION_WORTHY,1,false,NONE,true,POLICY_APPROVED_V04,0.4,1
V04_REALISTIC_031,삼성카드,synthetic.brand.samsungcard,승인 완료,카드 결제가 승인되었습니다. 이용 내역에서 확인할 수 있습니다.,1,payment_status,v04_payment_status_a,CLEAR,completed_financial_status_personal_preference,msg,false,25,REVIEW,false,true,SYNTHETIC_PERSONALIZATION_REVIEWED,0.6,v0.4_personalization_seed_written_for_noti,,PROJECT_OWNED,false,true,POLICY_REVIEWED,,,PAYMENT_STATUS,ATTENTION_WORTHY,1,false,NONE,true,POLICY_APPROVED_V04,0.4,4
V04_REALISTIC_032,삼성카드,synthetic.brand.samsungcard,삼성카드,카드 결제가 승인되었습니다. 이용 내역에서 확인할 수 있습니다.,1,payment_status,v04_payment_status_b,CLEAR,completed_financial_status_personal_preference,msg,false,25,REVIEW,false,true,SYNTHETIC_PERSONALIZATION_REVIEWED,0.6,v0.4_personalization_seed_written_for_noti,,PROJECT_OWNED,false,true,POLICY_REVIEWED,,,PAYMENT_STATUS,ATTENTION_WORTHY,1,false,NONE,true,POLICY_APPROVED_V04,0.4,1
V04_REALISTIC_033,카카오페이,synthetic.brand.kakaopay,송금 완료,요청하신 송금이 정상적으로 완료되었습니다.,1,payment_status,v04_payment_status_a,CLEAR,completed_financial_status_personal_preference,msg,false,25,REVIEW,false,true,SYNTHETIC_PERSONALIZATION_REVIEWED,0.6,v0.4_personalization_seed_written_for_noti,,PROJECT_OWNED,false,true,HUMAN_REVIEWED,,,PAYMENT_STATUS,ATTENTION_WORTHY,1,false,NONE,true,HUMAN_REVIEWED_V04,0.4,4
V04_REALISTIC_034,카카오페이,synthetic.brand.kakaopay,카카오페이,요청하신 송금이 완료되었습니다.,1,payment_status,v04_payment_status_b,CLEAR,completed_financial_status_personal_preference,msg,false,25,REVIEW,false,true,SYNTHETIC_PERSONALIZATION_REVIEWED,0.6,v0.4_personalization_seed_written_for_noti,,PROJECT_OWNED,false,true,POLICY_REVIEWED,,,PAYMENT_STATUS,ATTENTION_WORTHY,1,false,NONE,true,POLICY_APPROVED_V04,0.4,1
V04_REALISTIC_035,네이버페이,synthetic.brand.naverpay,결제 완료,네이버페이 결제가 정상적으로 완료되었습니다.,1,payment_status,v04_payment_status_a,CLEAR,completed_financial_status_personal_preference,msg,false,25,REVIEW,false,true,SYNTHETIC_PERSONALIZATION_REVIEWED,0.6,v0.4_personalization_seed_written_for_noti,,PROJECT_OWNED,false,true,POLICY_REVIEWED,,,PAYMENT_STATUS,ATTENTION_WORTHY,1,false,NONE,true,POLICY_APPROVED_V04,0.4,4
V04_REALISTIC_036,네이버페이,synthetic.brand.naverpay,네이버페이,네이버페이 결제가 완료되었습니다.,1,payment_status,v04_payment_status_b,CLEAR,completed_financial_status_personal_preference,msg,false,25,REVIEW,false,true,SYNTHETIC_PERSONALIZATION_REVIEWED,0.6,v0.4_personalization_seed_written_for_noti,,PROJECT_OWNED,false,true,POLICY_REVIEWED,,,PAYMENT_STATUS,ATTENTION_WORTHY,1,false,NONE,true,POLICY_APPROVED_V04,0.4,1
V04_REALISTIC_037,쿠팡,synthetic.brand.coupang,결제 완료,주문 상품의 결제가 정상적으로 완료되었습니다.,1,payment_status,v04_payment_status_a,CLEAR,completed_financial_status_personal_preference,msg,false,25,REVIEW,false,true,SYNTHETIC_PERSONALIZATION_REVIEWED,0.6,v0.4_personalization_seed_written_for_noti,,PROJECT_OWNED,false,true,POLICY_REVIEWED,,,PAYMENT_STATUS,ATTENTION_WORTHY,1,false,NONE,true,POLICY_APPROVED_V04,0.4,4
V04_REALISTIC_038,쿠팡,synthetic.brand.coupang,쿠팡,주문 상품의 결제가 완료되었습니다.,1,payment_status,v04_payment_status_b,CLEAR,completed_financial_status_personal_preference,msg,false,25,REVIEW,false,true,SYNTHETIC_PERSONALIZATION_REVIEWED,0.6,v0.4_personalization_seed_written_for_noti,,PROJECT_OWNED,false,true,POLICY_REVIEWED,,,PAYMENT_STATUS,ATTENTION_WORTHY,1,false,NONE,true,POLICY_APPROVED_V04,0.4,1
V04_REALISTIC_039,배달의민족,synthetic.brand.baemin,주문 결제 완료,배달 주문 결제가 정상적으로 완료되었습니다.,1,payment_status,v04_payment_status_a,CLEAR,completed_financial_status_personal_preference,msg,false,25,REVIEW,false,true,SYNTHETIC_PERSONALIZATION_REVIEWED,0.6,v0.4_personalization_seed_written_for_noti,,PROJECT_OWNED,false,true,POLICY_REVIEWED,,,PAYMENT_STATUS,ATTENTION_WORTHY,1,false,NONE,true,POLICY_APPROVED_V04,0.4,4
V04_REALISTIC_040,배달의민족,synthetic.brand.baemin,배달의민족,배달 주문 결제가 완료되었습니다.,1,payment_status,v04_payment_status_b,CLEAR,completed_financial_status_personal_preference,msg,false,25,REVIEW,false,true,SYNTHETIC_PERSONALIZATION_REVIEWED,0.6,v0.4_personalization_seed_written_for_noti,,PROJECT_OWNED,false,true,POLICY_REVIEWED,,,PAYMENT_STATUS,ATTENTION_WORTHY,1,false,NONE,true,POLICY_APPROVED_V04,0.4,1
V05_DIVERSITY_001,쿠팡,synthetic.v05.coupang,배송이 시작됐어요,주문 상품이 출고되었습니다. 오늘 오후 도착할 예정입니다.,0,delivery_status,v05_delivery_status_01,CLEAR,v06_passive_delivery_progress,msg,false,30,REVIEW,false,true,SYNTHETIC_DIVERSITY_REVIEWED,0.6,v0.5_diverse_korean_notification_templates,,PROJECT_OWNED,false,true,POLICY_REVIEWED,,,DELIVERY_STATUS,INFORMATIONAL,0,true,APP_EVENT_TYPE,true,POLICY_REVISED_V06,0.4,3
V05_DIVERSITY_002,오늘의집,synthetic.v05.ohouse,배송이 시작됐어요,가구 주문이 출고되었습니다. 오늘 오후 도착할 예정입니다.,0,delivery_status,v05_delivery_status_01,CLEAR,v06_passive_delivery_progress,msg,false,30,REVIEW,false,true,SYNTHETIC_DIVERSITY_REVIEWED,0.6,v0.5_diverse_korean_notification_templates,,PROJECT_OWNED,false,true,POLICY_REVIEWED,,,DELIVERY_STATUS,INFORMATIONAL,0,true,APP_EVENT_TYPE,true,POLICY_REVISED_V06,0.4,3
V05_DIVERSITY_003,CJ대한통운,synthetic.v05.cjlogistics,배송이 시작됐어요,택배 물품이 출고되었습니다. 오늘 오후 도착할 예정입니다.,0,delivery_status,v05_delivery_status_01,CLEAR,v06_passive_delivery_progress,msg,false,30,REVIEW,false,true,SYNTHETIC_DIVERSITY_REVIEWED,0.6,v0.5_diverse_korean_notification_templates,,PROJECT_OWNED,false,true,POLICY_REVIEWED,,,DELIVERY_STATUS,INFORMATIONAL,0,true,APP_EVENT_TYPE,true,POLICY_REVISED_V06,0.4,3
V05_DIVERSITY_004,컬리,synthetic.v05.kurly,배송이 시작됐어요,식품 주문이 출고되었습니다. 오늘 오후 도착할 예정입니다.,0,delivery_status,v05_delivery_status_01,CLEAR,v06_passive_delivery_progress,msg,false,30,REVIEW,false,true,SYNTHETIC_DIVERSITY_REVIEWED,0.6,v0.5_diverse_korean_notification_templates,,PROJECT_OWNED,false,true,POLICY_REVIEWED,,,DELIVERY_STATUS,INFORMATIONAL,0,true,APP_EVENT_TYPE,true,POLICY_REVISED_V06,0.4,3
V05_DIVERSITY_005,쿠팡,synthetic.v05.coupang,오늘 배송 예정,주문 상품이 배송지로 이동 중이며 오늘 저녁 도착 예정입니다.,0,delivery_status,v05_delivery_status_02,CLEAR,v06_passive_delivery_progress,msg,false,30,REVIEW,false,true,SYNTHETIC_DIVERSITY_REVIEWED,0.6,v0.5_diverse_korean_notification_templates,,PROJECT_OWNED,false,true,POLICY_REVIEWED,,,DELIVERY_STATUS,INFORMATIONAL,0,true,APP_EVENT_TYPE,true,POLICY_REVISED_V06,0.4,0
V05_DIVERSITY_006,오늘의집,synthetic.v05.ohouse,오늘 배송 예정,가구 주문이 배송지로 이동 중이며 오늘 저녁 도착 예정입니다.,0,delivery_status,v05_delivery_status_02,CLEAR,v06_passive_delivery_progress,msg,false,30,REVIEW,false,true,SYNTHETIC_DIVERSITY_REVIEWED,0.6,v0.5_diverse_korean_notification_templates,,PROJECT_OWNED,false,true,POLICY_REVIEWED,,,DELIVERY_STATUS,INFORMATIONAL,0,true,APP_EVENT_TYPE,true,POLICY_REVISED_V06,0.4,0
V05_DIVERSITY_007,CJ대한통운,synthetic.v05.cjlogistics,오늘 배송 예정,택배 물품이 배송지로 이동 중이며 오늘 저녁 도착 예정입니다.,0,delivery_status,v05_delivery_status_02,CLEAR,v06_passive_delivery_progress,msg,false,30,REVIEW,false,true,SYNTHETIC_DIVERSITY_REVIEWED,0.6,v0.5_diverse_korean_notification_templates,,PROJECT_OWNED,false,true,POLICY_REVIEWED,,,DELIVERY_STATUS,INFORMATIONAL,0,true,APP_EVENT_TYPE,true,POLICY_REVISED_V06,0.4,0
V05_DIVERSITY_008,컬리,synthetic.v05.kurly,오늘 배송 예정,식품 주문이 배송지로 이동 중이며 오늘 저녁 도착 예정입니다.,0,delivery_status,v05_delivery_status_02,CLEAR,v06_passive_delivery_progress,msg,false,30,REVIEW,false,true,SYNTHETIC_DIVERSITY_REVIEWED,0.6,v0.5_diverse_korean_notification_templates,,PROJECT_OWNED,false,true,POLICY_REVIEWED,,,DELIVERY_STATUS,INFORMATIONAL,0,true,APP_EVENT_TYPE,true,POLICY_REVISED_V06,0.4,0
V05_DIVERSITY_009,쿠팡,synthetic.v05.coupang,배송 기사 출발,주문 상품을 실은 차량이 출발했습니다. 오후 중 방문 예정입니다.,0,delivery_status,v05_delivery_status_03,CLEAR,v06_passive_delivery_progress,msg,false,30,REVIEW,false,true,SYNTHETIC_DIVERSITY_REVIEWED,0.6,v0.5_diverse_korean_notification_templates,,PROJECT_OWNED,false,true,POLICY_REVIEWED,,,DELIVERY_STATUS,INFORMATIONAL,0,true,APP_EVENT_TYPE,true,POLICY_REVISED_V06,0.4,0
V05_DIVERSITY_010,오늘의집,synthetic.v05.ohouse,배송 기사 출발,가구 주문을 실은 차량이 출발했습니다. 오후 중 방문 예정입니다.,0,delivery_status,v05_delivery_status_03,CLEAR,v06_passive_delivery_progress,msg,false,30,REVIEW,false,true,SYNTHETIC_DIVERSITY_REVIEWED,0.6,v0.5_diverse_korean_notification_templates,,PROJECT_OWNED,false,true,POLICY_REVIEWED,,,DELIVERY_STATUS,INFORMATIONAL,0,true,APP_EVENT_TYPE,true,POLICY_REVISED_V06,0.4,0
V05_DIVERSITY_011,CJ대한통운,synthetic.v05.cjlogistics,배송 기사 출발,택배 물품을 실은 차량이 출발했습니다. 오후 중 방문 예정입니다.,0,delivery_status,v05_delivery_status_03,CLEAR,v06_passive_delivery_progress,msg,false,30,REVIEW,false,true,SYNTHETIC_DIVERSITY_REVIEWED,0.6,v0.5_diverse_korean_notification_templates,,PROJECT_OWNED,false,true,POLICY_REVIEWED,,,DELIVERY_STATUS,INFORMATIONAL,0,true,APP_EVENT_TYPE,true,POLICY_REVISED_V06,0.4,0
V05_DIVERSITY_012,컬리,synthetic.v05.kurly,배송 기사 출발,식품 주문을 실은 차량이 출발했습니다. 오후 중 방문 예정입니다.,0,delivery_status,v05_delivery_status_03,CLEAR,v06_passive_delivery_progress,msg,false,30,REVIEW,false,true,SYNTHETIC_DIVERSITY_REVIEWED,0.6,v0.5_diverse_korean_notification_templates,,PROJECT_OWNED,false,true,POLICY_REVIEWED,,,DELIVERY_STATUS,INFORMATIONAL,0,true,APP_EVENT_TYPE,true,POLICY_REVISED_V06,0.4,0
V05_DIVERSITY_013,쿠팡,synthetic.v05.coupang,수령 예정 안내,주문 상품이 오전 10시부터 오후 8시 사이 도착할 예정입니다.,0,delivery_status,v05_delivery_status_04,CLEAR,v06_passive_delivery_progress,msg,false,30,REVIEW,false,true,SYNTHETIC_DIVERSITY_REVIEWED,0.6,v0.5_diverse_korean_notification_templates,,PROJECT_OWNED,false,true,POLICY_REVIEWED,,,DELIVERY_STATUS,INFORMATIONAL,0,true,APP_EVENT_TYPE,true,POLICY_REVISED_V06,0.4,3
V05_DIVERSITY_014,오늘의집,synthetic.v05.ohouse,수령 예정 안내,가구 주문이 오전 10시부터 오후 8시 사이 도착할 예정입니다.,0,delivery_status,v05_delivery_status_04,CLEAR,v06_passive_delivery_progress,msg,false,30,REVIEW,false,true,SYNTHETIC_DIVERSITY_REVIEWED,0.6,v0.5_diverse_korean_notification_templates,,PROJECT_OWNED,false,true,POLICY_REVIEWED,,,DELIVERY_STATUS,INFORMATIONAL,0,true,APP_EVENT_TYPE,true,POLICY_REVISED_V06,0.4,3
V05_DIVERSITY_015,CJ대한통운,synthetic.v05.cjlogistics,수령 예정 안내,택배 물품이 오전 10시부터 오후 8시 사이 도착할 예정입니다.,0,delivery_status,v05_delivery_status_04,CLEAR,v06_passive_delivery_progress,msg,false,30,REVIEW,false,true,SYNTHETIC_DIVERSITY_REVIEWED,0.6,v0.5_diverse_korean_notification_templates,,PROJECT_OWNED,false,true,POLICY_REVIEWED,,,DELIVERY_STATUS,INFORMATIONAL,0,true,APP_EVENT_TYPE,true,POLICY_REVISED_V06,0.4,3
V05_DIVERSITY_016,컬리,synthetic.v05.kurly,수령 예정 안내,식품 주문이 오전 10시부터 오후 8시 사이 도착할 예정입니다.,0,delivery_status,v05_delivery_status_04,CLEAR,v06_passive_delivery_progress,msg,false,30,REVIEW,false,true,SYNTHETIC_DIVERSITY_REVIEWED,0.6,v0.5_diverse_korean_notification_templates,,PROJECT_OWNED,false,true,POLICY_REVIEWED,,,DELIVERY_STATUS,INFORMATIONAL,0,true,APP_EVENT_TYPE,true,POLICY_REVISED_V06,0.4,3
V05_DIVERSITY_017,쿠팡,synthetic.v05.coupang,문 앞 배송 예정,주문 상품은 부재 시 문 앞에 전달될 예정입니다.,0,delivery_status,v05_delivery_status_05,CLEAR,v06_passive_delivery_progress,msg,false,30,REVIEW,false,true,SYNTHETIC_DIVERSITY_REVIEWED,0.6,v0.5_diverse_korean_notification_templates,,PROJECT_OWNED,false,true,POLICY_REVIEWED,,,DELIVERY_STATUS,INFORMATIONAL,0,true,APP_EVENT_TYPE,true,POLICY_REVISED_V06,0.4,0
V05_DIVERSITY_018,오늘의집,synthetic.v05.ohouse,문 앞 배송 예정,가구 주문은 부재 시 문 앞에 전달될 예정입니다.,0,delivery_status,v05_delivery_status_05,CLEAR,v06_passive_delivery_progress,msg,false,30,REVIEW,false,true,SYNTHETIC_DIVERSITY_REVIEWED,0.6,v0.5_diverse_korean_notification_templates,,PROJECT_OWNED,false,true,POLICY_REVIEWED,,,DELIVERY_STATUS,INFORMATIONAL,0,true,APP_EVENT_TYPE,true,POLICY_REVISED_V06,0.4,0
V05_DIVERSITY_019,CJ대한통운,synthetic.v05.cjlogistics,문 앞 배송 예정,택배 물품은 부재 시 문 앞에 전달될 예정입니다.,0,delivery_status,v05_delivery_status_05,CLEAR,v06_passive_delivery_progress,msg,false,30,REVIEW,false,true,SYNTHETIC_DIVERSITY_REVIEWED,0.6,v0.5_diverse_korean_notification_templates,,PROJECT_OWNED,false,true,POLICY_REVIEWED,,,DELIVERY_STATUS,INFORMATIONAL,0,true,APP_EVENT_TYPE,true,POLICY_REVISED_V06,0.4,0
V05_DIVERSITY_020,컬리,synthetic.v05.kurly,문 앞 배송 예정,식품 주문은 부재 시 문 앞에 전달될 예정입니다.,0,delivery_status,v05_delivery_status_05,CLEAR,v06_passive_delivery_progress,msg,false,30,REVIEW,false,true,SYNTHETIC_DIVERSITY_REVIEWED,0.6,v0.5_diverse_korean_notification_templates,,PROJECT_OWNED,false,true,POLICY_REVIEWED,,,DELIVERY_STATUS,INFORMATIONAL,0,true,APP_EVENT_TYPE,true,POLICY_REVISED_V06,0.4,0
V05_DIVERSITY_021,쿠팡,synthetic.v05.coupang,상품 발송 완료,판매자가 주문 상품을 발송했습니다. 내일 도착 예정입니다.,0,delivery_status,v05_delivery_status_06,CLEAR,v06_passive_delivery_progress,msg,false,30,REVIEW,false,true,SYNTHETIC_DIVERSITY_REVIEWED,0.6,v0.5_diverse_korean_notification_templates,,PROJECT_OWNED,false,true,POLICY_REVIEWED,,,DELIVERY_STATUS,INFORMATIONAL,0,true,APP_EVENT_TYPE,true,POLICY_REVISED_V06,0.4,4
V05_DIVERSITY_022,오늘의집,synthetic.v05.ohouse,상품 발송 완료,판매자가 가구 주문을 발송했습니다. 내일 도착 예정입니다.,0,delivery_status,v05_delivery_status_06,CLEAR,v06_passive_delivery_progress,msg,false,30,REVIEW,false,true,SYNTHETIC_DIVERSITY_REVIEWED,0.6,v0.5_diverse_korean_notification_templates,,PROJECT_OWNED,false,true,POLICY_REVIEWED,,,DELIVERY_STATUS,INFORMATIONAL,0,true,APP_EVENT_TYPE,true,POLICY_REVISED_V06,0.4,4
V05_DIVERSITY_023,CJ대한통운,synthetic.v05.cjlogistics,상품 발송 완료,판매자가 택배 물품을 발송했습니다. 내일 도착 예정입니다.,0,delivery_status,v05_delivery_status_06,CLEAR,v06_passive_delivery_progress,msg,false,30,REVIEW,false,true,SYNTHETIC_DIVERSITY_REVIEWED,0.6,v0.5_diverse_korean_notification_templates,,PROJECT_OWNED,false,true,POLICY_REVIEWED,,,DELIVERY_STATUS,INFORMATIONAL,0,true,APP_EVENT_TYPE,true,POLICY_REVISED_V06,0.4,4
V05_DIVERSITY_024,컬리,synthetic.v05.kurly,상품 발송 완료,판매자가 식품 주문을 발송했습니다. 내일 도착 예정입니다.,0,delivery_status,v05_delivery_status_06,CLEAR,v06_passive_delivery_progress,msg,false,30,REVIEW,false,true,SYNTHETIC_DIVERSITY_REVIEWED,0.6,v0.5_diverse_korean_notification_templates,,PROJECT_OWNED,false,true,POLICY_REVIEWED,,,DELIVERY_STATUS,INFORMATIONAL,0,true,APP_EVENT_TYPE,true,POLICY_REVISED_V06,0.4,4
V05_DIVERSITY_025,쿠팡,synthetic.v05.coupang,택배 이동 중,주문 상품이 가까운 배송 터미널에 도착했습니다.,0,delivery_status,v05_delivery_status_07,CLEAR,v06_passive_delivery_progress,msg,false,30,REVIEW,false,true,SYNTHETIC_DIVERSITY_REVIEWED,0.6,v0.5_diverse_korean_notification_templates,,PROJECT_OWNED,false,true,POLICY_REVIEWED,,,DELIVERY_STATUS,INFORMATIONAL,0,true,APP_EVENT_TYPE,true,POLICY_REVISED_V06,0.4,2
V05_DIVERSITY_026,오늘의집,synthetic.v05.ohouse,택배 이동 중,가구 주문이 가까운 배송 터미널에 도착했습니다.,0,delivery_status,v05_delivery_status_07,CLEAR,v06_passive_delivery_progress,msg,false,30,REVIEW,false,true,SYNTHETIC_DIVERSITY_REVIEWED,0.6,v0.5_diverse_korean_notification_templates,,PROJECT_OWNED,false,true,POLICY_REVIEWED,,,DELIVERY_STATUS,INFORMATIONAL,0,true,APP_EVENT_TYPE,true,POLICY_REVISED_V06,0.4,2
V05_DIVERSITY_027,CJ대한통운,synthetic.v05.cjlogistics,택배 이동 중,택배 물품이 가까운 배송 터미널에 도착했습니다.,0,delivery_status,v05_delivery_status_07,CLEAR,v06_passive_delivery_progress,msg,false,30,REVIEW,false,true,SYNTHETIC_DIVERSITY_REVIEWED,0.6,v0.5_diverse_korean_notification_templates,,PROJECT_OWNED,false,true,POLICY_REVIEWED,,,DELIVERY_STATUS,INFORMATIONAL,0,true,APP_EVENT_TYPE,true,POLICY_REVISED_V06,0.4,2
V05_DIVERSITY_028,컬리,synthetic.v05.kurly,택배 이동 중,식품 주문이 가까운 배송 터미널에 도착했습니다.,0,delivery_status,v05_delivery_status_07,CLEAR,v06_passive_delivery_progress,msg,false,30,REVIEW,false,true,SYNTHETIC_DIVERSITY_REVIEWED,0.6,v0.5_diverse_korean_notification_templates,,PROJECT_OWNED,false,true,POLICY_REVIEWED,,,DELIVERY_STATUS,INFORMATIONAL,0,true,APP_EVENT_TYPE,true,POLICY_REVISED_V06,0.4,2
V05_DIVERSITY_029,쿠팡,synthetic.v05.coupang,도착 시간 안내,주문 상품의 예상 도착 시간이 오늘 오후로 등록되었습니다.,0,delivery_status,v05_delivery_status_08,CLEAR,v06_passive_delivery_progress,msg,false,30,REVIEW,false,true,SYNTHETIC_DIVERSITY_REVIEWED,0.6,v0.5_diverse_korean_notification_templates,,PROJECT_OWNED,false,true,POLICY_REVIEWED,,,DELIVERY_STATUS,INFORMATIONAL,0,true,APP_EVENT_TYPE,true,POLICY_REVISED_V06,0.4,4
V05_DIVERSITY_030,오늘의집,synthetic.v05.ohouse,도착 시간 안내,가구 주문의 예상 도착 시간이 오늘 오후로 등록되었습니다.,0,delivery_status,v05_delivery_status_08,CLEAR,v06_passive_delivery_progress,msg,false,30,REVIEW,false,true,SYNTHETIC_DIVERSITY_REVIEWED,0.6,v0.5_diverse_korean_notification_templates,,PROJECT_OWNED,false,true,POLICY_REVIEWED,,,DELIVERY_STATUS,INFORMATIONAL,0,true,APP_EVENT_TYPE,true,POLICY_REVISED_V06,0.4,4
V05_DIVERSITY_031,CJ대한통운,synthetic.v05.cjlogistics,도착 시간 안내,택배 물품의 예상 도착 시간이 오늘 오후로 등록되었습니다.,0,delivery_status,v05_delivery_status_08,CLEAR,v06_passive_delivery_progress,msg,false,30,REVIEW,false,true,SYNTHETIC_DIVERSITY_REVIEWED,0.6,v0.5_diverse_korean_notification_templates,,PROJECT_OWNED,false,true,POLICY_REVIEWED,,,DELIVERY_STATUS,INFORMATIONAL,0,true,APP_EVENT_TYPE,true,POLICY_REVISED_V06,0.4,4
V05_DIVERSITY_032,컬리,synthetic.v05.kurly,도착 시간 안내,식품 주문의 예상 도착 시간이 오늘 오후로 등록되었습니다.,0,delivery_status,v05_delivery_status_08,CLEAR,v06_passive_delivery_progress,msg,false,30,REVIEW,false,true,SYNTHETIC_DIVERSITY_REVIEWED,0.6,v0.5_diverse_korean_notification_templates,,PROJECT_OWNED,false,true,POLICY_REVIEWED,,,DELIVERY_STATUS,INFORMATIONAL,0,true,APP_EVENT_TYPE,true,POLICY_REVISED_V06,0.4,4
V05_DIVERSITY_033,토스,synthetic.v05.toss,입금 완료,계좌 거래의 입금 처리가 완료되었습니다.,1,payment_status,v05_payment_status_01,CLEAR,v05_payment_status_diversity,msg,false,25,REVIEW,false,true,SYNTHETIC_DIVERSITY_REVIEWED,0.6,v0.5_diverse_korean_notification_templates,,PROJECT_OWNED,false,true,POLICY_REVIEWED,,,PAYMENT_STATUS,ATTENTION_WORTHY,1,false,NONE,true,POLICY_APPROVED_V05,0.4,1
V05_DIVERSITY_034,카카오뱅크,synthetic.v05.kakaobank,입금 완료,이체 거래의 입금 처리가 완료되었습니다.,1,payment_status,v05_payment_status_01,CLEAR,v05_payment_status_diversity,msg,false,25,REVIEW,false,true,SYNTHETIC_DIVERSITY_REVIEWED,0.6,v0.5_diverse_korean_notification_templates,,PROJECT_OWNED,false,true,POLICY_REVIEWED,,,PAYMENT_STATUS,ATTENTION_WORTHY,1,false,NONE,true,POLICY_APPROVED_V05,0.4,1
V05_DIVERSITY_035,KB Pay,synthetic.v05.kbpay,입금 완료,카드 결제의 입금 처리가 완료되었습니다.,1,payment_status,v05_payment_status_01,CLEAR,v05_payment_status_diversity,msg,false,25,REVIEW,false,true,SYNTHETIC_DIVERSITY_REVIEWED,0.6,v0.5_diverse_korean_notification_templates,,PROJECT_OWNED,false,true,POLICY_REVIEWED,,,PAYMENT_STATUS,ATTENTION_WORTHY,1,false,NONE,true,POLICY_APPROVED_V05,0.4,1
V05_DIVERSITY_036,카카오페이,synthetic.v05.kakaopay,입금 완료,간편 결제의 입금 처리가 완료되었습니다.,1,payment_status,v05_payment_status_01,CLEAR,v05_payment_status_diversity,msg,false,25,REVIEW,false,true,SYNTHETIC_DIVERSITY_REVIEWED,0.6,v0.5_diverse_korean_notification_templates,,PROJECT_OWNED,false,true,POLICY_REVIEWED,,,PAYMENT_STATUS,ATTENTION_WORTHY,1,false,NONE,true,POLICY_APPROVED_V05,0.4,1
V05_DIVERSITY_037,토스,synthetic.v05.toss,이체 완료,요청하신 계좌 거래가 정상적으로 처리되었습니다.,1,payment_status,v05_payment_status_02,CLEAR,v05_payment_status_diversity,msg,false,25,REVIEW,false,true,SYNTHETIC_DIVERSITY_REVIEWED,0.6,v0.5_diverse_korean_notification_templates,,PROJECT_OWNED,false,true,POLICY_REVIEWED,,,PAYMENT_STATUS,ATTENTION_WORTHY,1,false,NONE,true,POLICY_APPROVED_V05,0.4,0
V05_DIVERSITY_038,카카오뱅크,synthetic.v05.kakaobank,이체 완료,요청하신 이체 거래가 정상적으로 처리되었습니다.,1,payment_status,v05_payment_status_02,CLEAR,v05_payment_status_diversity,msg,false,25,REVIEW,false,true,SYNTHETIC_DIVERSITY_REVIEWED,0.6,v0.5_diverse_korean_notification_templates,,PROJECT_OWNED,false,true,POLICY_REVIEWED,,,PAYMENT_STATUS,ATTENTION_WORTHY,1,false,NONE,true,POLICY_APPROVED_V05,0.4,0
V05_DIVERSITY_039,KB Pay,synthetic.v05.kbpay,이체 완료,요청하신 카드 결제가 정상적으로 처리되었습니다.,1,payment_status,v05_payment_status_02,CLEAR,v05_payment_status_diversity,msg,false,25,REVIEW,false,true,SYNTHETIC_DIVERSITY_REVIEWED,0.6,v0.5_diverse_korean_notification_templates,,PROJECT_OWNED,false,true,POLICY_REVIEWED,,,PAYMENT_STATUS,ATTENTION_WORTHY,1,false,NONE,true,POLICY_APPROVED_V05,0.4,0
V05_DIVERSITY_040,카카오페이,synthetic.v05.kakaopay,이체 완료,요청하신 간편 결제가 정상적으로 처리되었습니다.,1,payment_status,v05_payment_status_02,CLEAR,v05_payment_status_diversity,msg,false,25,REVIEW,false,true,SYNTHETIC_DIVERSITY_REVIEWED,0.6,v0.5_diverse_korean_notification_templates,,PROJECT_OWNED,false,true,POLICY_REVIEWED,,,PAYMENT_STATUS,ATTENTION_WORTHY,1,false,NONE,true,POLICY_APPROVED_V05,0.4,0
V05_DIVERSITY_041,토스,synthetic.v05.toss,결제 승인,계좌 거래가 정상적으로 승인되었습니다.,1,payment_status,v05_payment_status_03,CLEAR,v05_payment_status_diversity,msg,false,25,REVIEW,false,true,SYNTHETIC_DIVERSITY_REVIEWED,0.6,v0.5_diverse_korean_notification_templates,,PROJECT_OWNED,false,true,POLICY_REVIEWED,,,PAYMENT_STATUS,ATTENTION_WORTHY,1,false,NONE,true,POLICY_APPROVED_V05,0.4,2
V05_DIVERSITY_042,카카오뱅크,synthetic.v05.kakaobank,결제 승인,이체 거래가 정상적으로 승인되었습니다.,1,payment_status,v05_payment_status_03,CLEAR,v05_payment_status_diversity,msg,false,25,REVIEW,false,true,SYNTHETIC_DIVERSITY_REVIEWED,0.6,v0.5_diverse_korean_notification_templates,,PROJECT_OWNED,false,true,POLICY_REVIEWED,,,PAYMENT_STATUS,ATTENTION_WORTHY,1,false,NONE,true,POLICY_APPROVED_V05,0.4,2
V05_DIVERSITY_043,KB Pay,synthetic.v05.kbpay,결제 승인,카드 결제가 정상적으로 승인되었습니다.,1,payment_status,v05_payment_status_03,CLEAR,v05_payment_status_diversity,msg,false,25,REVIEW,false,true,SYNTHETIC_DIVERSITY_REVIEWED,0.6,v0.5_diverse_korean_notification_templates,,PROJECT_OWNED,false,true,POLICY_REVIEWED,,,PAYMENT_STATUS,ATTENTION_WORTHY,1,false,NONE,true,POLICY_APPROVED_V05,0.4,2
V05_DIVERSITY_044,카카오페이,synthetic.v05.kakaopay,결제 승인,간편 결제가 정상적으로 승인되었습니다.,1,payment_status,v05_payment_status_03,CLEAR,v05_payment_status_diversity,msg,false,25,REVIEW,false,true,SYNTHETIC_DIVERSITY_REVIEWED,0.6,v0.5_diverse_korean_notification_templates,,PROJECT_OWNED,false,true,POLICY_REVIEWED,,,PAYMENT_STATUS,ATTENTION_WORTHY,1,false,NONE,true,POLICY_APPROVED_V05,0.4,2
V05_DIVERSITY_045,토스,synthetic.v05.toss,환불 완료,계좌 거래의 환불 금액이 계좌로 입금되었습니다.,1,payment_status,v05_payment_status_04,CLEAR,v05_payment_status_diversity,msg,false,25,REVIEW,false,true,SYNTHETIC_DIVERSITY_REVIEWED,0.6,v0.5_diverse_korean_notification_templates,,PROJECT_OWNED,false,true,POLICY_REVIEWED,,,PAYMENT_STATUS,ATTENTION_WORTHY,1,false,NONE,true,POLICY_APPROVED_V05,0.4,1
V05_DIVERSITY_046,카카오뱅크,synthetic.v05.kakaobank,환불 완료,이체 거래의 환불 금액이 계좌로 입금되었습니다.,1,payment_status,v05_payment_status_04,CLEAR,v05_payment_status_diversity,msg,false,25,REVIEW,false,true,SYNTHETIC_DIVERSITY_REVIEWED,0.6,v0.5_diverse_korean_notification_templates,,PROJECT_OWNED,false,true,POLICY_REVIEWED,,,PAYMENT_STATUS,ATTENTION_WORTHY,1,false,NONE,true,POLICY_APPROVED_V05,0.4,1
V05_DIVERSITY_047,KB Pay,synthetic.v05.kbpay,환불 완료,카드 결제의 환불 금액이 계좌로 입금되었습니다.,1,payment_status,v05_payment_status_04,CLEAR,v05_payment_status_diversity,msg,false,25,REVIEW,false,true,SYNTHETIC_DIVERSITY_REVIEWED,0.6,v0.5_diverse_korean_notification_templates,,PROJECT_OWNED,false,true,POLICY_REVIEWED,,,PAYMENT_STATUS,ATTENTION_WORTHY,1,false,NONE,true,POLICY_APPROVED_V05,0.4,1
V05_DIVERSITY_048,카카오페이,synthetic.v05.kakaopay,환불 완료,간편 결제의 환불 금액이 계좌로 입금되었습니다.,1,payment_status,v05_payment_status_04,CLEAR,v05_payment_status_diversity,msg,false,25,REVIEW,false,true,SYNTHETIC_DIVERSITY_REVIEWED,0.6,v0.5_diverse_korean_notification_templates,,PROJECT_OWNED,false,true,POLICY_REVIEWED,,,PAYMENT_STATUS,ATTENTION_WORTHY,1,false,NONE,true,POLICY_APPROVED_V05,0.4,1
V05_DIVERSITY_049,네이버,synthetic.v05.naver,주간 요약,이용 기록의 이번 주 요약이 새로 등록되었습니다.,0,general_information,v05_general_information_01,CLEAR,v05_general_information_diversity,msg,false,25,REVIEW,false,true,SYNTHETIC_DIVERSITY_REVIEWED,0.6,v0.5_diverse_korean_notification_templates,,PROJECT_OWNED,false,true,POLICY_REVIEWED,,,GENERAL_INFORMATION,INFORMATIONAL,0,true,APP_EVENT_TYPE,true,POLICY_APPROVED_V05,0.4,0
V05_DIVERSITY_050,Notion,synthetic.v05.notion,주간 요약,공유 문서의 이번 주 요약이 새로 등록되었습니다.,0,general_information,v05_general_information_01,CLEAR,v05_general_information_diversity,msg,false,25,REVIEW,false,true,SYNTHETIC_DIVERSITY_REVIEWED,0.6,v0.5_diverse_korean_notification_templates,,PROJECT_OWNED,false,true,POLICY_REVIEWED,,,GENERAL_INFORMATION,INFORMATIONAL,0,true,APP_EVENT_TYPE,true,POLICY_APPROVED_V05,0.4,0
V05_DIVERSITY_051,에브리타임,synthetic.v05.everytime,주간 요약,학교 소식의 이번 주 요약이 새로 등록되었습니다.,0,general_information,v05_general_information_01,CLEAR,v05_general_information_diversity,msg,false,25,REVIEW,false,true,SYNTHETIC_DIVERSITY_REVIEWED,0.6,v0.5_diverse_korean_notification_templates,,PROJECT_OWNED,false,true,POLICY_REVIEWED,,,GENERAL_INFORMATION,INFORMATIONAL,0,true,APP_EVENT_TYPE,true,POLICY_APPROVED_V05,0.4,0
V05_DIVERSITY_052,SmartThings,synthetic.v05.smartthings,주간 요약,기기 상태의 이번 주 요약이 새로 등록되었습니다.,0,general_information,v05_general_information_01,CLEAR,v05_general_information_diversity,msg,false,25,REVIEW,false,true,SYNTHETIC_DIVERSITY_REVIEWED,0.6,v0.5_diverse_korean_notification_templates,,PROJECT_OWNED,false,true,POLICY_REVIEWED,,,GENERAL_INFORMATION,INFORMATIONAL,0,true,APP_EVENT_TYPE,true,POLICY_APPROVED_V05,0.4,0
V05_DIVERSITY_053,네이버,synthetic.v05.naver,기록 업데이트,이용 기록이 최신 내용으로 업데이트되었습니다.,0,general_information,v05_general_information_02,CLEAR,v05_general_information_diversity,msg,false,25,REVIEW,false,true,SYNTHETIC_DIVERSITY_REVIEWED,0.6,v0.5_diverse_korean_notification_templates,,PROJECT_OWNED,false,true,POLICY_REVIEWED,,,GENERAL_INFORMATION,INFORMATIONAL,0,true,APP_EVENT_TYPE,true,POLICY_APPROVED_V05,0.4,1
V05_DIVERSITY_054,Notion,synthetic.v05.notion,기록 업데이트,공유 문서이 최신 내용으로 업데이트되었습니다.,0,general_information,v05_general_information_02,CLEAR,v05_general_information_diversity,msg,false,25,REVIEW,false,true,SYNTHETIC_DIVERSITY_REVIEWED,0.6,v0.5_diverse_korean_notification_templates,,PROJECT_OWNED,false,true,POLICY_REVIEWED,,,GENERAL_INFORMATION,INFORMATIONAL,0,true,APP_EVENT_TYPE,true,POLICY_APPROVED_V05,0.4,1
V05_DIVERSITY_055,에브리타임,synthetic.v05.everytime,기록 업데이트,학교 소식이 최신 내용으로 업데이트되었습니다.,0,general_information,v05_general_information_02,CLEAR,v05_general_information_diversity,msg,false,25,REVIEW,false,true,SYNTHETIC_DIVERSITY_REVIEWED,0.6,v0.5_diverse_korean_notification_templates,,PROJECT_OWNED,false,true,POLICY_REVIEWED,,,GENERAL_INFORMATION,INFORMATIONAL,0,true,APP_EVENT_TYPE,true,POLICY_APPROVED_V05,0.4,1
V05_DIVERSITY_056,SmartThings,synthetic.v05.smartthings,기록 업데이트,기기 상태이 최신 내용으로 업데이트되었습니다.,0,general_information,v05_general_information_02,CLEAR,v05_general_information_diversity,msg,false,25,REVIEW,false,true,SYNTHETIC_DIVERSITY_REVIEWED,0.6,v0.5_diverse_korean_notification_templates,,PROJECT_OWNED,false,true,POLICY_REVIEWED,,,GENERAL_INFORMATION,INFORMATIONAL,0,true,APP_EVENT_TYPE,true,POLICY_APPROVED_V05,0.4,1
V05_DIVERSITY_057,네이버,synthetic.v05.naver,새 소식,이용 기록과 관련된 일반 소식이 올라왔습니다.,0,general_information,v05_general_information_03,CLEAR,v05_general_information_diversity,msg,false,25,REVIEW,false,true,SYNTHETIC_DIVERSITY_REVIEWED,0.6,v0.5_diverse_korean_notification_templates,,PROJECT_OWNED,false,true,POLICY_REVIEWED,,,GENERAL_INFORMATION,INFORMATIONAL,0,true,APP_EVENT_TYPE,true,POLICY_APPROVED_V05,0.4,3
V05_DIVERSITY_058,Notion,synthetic.v05.notion,새 소식,공유 문서과 관련된 일반 소식이 올라왔습니다.,0,general_information,v05_general_information_03,CLEAR,v05_general_information_diversity,msg,false,25,REVIEW,false,true,SYNTHETIC_DIVERSITY_REVIEWED,0.6,v0.5_diverse_korean_notification_templates,,PROJECT_OWNED,false,true,POLICY_REVIEWED,,,GENERAL_INFORMATION,INFORMATIONAL,0,true,APP_EVENT_TYPE,true,POLICY_APPROVED_V05,0.4,3
V05_DIVERSITY_059,에브리타임,synthetic.v05.everytime,새 소식,학교 소식과 관련된 일반 소식이 올라왔습니다.,0,general_information,v05_general_information_03,CLEAR,v05_general_information_diversity,msg,false,25,REVIEW,false,true,SYNTHETIC_DIVERSITY_REVIEWED,0.6,v0.5_diverse_korean_notification_templates,,PROJECT_OWNED,false,true,POLICY_REVIEWED,,,GENERAL_INFORMATION,INFORMATIONAL,0,true,APP_EVENT_TYPE,true,POLICY_APPROVED_V05,0.4,3
V05_DIVERSITY_060,SmartThings,synthetic.v05.smartthings,새 소식,기기 상태과 관련된 일반 소식이 올라왔습니다.,0,general_information,v05_general_information_03,CLEAR,v05_general_information_diversity,msg,false,25,REVIEW,false,true,SYNTHETIC_DIVERSITY_REVIEWED,0.6,v0.5_diverse_korean_notification_templates,,PROJECT_OWNED,false,true,POLICY_REVIEWED,,,GENERAL_INFORMATION,INFORMATIONAL,0,true,APP_EVENT_TYPE,true,POLICY_APPROVED_V05,0.4,3
V05_DIVERSITY_061,네이버,synthetic.v05.naver,이용 내역,이용 기록의 지난 이용 내역을 확인할 수 있습니다.,0,general_information,v05_general_information_04,CLEAR,v05_general_information_diversity,msg,false,25,REVIEW,false,true,SYNTHETIC_DIVERSITY_REVIEWED,0.6,v0.5_diverse_korean_notification_templates,,PROJECT_OWNED,false,true,POLICY_REVIEWED,,,GENERAL_INFORMATION,INFORMATIONAL,0,true,APP_EVENT_TYPE,true,POLICY_APPROVED_V05,0.4,0
V05_DIVERSITY_062,Notion,synthetic.v05.notion,이용 내역,공유 문서의 지난 이용 내역을 확인할 수 있습니다.,0,general_information,v05_general_information_04,CLEAR,v05_general_information_diversity,msg,false,25,REVIEW,false,true,SYNTHETIC_DIVERSITY_REVIEWED,0.6,v0.5_diverse_korean_notification_templates,,PROJECT_OWNED,false,true,POLICY_REVIEWED,,,GENERAL_INFORMATION,INFORMATIONAL,0,true,APP_EVENT_TYPE,true,POLICY_APPROVED_V05,0.4,0
V05_DIVERSITY_063,에브리타임,synthetic.v05.everytime,이용 내역,학교 소식의 지난 이용 내역을 확인할 수 있습니다.,0,general_information,v05_general_information_04,CLEAR,v05_general_information_diversity,msg,false,25,REVIEW,false,true,SYNTHETIC_DIVERSITY_REVIEWED,0.6,v0.5_diverse_korean_notification_templates,,PROJECT_OWNED,false,true,POLICY_REVIEWED,,,GENERAL_INFORMATION,INFORMATIONAL,0,true,APP_EVENT_TYPE,true,POLICY_APPROVED_V05,0.4,0
V05_DIVERSITY_064,SmartThings,synthetic.v05.smartthings,이용 내역,기기 상태의 지난 이용 내역을 확인할 수 있습니다.,0,general_information,v05_general_information_04,CLEAR,v05_general_information_diversity,msg,false,25,REVIEW,false,true,SYNTHETIC_DIVERSITY_REVIEWED,0.6,v0.5_diverse_korean_notification_templates,,PROJECT_OWNED,false,true,POLICY_REVIEWED,,,GENERAL_INFORMATION,INFORMATIONAL,0,true,APP_EVENT_TYPE,true,POLICY_APPROVED_V05,0.4,0
V05_DIVERSITY_065,네이버,synthetic.v05.naver,공지 등록,이용 기록에 새로운 공지가 등록되었습니다.,0,general_information,v05_general_information_05,CLEAR,v05_general_information_diversity,msg,false,25,REVIEW,false,true,SYNTHETIC_DIVERSITY_REVIEWED,0.6,v0.5_diverse_korean_notification_templates,,PROJECT_OWNED,false,true,POLICY_REVIEWED,,,GENERAL_INFORMATION,INFORMATIONAL,0,true,APP_EVENT_TYPE,true,POLICY_APPROVED_V05,0.4,3
V05_DIVERSITY_066,Notion,synthetic.v05.notion,공지 등록,공유 문서에 새로운 공지가 등록되었습니다.,0,general_information,v05_general_information_05,CLEAR,v05_general_information_diversity,msg,false,25,REVIEW,false,true,SYNTHETIC_DIVERSITY_REVIEWED,0.6,v0.5_diverse_korean_notification_templates,,PROJECT_OWNED,false,true,POLICY_REVIEWED,,,GENERAL_INFORMATION,INFORMATIONAL,0,true,APP_EVENT_TYPE,true,POLICY_APPROVED_V05,0.4,3
V05_DIVERSITY_067,에브리타임,synthetic.v05.everytime,공지 등록,학교 소식에 새로운 공지가 등록되었습니다.,0,general_information,v05_general_information_05,CLEAR,v05_general_information_diversity,msg,false,25,REVIEW,false,true,SYNTHETIC_DIVERSITY_REVIEWED,0.6,v0.5_diverse_korean_notification_templates,,PROJECT_OWNED,false,true,POLICY_REVIEWED,,,GENERAL_INFORMATION,INFORMATIONAL,0,true,APP_EVENT_TYPE,true,POLICY_APPROVED_V05,0.4,3
V05_DIVERSITY_068,SmartThings,synthetic.v05.smartthings,공지 등록,기기 상태에 새로운 공지가 등록되었습니다.,0,general_information,v05_general_information_05,CLEAR,v05_general_information_diversity,msg,false,25,REVIEW,false,true,SYNTHETIC_DIVERSITY_REVIEWED,0.6,v0.5_diverse_korean_notification_templates,,PROJECT_OWNED,false,true,POLICY_REVIEWED,,,GENERAL_INFORMATION,INFORMATIONAL,0,true,APP_EVENT_TYPE,true,POLICY_APPROVED_V05,0.4,3
V05_DIVERSITY_069,네이버,synthetic.v05.naver,상태 안내,이용 기록이 정상 상태로 유지되고 있습니다.,0,general_information,v05_general_information_06,CLEAR,v05_general_information_diversity,msg,false,25,REVIEW,false,true,SYNTHETIC_DIVERSITY_REVIEWED,0.6,v0.5_diverse_korean_notification_templates,,PROJECT_OWNED,false,true,POLICY_REVIEWED,,,GENERAL_INFORMATION,INFORMATIONAL,0,true,APP_EVENT_TYPE,true,POLICY_APPROVED_V05,0.4,0
V05_DIVERSITY_070,Notion,synthetic.v05.notion,상태 안내,공유 문서이 정상 상태로 유지되고 있습니다.,0,general_information,v05_general_information_06,CLEAR,v05_general_information_diversity,msg,false,25,REVIEW,false,true,SYNTHETIC_DIVERSITY_REVIEWED,0.6,v0.5_diverse_korean_notification_templates,,PROJECT_OWNED,false,true,POLICY_REVIEWED,,,GENERAL_INFORMATION,INFORMATIONAL,0,true,APP_EVENT_TYPE,true,POLICY_APPROVED_V05,0.4,0
V05_DIVERSITY_071,에브리타임,synthetic.v05.everytime,상태 안내,학교 소식이 정상 상태로 유지되고 있습니다.,0,general_information,v05_general_information_06,CLEAR,v05_general_information_diversity,msg,false,25,REVIEW,false,true,SYNTHETIC_DIVERSITY_REVIEWED,0.6,v0.5_diverse_korean_notification_templates,,PROJECT_OWNED,false,true,POLICY_REVIEWED,,,GENERAL_INFORMATION,INFORMATIONAL,0,true,APP_EVENT_TYPE,true,POLICY_APPROVED_V05,0.4,0
V05_DIVERSITY_072,SmartThings,synthetic.v05.smartthings,상태 안내,기기 상태이 정상 상태로 유지되고 있습니다.,0,general_information,v05_general_information_06,CLEAR,v05_general_information_diversity,msg,false,25,REVIEW,false,true,SYNTHETIC_DIVERSITY_REVIEWED,0.6,v0.5_diverse_korean_notification_templates,,PROJECT_OWNED,false,true,POLICY_REVIEWED,,,GENERAL_INFORMATION,INFORMATIONAL,0,true,APP_EVENT_TYPE,true,POLICY_APPROVED_V05,0.4,0
V05_DIVERSITY_073,네이버,synthetic.v05.naver,문서 공유,이용 기록의 읽기 전용 문서가 공유되었습니다.,0,general_information,v05_general_information_07,CLEAR,v05_general_information_diversity,msg,false,25,REVIEW,false,true,SYNTHETIC_DIVERSITY_REVIEWED,0.6,v0.5_diverse_korean_notification_templates,,PROJECT_OWNED,false,true,POLICY_REVIEWED,,,GENERAL_INFORMATION,INFORMATIONAL,0,true,APP_EVENT_TYPE,true,POLICY_APPROVED_V05,0.4,2
V05_DIVERSITY_074,Notion,synthetic.v05.notion,문서 공유,공유 문서의 읽기 전용 문서가 공유되었습니다.,0,general_information,v05_general_information_07,CLEAR,v05_general_information_diversity,msg,false,25,REVIEW,false,true,SYNTHETIC_DIVERSITY_REVIEWED,0.6,v0.5_diverse_korean_notification_templates,,PROJECT_OWNED,false,true,POLICY_REVIEWED,,,GENERAL_INFORMATION,INFORMATIONAL,0,true,APP_EVENT_TYPE,true,POLICY_APPROVED_V05,0.4,2
V05_DIVERSITY_075,에브리타임,synthetic.v05.everytime,문서 공유,학교 소식의 읽기 전용 문서가 공유되었습니다.,0,general_information,v05_general_information_07,CLEAR,v05_general_information_diversity,msg,false,25,REVIEW,false,true,SYNTHETIC_DIVERSITY_REVIEWED,0.6,v0.5_diverse_korean_notification_templates,,PROJECT_OWNED,false,true,POLICY_REVIEWED,,,GENERAL_INFORMATION,INFORMATIONAL,0,true,APP_EVENT_TYPE,true,POLICY_APPROVED_V05,0.4,2
V05_DIVERSITY_076,SmartThings,synthetic.v05.smartthings,문서 공유,기기 상태의 읽기 전용 문서가 공유되었습니다.,0,general_information,v05_general_information_07,CLEAR,v05_general_information_diversity,msg,false,25,REVIEW,false,true,SYNTHETIC_DIVERSITY_REVIEWED,0.6,v0.5_diverse_korean_notification_templates,,PROJECT_OWNED,false,true,POLICY_REVIEWED,,,GENERAL_INFORMATION,INFORMATIONAL,0,true,APP_EVENT_TYPE,true,POLICY_APPROVED_V05,0.4,2
V05_DIVERSITY_077,네이버,synthetic.v05.naver,월간 리포트,이용 기록의 이번 달 리포트가 생성되었습니다.,0,general_information,v05_general_information_08,CLEAR,v05_general_information_diversity,msg,false,25,REVIEW,false,true,SYNTHETIC_DIVERSITY_REVIEWED,0.6,v0.5_diverse_korean_notification_templates,,PROJECT_OWNED,false,true,POLICY_REVIEWED,,,GENERAL_INFORMATION,INFORMATIONAL,0,true,APP_EVENT_TYPE,true,POLICY_APPROVED_V05,0.4,1
V05_DIVERSITY_078,Notion,synthetic.v05.notion,월간 리포트,공유 문서의 이번 달 리포트가 생성되었습니다.,0,general_information,v05_general_information_08,CLEAR,v05_general_information_diversity,msg,false,25,REVIEW,false,true,SYNTHETIC_DIVERSITY_REVIEWED,0.6,v0.5_diverse_korean_notification_templates,,PROJECT_OWNED,false,true,POLICY_REVIEWED,,,GENERAL_INFORMATION,INFORMATIONAL,0,true,APP_EVENT_TYPE,true,POLICY_APPROVED_V05,0.4,1
V05_DIVERSITY_079,에브리타임,synthetic.v05.everytime,월간 리포트,학교 소식의 이번 달 리포트가 생성되었습니다.,0,general_information,v05_general_information_08,CLEAR,v05_general_information_diversity,msg,false,25,REVIEW,false,true,SYNTHETIC_DIVERSITY_REVIEWED,0.6,v0.5_diverse_korean_notification_templates,,PROJECT_OWNED,false,true,POLICY_REVIEWED,,,GENERAL_INFORMATION,INFORMATIONAL,0,true,APP_EVENT_TYPE,true,POLICY_APPROVED_V05,0.4,1
V05_DIVERSITY_080,SmartThings,synthetic.v05.smartthings,월간 리포트,기기 상태의 이번 달 리포트가 생성되었습니다.,0,general_information,v05_general_information_08,CLEAR,v05_general_information_diversity,msg,false,25,REVIEW,false,true,SYNTHETIC_DIVERSITY_REVIEWED,0.6,v0.5_diverse_korean_notification_templates,,PROJECT_OWNED,false,true,POLICY_REVIEWED,,,GENERAL_INFORMATION,INFORMATIONAL,0,true,APP_EVENT_TYPE,true,POLICY_APPROVED_V05,0.4,1
V05_DIVERSITY_081,토스,synthetic.v05.toss,처리 실패,자동이체 처리가 실패했습니다. 다시 확인해주세요.,1,diverse_action,v05_diverse_action_01,CLEAR,v05_diverse_action_diversity,msg,false,30,REVIEW,false,true,SYNTHETIC_DIVERSITY_REVIEWED,0.6,v0.5_diverse_korean_notification_templates,,PROJECT_OWNED,false,true,POLICY_REVIEWED,,,USER_ACTION,ACTION_REQUIRED,1,false,NONE,true,POLICY_APPROVED_V05,0.4,4
V05_DIVERSITY_082,쿠팡,synthetic.v05.coupang,처리 실패,상품 주문 처리가 실패했습니다. 다시 확인해주세요.,1,diverse_action,v05_diverse_action_01,CLEAR,v05_diverse_action_diversity,msg,false,30,REVIEW,false,true,SYNTHETIC_DIVERSITY_REVIEWED,0.6,v0.5_diverse_korean_notification_templates,,PROJECT_OWNED,false,true,POLICY_REVIEWED,,,USER_ACTION,ACTION_REQUIRED,1,false,NONE,true,POLICY_APPROVED_V05,0.4,4
V05_DIVERSITY_083,정부24,synthetic.v05.gov24,처리 실패,민원 신청 처리가 실패했습니다. 다시 확인해주세요.,1,diverse_action,v05_diverse_action_01,CLEAR,v05_diverse_action_diversity,msg,false,30,REVIEW,false,true,SYNTHETIC_DIVERSITY_REVIEWED,0.6,v0.5_diverse_korean_notification_templates,,PROJECT_OWNED,false,true,POLICY_REVIEWED,,,USER_ACTION,ACTION_REQUIRED,1,false,NONE,true,POLICY_APPROVED_V05,0.4,4
V05_DIVERSITY_084,Slack,synthetic.v05.slack,처리 실패,업무 요청 처리가 실패했습니다. 다시 확인해주세요.,1,diverse_action,v05_diverse_action_01,CLEAR,v05_diverse_action_diversity,msg,false,30,REVIEW,false,true,SYNTHETIC_DIVERSITY_REVIEWED,0.6,v0.5_diverse_korean_notification_templates,,PROJECT_OWNED,false,true,POLICY_REVIEWED,,,USER_ACTION,ACTION_REQUIRED,1,false,NONE,true,POLICY_APPROVED_V05,0.4,4
V05_DIVERSITY_085,토스,synthetic.v05.toss,보안 확인,새로운 기기에서 자동이체 변경이 감지되었습니다. 본인이 아니라면 확인해주세요.,1,diverse_action,v05_diverse_action_02,CLEAR,v05_diverse_action_diversity,msg,false,30,REVIEW,false,true,SYNTHETIC_DIVERSITY_REVIEWED,0.6,v0.5_diverse_korean_notification_templates,,PROJECT_OWNED,false,true,POLICY_REVIEWED,,,USER_ACTION,ACTION_REQUIRED,1,false,NONE,true,POLICY_APPROVED_V05,0.4,0
V05_DIVERSITY_086,쿠팡,synthetic.v05.coupang,보안 확인,새로운 기기에서 상품 주문 변경이 감지되었습니다. 본인이 아니라면 확인해주세요.,1,diverse_action,v05_diverse_action_02,CLEAR,v05_diverse_action_diversity,msg,false,30,REVIEW,false,true,SYNTHETIC_DIVERSITY_REVIEWED,0.6,v0.5_diverse_korean_notification_templates,,PROJECT_OWNED,false,true,POLICY_REVIEWED,,,USER_ACTION,ACTION_REQUIRED,1,false,NONE,true,POLICY_APPROVED_V05,0.4,0
V05_DIVERSITY_087,정부24,synthetic.v05.gov24,보안 확인,새로운 기기에서 민원 신청 변경이 감지되었습니다. 본인이 아니라면 확인해주세요.,1,diverse_action,v05_diverse_action_02,CLEAR,v05_diverse_action_diversity,msg,false,30,REVIEW,false,true,SYNTHETIC_DIVERSITY_REVIEWED,0.6,v0.5_diverse_korean_notification_templates,,PROJECT_OWNED,false,true,POLICY_REVIEWED,,,USER_ACTION,ACTION_REQUIRED,1,false,NONE,true,POLICY_APPROVED_V05,0.4,0
V05_DIVERSITY_088,Slack,synthetic.v05.slack,보안 확인,새로운 기기에서 업무 요청 변경이 감지되었습니다. 본인이 아니라면 확인해주세요.,1,diverse_action,v05_diverse_action_02,CLEAR,v05_diverse_action_diversity,msg,false,30,REVIEW,false,true,SYNTHETIC_DIVERSITY_REVIEWED,0.6,v0.5_diverse_korean_notification_templates,,PROJECT_OWNED,false,true,POLICY_REVIEWED,,,USER_ACTION,ACTION_REQUIRED,1,false,NONE,true,POLICY_APPROVED_V05,0.4,0
V05_DIVERSITY_089,토스,synthetic.v05.toss,오늘까지 필요,자동이체 관련 제출이 오늘 마감됩니다. 완료해주세요.,1,diverse_action,v05_diverse_action_03,CLEAR,v05_diverse_action_diversity,msg,false,30,REVIEW,false,true,SYNTHETIC_DIVERSITY_REVIEWED,0.6,v0.5_diverse_korean_notification_templates,,PROJECT_OWNED,false,true,POLICY_REVIEWED,,,USER_ACTION,ACTION_REQUIRED,1,false,NONE,true,POLICY_APPROVED_V05,0.4,0
V05_DIVERSITY_090,쿠팡,synthetic.v05.coupang,오늘까지 필요,상품 주문 관련 제출이 오늘 마감됩니다. 완료해주세요.,1,diverse_action,v05_diverse_action_03,CLEAR,v05_diverse_action_diversity,msg,false,30,REVIEW,false,true,SYNTHETIC_DIVERSITY_REVIEWED,0.6,v0.5_diverse_korean_notification_templates,,PROJECT_OWNED,false,true,POLICY_REVIEWED,,,USER_ACTION,ACTION_REQUIRED,1,false,NONE,true,POLICY_APPROVED_V05,0.4,0
V05_DIVERSITY_091,정부24,synthetic.v05.gov24,오늘까지 필요,민원 신청 관련 제출이 오늘 마감됩니다. 완료해주세요.,1,diverse_action,v05_diverse_action_03,CLEAR,v05_diverse_action_diversity,msg,false,30,REVIEW,false,true,SYNTHETIC_DIVERSITY_REVIEWED,0.6,v0.5_diverse_korean_notification_templates,,PROJECT_OWNED,false,true,POLICY_REVIEWED,,,USER_ACTION,ACTION_REQUIRED,1,false,NONE,true,POLICY_APPROVED_V05,0.4,0
V05_DIVERSITY_092,Slack,synthetic.v05.slack,오늘까지 필요,업무 요청 관련 제출이 오늘 마감됩니다. 완료해주세요.,1,diverse_action,v05_diverse_action_03,CLEAR,v05_diverse_action_diversity,msg,false,30,REVIEW,false,true,SYNTHETIC_DIVERSITY_REVIEWED,0.6,v0.5_diverse_korean_notification_templates,,PROJECT_OWNED,false,true,POLICY_REVIEWED,,,USER_ACTION,ACTION_REQUIRED,1,false,NONE,true,POLICY_APPROVED_V05,0.4,0
V05_DIVERSITY_093,토스,synthetic.v05.toss,정보 확인 요청,자동이체 정보가 부족해 처리가 중단되었습니다. 내용을 입력해주세요.,1,diverse_action,v05_diverse_action_04,CLEAR,v05_diverse_action_diversity,msg,false,30,REVIEW,false,true,SYNTHETIC_DIVERSITY_REVIEWED,0.6,v0.5_diverse_korean_notification_templates,,PROJECT_OWNED,false,true,POLICY_REVIEWED,,,USER_ACTION,ACTION_REQUIRED,1,false,NONE,true,POLICY_APPROVED_V05,0.4,4
V05_DIVERSITY_094,쿠팡,synthetic.v05.coupang,정보 확인 요청,상품 주문 정보가 부족해 처리가 중단되었습니다. 내용을 입력해주세요.,1,diverse_action,v05_diverse_action_04,CLEAR,v05_diverse_action_diversity,msg,false,30,REVIEW,false,true,SYNTHETIC_DIVERSITY_REVIEWED,0.6,v0.5_diverse_korean_notification_templates,,PROJECT_OWNED,false,true,POLICY_REVIEWED,,,USER_ACTION,ACTION_REQUIRED,1,false,NONE,true,POLICY_APPROVED_V05,0.4,4
V05_DIVERSITY_095,정부24,synthetic.v05.gov24,정보 확인 요청,민원 신청 정보가 부족해 처리가 중단되었습니다. 내용을 입력해주세요.,1,diverse_action,v05_diverse_action_04,CLEAR,v05_diverse_action_diversity,msg,false,30,REVIEW,false,true,SYNTHETIC_DIVERSITY_REVIEWED,0.6,v0.5_diverse_korean_notification_templates,,PROJECT_OWNED,false,true,POLICY_REVIEWED,,,USER_ACTION,ACTION_REQUIRED,1,false,NONE,true,POLICY_APPROVED_V05,0.4,4
V05_DIVERSITY_096,Slack,synthetic.v05.slack,정보 확인 요청,업무 요청 정보가 부족해 처리가 중단되었습니다. 내용을 입력해주세요.,1,diverse_action,v05_diverse_action_04,CLEAR,v05_diverse_action_diversity,msg,false,30,REVIEW,false,true,SYNTHETIC_DIVERSITY_REVIEWED,0.6,v0.5_diverse_korean_notification_templates,,PROJECT_OWNED,false,true,POLICY_REVIEWED,,,USER_ACTION,ACTION_REQUIRED,1,false,NONE,true,POLICY_APPROVED_V05,0.4,4
V05_DIVERSITY_097,토스,synthetic.v05.toss,승인 요청,자동이체에 대한 승인이 필요합니다. 요청을 확인해주세요.,1,diverse_action,v05_diverse_action_05,CLEAR,v05_diverse_action_diversity,msg,false,30,REVIEW,false,true,SYNTHETIC_DIVERSITY_REVIEWED,0.6,v0.5_diverse_korean_notification_templates,,PROJECT_OWNED,false,true,POLICY_REVIEWED,,,USER_ACTION,ACTION_REQUIRED,1,false,NONE,true,POLICY_APPROVED_V05,0.4,4
V05_DIVERSITY_098,쿠팡,synthetic.v05.coupang,승인 요청,상품 주문에 대한 승인이 필요합니다. 요청을 확인해주세요.,1,diverse_action,v05_diverse_action_05,CLEAR,v05_diverse_action_diversity,msg,false,30,REVIEW,false,true,SYNTHETIC_DIVERSITY_REVIEWED,0.6,v0.5_diverse_korean_notification_templates,,PROJECT_OWNED,false,true,POLICY_REVIEWED,,,USER_ACTION,ACTION_REQUIRED,1,false,NONE,true,POLICY_APPROVED_V05,0.4,4
V05_DIVERSITY_099,정부24,synthetic.v05.gov24,승인 요청,민원 신청에 대한 승인이 필요합니다. 요청을 확인해주세요.,1,diverse_action,v05_diverse_action_05,CLEAR,v05_diverse_action_diversity,msg,false,30,REVIEW,false,true,SYNTHETIC_DIVERSITY_REVIEWED,0.6,v0.5_diverse_korean_notification_templates,,PROJECT_OWNED,false,true,POLICY_REVIEWED,,,USER_ACTION,ACTION_REQUIRED,1,false,NONE,true,POLICY_APPROVED_V05,0.4,4
V05_DIVERSITY_100,Slack,synthetic.v05.slack,승인 요청,업무 요청에 대한 승인이 필요합니다. 요청을 확인해주세요.,1,diverse_action,v05_diverse_action_05,CLEAR,v05_diverse_action_diversity,msg,false,30,REVIEW,false,true,SYNTHETIC_DIVERSITY_REVIEWED,0.6,v0.5_diverse_korean_notification_templates,,PROJECT_OWNED,false,true,POLICY_REVIEWED,,,USER_ACTION,ACTION_REQUIRED,1,false,NONE,true,POLICY_APPROVED_V05,0.4,4
V05_DIVERSITY_101,토스,synthetic.v05.toss,계정 이용 제한,자동이체 문제로 계정 이용이 제한되었습니다. 본인 확인이 필요합니다.,1,diverse_action,v05_diverse_action_06,CLEAR,v05_diverse_action_diversity,msg,false,30,REVIEW,false,true,SYNTHETIC_DIVERSITY_REVIEWED,0.6,v0.5_diverse_korean_notification_templates,,PROJECT_OWNED,false,true,POLICY_REVIEWED,,,USER_ACTION,ACTION_REQUIRED,1,false,NONE,true,POLICY_APPROVED_V05,0.4,4
V05_DIVERSITY_102,쿠팡,synthetic.v05.coupang,계정 이용 제한,상품 주문 문제로 계정 이용이 제한되었습니다. 본인 확인이 필요합니다.,1,diverse_action,v05_diverse_action_06,CLEAR,v05_diverse_action_diversity,msg,false,30,REVIEW,false,true,SYNTHETIC_DIVERSITY_REVIEWED,0.6,v0.5_diverse_korean_notification_templates,,PROJECT_OWNED,false,true,POLICY_REVIEWED,,,USER_ACTION,ACTION_REQUIRED,1,false,NONE,true,POLICY_APPROVED_V05,0.4,4
V05_DIVERSITY_103,정부24,synthetic.v05.gov24,계정 이용 제한,민원 신청 문제로 계정 이용이 제한되었습니다. 본인 확인이 필요합니다.,1,diverse_action,v05_diverse_action_06,CLEAR,v05_diverse_action_diversity,msg,false,30,REVIEW,false,true,SYNTHETIC_DIVERSITY_REVIEWED,0.6,v0.5_diverse_korean_notification_templates,,PROJECT_OWNED,false,true,POLICY_REVIEWED,,,USER_ACTION,ACTION_REQUIRED,1,false,NONE,true,POLICY_APPROVED_V05,0.4,4
V05_DIVERSITY_104,Slack,synthetic.v05.slack,계정 이용 제한,업무 요청 문제로 계정 이용이 제한되었습니다. 본인 확인이 필요합니다.,1,diverse_action,v05_diverse_action_06,CLEAR,v05_diverse_action_diversity,msg,false,30,REVIEW,false,true,SYNTHETIC_DIVERSITY_REVIEWED,0.6,v0.5_diverse_korean_notification_templates,,PROJECT_OWNED,false,true,POLICY_REVIEWED,,,USER_ACTION,ACTION_REQUIRED,1,false,NONE,true,POLICY_APPROVED_V05,0.4,4
V05_DIVERSITY_105,토스,synthetic.v05.toss,환불 오류,자동이체 환불이 완료되지 않았습니다. 계좌 정보를 확인해주세요.,1,diverse_action,v05_diverse_action_07,CLEAR,v05_diverse_action_diversity,msg,false,30,REVIEW,false,true,SYNTHETIC_DIVERSITY_REVIEWED,0.6,v0.5_diverse_korean_notification_templates,,PROJECT_OWNED,false,true,POLICY_REVIEWED,,,USER_ACTION,ACTION_REQUIRED,1,false,NONE,true,POLICY_APPROVED_V05,0.4,1
V05_DIVERSITY_106,쿠팡,synthetic.v05.coupang,환불 오류,상품 주문 환불이 완료되지 않았습니다. 계좌 정보를 확인해주세요.,1,diverse_action,v05_diverse_action_07,CLEAR,v05_diverse_action_diversity,msg,false,30,REVIEW,false,true,SYNTHETIC_DIVERSITY_REVIEWED,0.6,v0.5_diverse_korean_notification_templates,,PROJECT_OWNED,false,true,POLICY_REVIEWED,,,USER_ACTION,ACTION_REQUIRED,1,false,NONE,true,POLICY_APPROVED_V05,0.4,1
V05_DIVERSITY_107,정부24,synthetic.v05.gov24,환불 오류,민원 신청 환불이 완료되지 않았습니다. 계좌 정보를 확인해주세요.,1,diverse_action,v05_diverse_action_07,CLEAR,v05_diverse_action_diversity,msg,false,30,REVIEW,false,true,SYNTHETIC_DIVERSITY_REVIEWED,0.6,v0.5_diverse_korean_notification_templates,,PROJECT_OWNED,false,true,POLICY_REVIEWED,,,USER_ACTION,ACTION_REQUIRED,1,false,NONE,true,POLICY_APPROVED_V05,0.4,1
V05_DIVERSITY_108,Slack,synthetic.v05.slack,환불 오류,업무 요청 환불이 완료되지 않았습니다. 계좌 정보를 확인해주세요.,1,diverse_action,v05_diverse_action_07,CLEAR,v05_diverse_action_diversity,msg,false,30,REVIEW,false,true,SYNTHETIC_DIVERSITY_REVIEWED,0.6,v0.5_diverse_korean_notification_templates,,PROJECT_OWNED,false,true,POLICY_REVIEWED,,,USER_ACTION,ACTION_REQUIRED,1,false,NONE,true,POLICY_APPROVED_V05,0.4,1
V05_DIVERSITY_109,토스,synthetic.v05.toss,예약 확인 필요,자동이체 예약을 유지하려면 오늘 안에 확인해주세요.,1,diverse_action,v05_diverse_action_08,CLEAR,v05_diverse_action_diversity,msg,false,30,REVIEW,false,true,SYNTHETIC_DIVERSITY_REVIEWED,0.6,v0.5_diverse_korean_notification_templates,,PROJECT_OWNED,false,true,POLICY_REVIEWED,,,USER_ACTION,ACTION_REQUIRED,1,false,NONE,true,POLICY_APPROVED_V05,0.4,3
V05_DIVERSITY_110,쿠팡,synthetic.v05.coupang,예약 확인 필요,상품 주문 예약을 유지하려면 오늘 안에 확인해주세요.,1,diverse_action,v05_diverse_action_08,CLEAR,v05_diverse_action_diversity,msg,false,30,REVIEW,false,true,SYNTHETIC_DIVERSITY_REVIEWED,0.6,v0.5_diverse_korean_notification_templates,,PROJECT_OWNED,false,true,POLICY_REVIEWED,,,USER_ACTION,ACTION_REQUIRED,1,false,NONE,true,POLICY_APPROVED_V05,0.4,3
V05_DIVERSITY_111,정부24,synthetic.v05.gov24,예약 확인 필요,민원 신청 예약을 유지하려면 오늘 안에 확인해주세요.,1,diverse_action,v05_diverse_action_08,CLEAR,v05_diverse_action_diversity,msg,false,30,REVIEW,false,true,SYNTHETIC_DIVERSITY_REVIEWED,0.6,v0.5_diverse_korean_notification_templates,,PROJECT_OWNED,false,true,POLICY_REVIEWED,,,USER_ACTION,ACTION_REQUIRED,1,false,NONE,true,POLICY_APPROVED_V05,0.4,3
V05_DIVERSITY_112,Slack,synthetic.v05.slack,예약 확인 필요,업무 요청 예약을 유지하려면 오늘 안에 확인해주세요.,1,diverse_action,v05_diverse_action_08,CLEAR,v05_diverse_action_diversity,msg,false,30,REVIEW,false,true,SYNTHETIC_DIVERSITY_REVIEWED,0.6,v0.5_diverse_korean_notification_templates,,PROJECT_OWNED,false,true,POLICY_REVIEWED,,,USER_ACTION,ACTION_REQUIRED,1,false,NONE,true,POLICY_APPROVED_V05,0.4,3
V05_DIVERSITY_113,지역 소식,synthetic.v05.local_campaign,투표 참여 안내,오늘 밤 9시까지 온라인 투표가 진행됩니다. 참여를 부탁드립니다.,0,disguised_promotion,v05_disguised_promotion_01,CLEAR,v05_disguised_promotion_diversity,msg,false,25,REVIEW,false,true,SYNTHETIC_DIVERSITY_REVIEWED,0.6,v0.5_diverse_korean_notification_templates,,PROJECT_OWNED,false,true,POLICY_REVIEWED,,,PROMOTION,PROMOTIONAL,0,true,APP_EVENT_TYPE,true,POLICY_APPROVED_V05,0.4,2
V05_DIVERSITY_114,쇼핑 소식,synthetic.v05.shopping_push,투표 참여 안내,오늘 밤 9시까지 온라인 투표가 진행됩니다. 참여를 부탁드립니다.,0,disguised_promotion,v05_disguised_promotion_01,CLEAR,v05_disguised_promotion_diversity,msg,false,25,REVIEW,false,true,SYNTHETIC_DIVERSITY_REVIEWED,0.6,v0.5_diverse_korean_notification_templates,,PROJECT_OWNED,false,true,POLICY_REVIEWED,,,PROMOTION,PROMOTIONAL,0,true,APP_EVENT_TYPE,true,POLICY_APPROVED_V05,0.4,2
V05_DIVERSITY_115,카드 소식,synthetic.v05.card_push,투표 참여 안내,오늘 밤 9시까지 온라인 투표가 진행됩니다. 참여를 부탁드립니다.,0,disguised_promotion,v05_disguised_promotion_01,CLEAR,v05_disguised_promotion_diversity,msg,false,25,REVIEW,false,true,SYNTHETIC_DIVERSITY_REVIEWED,0.6,v0.5_diverse_korean_notification_templates,,PROJECT_OWNED,false,true,POLICY_REVIEWED,,,PROMOTION,PROMOTIONAL,0,true,APP_EVENT_TYPE,true,POLICY_APPROVED_V05,0.4,2
V05_DIVERSITY_116,서비스 소식,synthetic.v05.service_push,투표 참여 안내,오늘 밤 9시까지 온라인 투표가 진행됩니다. 참여를 부탁드립니다.,0,disguised_promotion,v05_disguised_promotion_01,CLEAR,v05_disguised_promotion_diversity,msg,false,25,REVIEW,false,true,SYNTHETIC_DIVERSITY_REVIEWED,0.6,v0.5_diverse_korean_notification_templates,,PROJECT_OWNED,false,true,POLICY_REVIEWED,,,PROMOTION,PROMOTIONAL,0,true,APP_EVENT_TYPE,true,POLICY_APPROVED_V05,0.4,2
V05_DIVERSITY_117,지역 소식,synthetic.v05.local_campaign,캠페인 소식,관심 있는 후보와 캠페인 소식을 확인하고 응원해주세요.,0,disguised_promotion,v05_disguised_promotion_02,CLEAR,v05_disguised_promotion_diversity,msg,false,25,REVIEW,false,true,SYNTHETIC_DIVERSITY_REVIEWED,0.6,v0.5_diverse_korean_notification_templates,,PROJECT_OWNED,false,true,POLICY_REVIEWED,,,PROMOTION,PROMOTIONAL,0,true,APP_EVENT_TYPE,true,POLICY_APPROVED_V05,0.4,0
V05_DIVERSITY_118,쇼핑 소식,synthetic.v05.shopping_push,캠페인 소식,관심 있는 후보와 캠페인 소식을 확인하고 응원해주세요.,0,disguised_promotion,v05_disguised_promotion_02,CLEAR,v05_disguised_promotion_diversity,msg,false,25,REVIEW,false,true,SYNTHETIC_DIVERSITY_REVIEWED,0.6,v0.5_diverse_korean_notification_templates,,PROJECT_OWNED,false,true,POLICY_REVIEWED,,,PROMOTION,PROMOTIONAL,0,true,APP_EVENT_TYPE,true,POLICY_APPROVED_V05,0.4,0
V05_DIVERSITY_119,카드 소식,synthetic.v05.card_push,캠페인 소식,관심 있는 후보와 캠페인 소식을 확인하고 응원해주세요.,0,disguised_promotion,v05_disguised_promotion_02,CLEAR,v05_disguised_promotion_diversity,msg,false,25,REVIEW,false,true,SYNTHETIC_DIVERSITY_REVIEWED,0.6,v0.5_diverse_korean_notification_templates,,PROJECT_OWNED,false,true,POLICY_REVIEWED,,,PROMOTION,PROMOTIONAL,0,true,APP_EVENT_TYPE,true,POLICY_APPROVED_V05,0.4,0
V05_DIVERSITY_120,서비스 소식,synthetic.v05.service_push,캠페인 소식,관심 있는 후보와 캠페인 소식을 확인하고 응원해주세요.,0,disguised_promotion,v05_disguised_promotion_02,CLEAR,v05_disguised_promotion_diversity,msg,false,25,REVIEW,false,true,SYNTHETIC_DIVERSITY_REVIEWED,0.6,v0.5_diverse_korean_notification_templates,,PROJECT_OWNED,false,true,POLICY_REVIEWED,,,PROMOTION,PROMOTIONAL,0,true,APP_EVENT_TYPE,true,POLICY_APPROVED_V05,0.4,0
V05_DIVERSITY_121,지역 소식,synthetic.v05.local_campaign,지역 참여 요청,우리 지역 설문과 홍보 활동에 참여해주세요.,0,disguised_promotion,v05_disguised_promotion_03,CLEAR,v05_disguised_promotion_diversity,msg,false,25,REVIEW,false,true,SYNTHETIC_DIVERSITY_REVIEWED,0.6,v0.5_diverse_korean_notification_templates,,PROJECT_OWNED,false,true,POLICY_REVIEWED,,,PROMOTION,PROMOTIONAL,0,true,APP_EVENT_TYPE,true,POLICY_APPROVED_V05,0.4,1
V05_DIVERSITY_122,쇼핑 소식,synthetic.v05.shopping_push,지역 참여 요청,우리 지역 설문과 홍보 활동에 참여해주세요.,0,disguised_promotion,v05_disguised_promotion_03,CLEAR,v05_disguised_promotion_diversity,msg,false,25,REVIEW,false,true,SYNTHETIC_DIVERSITY_REVIEWED,0.6,v0.5_diverse_korean_notification_templates,,PROJECT_OWNED,false,true,POLICY_REVIEWED,,,PROMOTION,PROMOTIONAL,0,true,APP_EVENT_TYPE,true,POLICY_APPROVED_V05,0.4,1
V05_DIVERSITY_123,카드 소식,synthetic.v05.card_push,지역 참여 요청,우리 지역 설문과 홍보 활동에 참여해주세요.,0,disguised_promotion,v05_disguised_promotion_03,CLEAR,v05_disguised_promotion_diversity,msg,false,25,REVIEW,false,true,SYNTHETIC_DIVERSITY_REVIEWED,0.6,v0.5_diverse_korean_notification_templates,,PROJECT_OWNED,false,true,POLICY_REVIEWED,,,PROMOTION,PROMOTIONAL,0,true,APP_EVENT_TYPE,true,POLICY_APPROVED_V05,0.4,1
V05_DIVERSITY_124,서비스 소식,synthetic.v05.service_push,지역 참여 요청,우리 지역 설문과 홍보 활동에 참여해주세요.,0,disguised_promotion,v05_disguised_promotion_03,CLEAR,v05_disguised_promotion_diversity,msg,false,25,REVIEW,false,true,SYNTHETIC_DIVERSITY_REVIEWED,0.6,v0.5_diverse_korean_notification_templates,,PROJECT_OWNED,false,true,POLICY_REVIEWED,,,PROMOTION,PROMOTIONAL,0,true,APP_EVENT_TYPE,true,POLICY_APPROVED_V05,0.4,1
V05_DIVERSITY_125,지역 소식,synthetic.v05.local_campaign,멀티미디어 메시지,"메시지 크기 12KB, 콘텐츠 만료는 이번 주 금요일 오후 6시입니다.",0,disguised_promotion,v05_disguised_promotion_04,CLEAR,v05_disguised_promotion_diversity,msg,false,25,REVIEW,false,true,SYNTHETIC_DIVERSITY_REVIEWED,0.6,v0.5_diverse_korean_notification_templates,,PROJECT_OWNED,false,true,POLICY_REVIEWED,,,PROMOTION,PROMOTIONAL,0,true,APP_EVENT_TYPE,true,POLICY_APPROVED_V05,0.4,1
V05_DIVERSITY_126,쇼핑 소식,synthetic.v05.shopping_push,멀티미디어 메시지,"메시지 크기 12KB, 콘텐츠 만료는 이번 주 금요일 오후 6시입니다.",0,disguised_promotion,v05_disguised_promotion_04,CLEAR,v05_disguised_promotion_diversity,msg,false,25,REVIEW,false,true,SYNTHETIC_DIVERSITY_REVIEWED,0.6,v0.5_diverse_korean_notification_templates,,PROJECT_OWNED,false,true,POLICY_REVIEWED,,,PROMOTION,PROMOTIONAL,0,true,APP_EVENT_TYPE,true,POLICY_APPROVED_V05,0.4,1
V05_DIVERSITY_127,카드 소식,synthetic.v05.card_push,멀티미디어 메시지,"메시지 크기 12KB, 콘텐츠 만료는 이번 주 금요일 오후 6시입니다.",0,disguised_promotion,v05_disguised_promotion_04,CLEAR,v05_disguised_promotion_diversity,msg,false,25,REVIEW,false,true,SYNTHETIC_DIVERSITY_REVIEWED,0.6,v0.5_diverse_korean_notification_templates,,PROJECT_OWNED,false,true,POLICY_REVIEWED,,,PROMOTION,PROMOTIONAL,0,true,APP_EVENT_TYPE,true,POLICY_APPROVED_V05,0.4,1
V05_DIVERSITY_128,서비스 소식,synthetic.v05.service_push,멀티미디어 메시지,"메시지 크기 12KB, 콘텐츠 만료는 이번 주 금요일 오후 6시입니다.",0,disguised_promotion,v05_disguised_promotion_04,CLEAR,v05_disguised_promotion_diversity,msg,false,25,REVIEW,false,true,SYNTHETIC_DIVERSITY_REVIEWED,0.6,v0.5_diverse_korean_notification_templates,,PROJECT_OWNED,false,true,POLICY_REVIEWED,,,PROMOTION,PROMOTIONAL,0,true,APP_EVENT_TYPE,true,POLICY_APPROVED_V05,0.4,1
V05_DIVERSITY_129,지역 소식,synthetic.v05.local_campaign,친구 초대,친구를 초대하면 추가 혜택을 받을 수 있는 이벤트가 진행 중입니다.,0,disguised_promotion,v05_disguised_promotion_05,CLEAR,v05_disguised_promotion_diversity,msg,false,25,REVIEW,false,true,SYNTHETIC_DIVERSITY_REVIEWED,0.6,v0.5_diverse_korean_notification_templates,,PROJECT_OWNED,false,true,POLICY_REVIEWED,,,PROMOTION,PROMOTIONAL,0,true,APP_EVENT_TYPE,true,POLICY_APPROVED_V05,0.4,4
V05_DIVERSITY_130,쇼핑 소식,synthetic.v05.shopping_push,친구 초대,친구를 초대하면 추가 혜택을 받을 수 있는 이벤트가 진행 중입니다.,0,disguised_promotion,v05_disguised_promotion_05,CLEAR,v05_disguised_promotion_diversity,msg,false,25,REVIEW,false,true,SYNTHETIC_DIVERSITY_REVIEWED,0.6,v0.5_diverse_korean_notification_templates,,PROJECT_OWNED,false,true,POLICY_REVIEWED,,,PROMOTION,PROMOTIONAL,0,true,APP_EVENT_TYPE,true,POLICY_APPROVED_V05,0.4,4
V05_DIVERSITY_131,카드 소식,synthetic.v05.card_push,친구 초대,친구를 초대하면 추가 혜택을 받을 수 있는 이벤트가 진행 중입니다.,0,disguised_promotion,v05_disguised_promotion_05,CLEAR,v05_disguised_promotion_diversity,msg,false,25,REVIEW,false,true,SYNTHETIC_DIVERSITY_REVIEWED,0.6,v0.5_diverse_korean_notification_templates,,PROJECT_OWNED,false,true,POLICY_REVIEWED,,,PROMOTION,PROMOTIONAL,0,true,APP_EVENT_TYPE,true,POLICY_APPROVED_V05,0.4,4
V05_DIVERSITY_132,서비스 소식,synthetic.v05.service_push,친구 초대,친구를 초대하면 추가 혜택을 받을 수 있는 이벤트가 진행 중입니다.,0,disguised_promotion,v05_disguised_promotion_05,CLEAR,v05_disguised_promotion_diversity,msg,false,25,REVIEW,false,true,SYNTHETIC_DIVERSITY_REVIEWED,0.6,v0.5_diverse_korean_notification_templates,,PROJECT_OWNED,false,true,POLICY_REVIEWED,,,PROMOTION,PROMOTIONAL,0,true,APP_EVENT_TYPE,true,POLICY_APPROVED_V05,0.4,4
V05_DIVERSITY_133,지역 소식,synthetic.v05.local_campaign,만족도 조사,최근 이용한 서비스에 대한 만족도 설문을 부탁드립니다.,0,disguised_promotion,v05_disguised_promotion_06,CLEAR,v05_disguised_promotion_diversity,msg,false,25,REVIEW,false,true,SYNTHETIC_DIVERSITY_REVIEWED,0.6,v0.5_diverse_korean_notification_templates,,PROJECT_OWNED,false,true,POLICY_REVIEWED,,,PROMOTION,PROMOTIONAL,0,true,APP_EVENT_TYPE,true,POLICY_APPROVED_V05,0.4,4
V05_DIVERSITY_134,쇼핑 소식,synthetic.v05.shopping_push,만족도 조사,최근 이용한 서비스에 대한 만족도 설문을 부탁드립니다.,0,disguised_promotion,v05_disguised_promotion_06,CLEAR,v05_disguised_promotion_diversity,msg,false,25,REVIEW,false,true,SYNTHETIC_DIVERSITY_REVIEWED,0.6,v0.5_diverse_korean_notification_templates,,PROJECT_OWNED,false,true,POLICY_REVIEWED,,,PROMOTION,PROMOTIONAL,0,true,APP_EVENT_TYPE,true,POLICY_APPROVED_V05,0.4,4
V05_DIVERSITY_135,카드 소식,synthetic.v05.card_push,만족도 조사,최근 이용한 서비스에 대한 만족도 설문을 부탁드립니다.,0,disguised_promotion,v05_disguised_promotion_06,CLEAR,v05_disguised_promotion_diversity,msg,false,25,REVIEW,false,true,SYNTHETIC_DIVERSITY_REVIEWED,0.6,v0.5_diverse_korean_notification_templates,,PROJECT_OWNED,false,true,POLICY_REVIEWED,,,PROMOTION,PROMOTIONAL,0,true,APP_EVENT_TYPE,true,POLICY_APPROVED_V05,0.4,4
V05_DIVERSITY_136,서비스 소식,synthetic.v05.service_push,만족도 조사,최근 이용한 서비스에 대한 만족도 설문을 부탁드립니다.,0,disguised_promotion,v05_disguised_promotion_06,CLEAR,v05_disguised_promotion_diversity,msg,false,25,REVIEW,false,true,SYNTHETIC_DIVERSITY_REVIEWED,0.6,v0.5_diverse_korean_notification_templates,,PROJECT_OWNED,false,true,POLICY_REVIEWED,,,PROMOTION,PROMOTIONAL,0,true,APP_EVENT_TYPE,true,POLICY_APPROVED_V05,0.4,4
V05_DIVERSITY_137,지역 소식,synthetic.v05.local_campaign,의견을 들려주세요,더 나은 서비스를 위한 간단한 설문에 참여해주세요.,0,disguised_promotion,v05_disguised_promotion_07,CLEAR,v05_disguised_promotion_diversity,msg,false,25,REVIEW,false,true,SYNTHETIC_DIVERSITY_REVIEWED,0.6,v0.5_diverse_korean_notification_templates,,PROJECT_OWNED,false,true,POLICY_REVIEWED,,,PROMOTION,PROMOTIONAL,0,true,APP_EVENT_TYPE,true,POLICY_APPROVED_V05,0.4,3
V05_DIVERSITY_138,쇼핑 소식,synthetic.v05.shopping_push,의견을 들려주세요,더 나은 서비스를 위한 간단한 설문에 참여해주세요.,0,disguised_promotion,v05_disguised_promotion_07,CLEAR,v05_disguised_promotion_diversity,msg,false,25,REVIEW,false,true,SYNTHETIC_DIVERSITY_REVIEWED,0.6,v0.5_diverse_korean_notification_templates,,PROJECT_OWNED,false,true,POLICY_REVIEWED,,,PROMOTION,PROMOTIONAL,0,true,APP_EVENT_TYPE,true,POLICY_APPROVED_V05,0.4,3
V05_DIVERSITY_139,카드 소식,synthetic.v05.card_push,의견을 들려주세요,더 나은 서비스를 위한 간단한 설문에 참여해주세요.,0,disguised_promotion,v05_disguised_promotion_07,CLEAR,v05_disguised_promotion_diversity,msg,false,25,REVIEW,false,true,SYNTHETIC_DIVERSITY_REVIEWED,0.6,v0.5_diverse_korean_notification_templates,,PROJECT_OWNED,false,true,POLICY_REVIEWED,,,PROMOTION,PROMOTIONAL,0,true,APP_EVENT_TYPE,true,POLICY_APPROVED_V05,0.4,3
V05_DIVERSITY_140,서비스 소식,synthetic.v05.service_push,의견을 들려주세요,더 나은 서비스를 위한 간단한 설문에 참여해주세요.,0,disguised_promotion,v05_disguised_promotion_07,CLEAR,v05_disguised_promotion_diversity,msg,false,25,REVIEW,false,true,SYNTHETIC_DIVERSITY_REVIEWED,0.6,v0.5_diverse_korean_notification_templates,,PROJECT_OWNED,false,true,POLICY_REVIEWED,,,PROMOTION,PROMOTIONAL,0,true,APP_EVENT_TYPE,true,POLICY_APPROVED_V05,0.4,3
V05_DIVERSITY_141,지역 소식,synthetic.v05.local_campaign,오늘만 혜택,오늘 자정까지 사용할 수 있는 한정 혜택을 확인해보세요.,0,disguised_promotion,v05_disguised_promotion_08,CLEAR,v05_disguised_promotion_diversity,msg,false,25,REVIEW,false,true,SYNTHETIC_DIVERSITY_REVIEWED,0.6,v0.5_diverse_korean_notification_templates,,PROJECT_OWNED,false,true,POLICY_REVIEWED,,,PROMOTION,PROMOTIONAL,0,true,APP_EVENT_TYPE,true,POLICY_APPROVED_V05,0.4,3
V05_DIVERSITY_142,쇼핑 소식,synthetic.v05.shopping_push,오늘만 혜택,오늘 자정까지 사용할 수 있는 한정 혜택을 확인해보세요.,0,disguised_promotion,v05_disguised_promotion_08,CLEAR,v05_disguised_promotion_diversity,msg,false,25,REVIEW,false,true,SYNTHETIC_DIVERSITY_REVIEWED,0.6,v0.5_diverse_korean_notification_templates,,PROJECT_OWNED,false,true,POLICY_REVIEWED,,,PROMOTION,PROMOTIONAL,0,true,APP_EVENT_TYPE,true,POLICY_APPROVED_V05,0.4,3
V05_DIVERSITY_143,카드 소식,synthetic.v05.card_push,오늘만 혜택,오늘 자정까지 사용할 수 있는 한정 혜택을 확인해보세요.,0,disguised_promotion,v05_disguised_promotion_08,CLEAR,v05_disguised_promotion_diversity,msg,false,25,REVIEW,false,true,SYNTHETIC_DIVERSITY_REVIEWED,0.6,v0.5_diverse_korean_notification_templates,,PROJECT_OWNED,false,true,POLICY_REVIEWED,,,PROMOTION,PROMOTIONAL,0,true,APP_EVENT_TYPE,true,POLICY_APPROVED_V05,0.4,3
V05_DIVERSITY_144,서비스 소식,synthetic.v05.service_push,오늘만 혜택,오늘 자정까지 사용할 수 있는 한정 혜택을 확인해보세요.,0,disguised_promotion,v05_disguised_promotion_08,CLEAR,v05_disguised_promotion_diversity,msg,false,25,REVIEW,false,true,SYNTHETIC_DIVERSITY_REVIEWED,0.6,v0.5_diverse_korean_notification_templates,,PROJECT_OWNED,false,true,POLICY_REVIEWED,,,PROMOTION,PROMOTIONAL,0,true,APP_EVENT_TYPE,true,POLICY_APPROVED_V05,0.4,3
V05_DIVERSITY_145,지역 소식,synthetic.v05.local_campaign,쿠폰 도착,이번 주에 사용할 수 있는 맞춤 쿠폰이 발급되었습니다.,0,disguised_promotion,v05_disguised_promotion_09,CLEAR,v05_disguised_promotion_diversity,msg,false,25,REVIEW,false,true,SYNTHETIC_DIVERSITY_REVIEWED,0.6,v0.5_diverse_korean_notification_templates,,PROJECT_OWNED,false,true,POLICY_REVIEWED,,,PROMOTION,PROMOTIONAL,0,true,APP_EVENT_TYPE,true,POLICY_APPROVED_V05,0.4,2
V05_DIVERSITY_146,쇼핑 소식,synthetic.v05.shopping_push,쿠폰 도착,이번 주에 사용할 수 있는 맞춤 쿠폰이 발급되었습니다.,0,disguised_promotion,v05_disguised_promotion_09,CLEAR,v05_disguised_promotion_diversity,msg,false,25,REVIEW,false,true,SYNTHETIC_DIVERSITY_REVIEWED,0.6,v0.5_diverse_korean_notification_templates,,PROJECT_OWNED,false,true,POLICY_REVIEWED,,,PROMOTION,PROMOTIONAL,0,true,APP_EVENT_TYPE,true,POLICY_APPROVED_V05,0.4,2
V05_DIVERSITY_147,카드 소식,synthetic.v05.card_push,쿠폰 도착,이번 주에 사용할 수 있는 맞춤 쿠폰이 발급되었습니다.,0,disguised_promotion,v05_disguised_promotion_09,CLEAR,v05_disguised_promotion_diversity,msg,false,25,REVIEW,false,true,SYNTHETIC_DIVERSITY_REVIEWED,0.6,v0.5_diverse_korean_notification_templates,,PROJECT_OWNED,false,true,POLICY_REVIEWED,,,PROMOTION,PROMOTIONAL,0,true,APP_EVENT_TYPE,true,POLICY_APPROVED_V05,0.4,2
V05_DIVERSITY_148,서비스 소식,synthetic.v05.service_push,쿠폰 도착,이번 주에 사용할 수 있는 맞춤 쿠폰이 발급되었습니다.,0,disguised_promotion,v05_disguised_promotion_09,CLEAR,v05_disguised_promotion_diversity,msg,false,25,REVIEW,false,true,SYNTHETIC_DIVERSITY_REVIEWED,0.6,v0.5_diverse_korean_notification_templates,,PROJECT_OWNED,false,true,POLICY_REVIEWED,,,PROMOTION,PROMOTIONAL,0,true,APP_EVENT_TYPE,true,POLICY_APPROVED_V05,0.4,2
V05_DIVERSITY_149,지역 소식,synthetic.v05.local_campaign,추천 소식,최근 관심 기록을 바탕으로 새로운 상품을 추천해드려요.,0,disguised_promotion,v05_disguised_promotion_10,CLEAR,v05_disguised_promotion_diversity,msg,false,25,REVIEW,false,true,SYNTHETIC_DIVERSITY_REVIEWED,0.6,v0.5_diverse_korean_notification_templates,,PROJECT_OWNED,false,true,POLICY_REVIEWED,,,PROMOTION,PROMOTIONAL,0,true,APP_EVENT_TYPE,true,POLICY_APPROVED_V05,0.4,4
V05_DIVERSITY_150,쇼핑 소식,synthetic.v05.shopping_push,추천 소식,최근 관심 기록을 바탕으로 새로운 상품을 추천해드려요.,0,disguised_promotion,v05_disguised_promotion_10,CLEAR,v05_disguised_promotion_diversity,msg,false,25,REVIEW,false,true,SYNTHETIC_DIVERSITY_REVIEWED,0.6,v0.5_diverse_korean_notification_templates,,PROJECT_OWNED,false,true,POLICY_REVIEWED,,,PROMOTION,PROMOTIONAL,0,true,APP_EVENT_TYPE,true,POLICY_APPROVED_V05,0.4,4
V05_DIVERSITY_151,카드 소식,synthetic.v05.card_push,추천 소식,최근 관심 기록을 바탕으로 새로운 상품을 추천해드려요.,0,disguised_promotion,v05_disguised_promotion_10,CLEAR,v05_disguised_promotion_diversity,msg,false,25,REVIEW,false,true,SYNTHETIC_DIVERSITY_REVIEWED,0.6,v0.5_diverse_korean_notification_templates,,PROJECT_OWNED,false,true,POLICY_REVIEWED,,,PROMOTION,PROMOTIONAL,0,true,APP_EVENT_TYPE,true,POLICY_APPROVED_V05,0.4,4
V05_DIVERSITY_152,서비스 소식,synthetic.v05.service_push,추천 소식,최근 관심 기록을 바탕으로 새로운 상품을 추천해드려요.,0,disguised_promotion,v05_disguised_promotion_10,CLEAR,v05_disguised_promotion_diversity,msg,false,25,REVIEW,false,true,SYNTHETIC_DIVERSITY_REVIEWED,0.6,v0.5_diverse_korean_notification_templates,,PROJECT_OWNED,false,true,POLICY_REVIEWED,,,PROMOTION,PROMOTIONAL,0,true,APP_EVENT_TYPE,true,POLICY_APPROVED_V05,0.4,4
V05_DIVERSITY_153,지역 소식,synthetic.v05.local_campaign,이벤트 마감 임박,참여형 이벤트가 오늘 종료됩니다. 지금 확인해보세요.,0,disguised_promotion,v05_disguised_promotion_11,CLEAR,v05_disguised_promotion_diversity,msg,false,25,REVIEW,false,true,SYNTHETIC_DIVERSITY_REVIEWED,0.6,v0.5_diverse_korean_notification_templates,,PROJECT_OWNED,false,true,POLICY_REVIEWED,,,PROMOTION,PROMOTIONAL,0,true,APP_EVENT_TYPE,true,POLICY_APPROVED_V05,0.4,2
V05_DIVERSITY_154,쇼핑 소식,synthetic.v05.shopping_push,이벤트 마감 임박,참여형 이벤트가 오늘 종료됩니다. 지금 확인해보세요.,0,disguised_promotion,v05_disguised_promotion_11,CLEAR,v05_disguised_promotion_diversity,msg,false,25,REVIEW,false,true,SYNTHETIC_DIVERSITY_REVIEWED,0.6,v0.5_diverse_korean_notification_templates,,PROJECT_OWNED,false,true,POLICY_REVIEWED,,,PROMOTION,PROMOTIONAL,0,true,APP_EVENT_TYPE,true,POLICY_APPROVED_V05,0.4,2
V05_DIVERSITY_155,카드 소식,synthetic.v05.card_push,이벤트 마감 임박,참여형 이벤트가 오늘 종료됩니다. 지금 확인해보세요.,0,disguised_promotion,v05_disguised_promotion_11,CLEAR,v05_disguised_promotion_diversity,msg,false,25,REVIEW,false,true,SYNTHETIC_DIVERSITY_REVIEWED,0.6,v0.5_diverse_korean_notification_templates,,PROJECT_OWNED,false,true,POLICY_REVIEWED,,,PROMOTION,PROMOTIONAL,0,true,APP_EVENT_TYPE,true,POLICY_APPROVED_V05,0.4,2
V05_DIVERSITY_156,서비스 소식,synthetic.v05.service_push,이벤트 마감 임박,참여형 이벤트가 오늘 종료됩니다. 지금 확인해보세요.,0,disguised_promotion,v05_disguised_promotion_11,CLEAR,v05_disguised_promotion_diversity,msg,false,25,REVIEW,false,true,SYNTHETIC_DIVERSITY_REVIEWED,0.6,v0.5_diverse_korean_notification_templates,,PROJECT_OWNED,false,true,POLICY_REVIEWED,,,PROMOTION,PROMOTIONAL,0,true,APP_EVENT_TYPE,true,POLICY_APPROVED_V05,0.4,2
V05_DIVERSITY_157,지역 소식,synthetic.v05.local_campaign,구독 혜택 안내,멤버십 이용자를 위한 이번 달 혜택이 공개되었습니다.,0,disguised_promotion,v05_disguised_promotion_12,CLEAR,v05_disguised_promotion_diversity,msg,false,25,REVIEW,false,true,SYNTHETIC_DIVERSITY_REVIEWED,0.6,v0.5_diverse_korean_notification_templates,,PROJECT_OWNED,false,true,POLICY_REVIEWED,,,PROMOTION,PROMOTIONAL,0,true,APP_EVENT_TYPE,true,POLICY_APPROVED_V05,0.4,0
V05_DIVERSITY_158,쇼핑 소식,synthetic.v05.shopping_push,구독 혜택 안내,멤버십 이용자를 위한 이번 달 혜택이 공개되었습니다.,0,disguised_promotion,v05_disguised_promotion_12,CLEAR,v05_disguised_promotion_diversity,msg,false,25,REVIEW,false,true,SYNTHETIC_DIVERSITY_REVIEWED,0.6,v0.5_diverse_korean_notification_templates,,PROJECT_OWNED,false,true,POLICY_REVIEWED,,,PROMOTION,PROMOTIONAL,0,true,APP_EVENT_TYPE,true,POLICY_APPROVED_V05,0.4,0
V05_DIVERSITY_159,카드 소식,synthetic.v05.card_push,구독 혜택 안내,멤버십 이용자를 위한 이번 달 혜택이 공개되었습니다.,0,disguised_promotion,v05_disguised_promotion_12,CLEAR,v05_disguised_promotion_diversity,msg,false,25,REVIEW,false,true,SYNTHETIC_DIVERSITY_REVIEWED,0.6,v0.5_diverse_korean_notification_templates,,PROJECT_OWNED,false,true,POLICY_REVIEWED,,,PROMOTION,PROMOTIONAL,0,true,APP_EVENT_TYPE,true,POLICY_APPROVED_V05,0.4,0
V05_DIVERSITY_160,서비스 소식,synthetic.v05.service_push,구독 혜택 안내,멤버십 이용자를 위한 이번 달 혜택이 공개되었습니다.,0,disguised_promotion,v05_disguised_promotion_12,CLEAR,v05_disguised_promotion_diversity,msg,false,25,REVIEW,false,true,SYNTHETIC_DIVERSITY_REVIEWED,0.6,v0.5_diverse_korean_notification_templates,,PROJECT_OWNED,false,true,POLICY_REVIEWED,,,PROMOTION,PROMOTIONAL,0,true,APP_EVENT_TYPE,true,POLICY_APPROVED_V05,0.4,0
V06_REAL_PATTERN_001,Galaxy,synthetic.v05.real_pattern.system,시스템 작업 중…,시스템 작업이 백그라운드에서 진행 중입니다.,0,system_progress,v06_system_progress_01,CLEAR,v06_system_progress_real_pattern,msg,false,0,REVIEW,false,true,SYNTHETIC_REAL_PATTERN_REVIEWED,0.6,v0.6_patterns_from_private_room_error_taxonomy,,PROJECT_OWNED,false,true,POLICY_REVIEWED,,,SYSTEM_STATUS,INFORMATIONAL,0,false,NONE,true,POLICY_APPROVED_V06,0.4,2
V06_REAL_PATTERN_002,Galaxy Store,synthetic.v05.real_pattern.store,앱 업데이트 중…,앱 업데이트이 백그라운드에서 진행 중입니다.,0,system_progress,v06_system_progress_01,CLEAR,v06_system_progress_real_pattern,msg,false,0,REVIEW,false,true,SYNTHETIC_REAL_PATTERN_REVIEWED,0.6,v0.6_patterns_from_private_room_error_taxonomy,,PROJECT_OWNED,false,true,POLICY_REVIEWED,,,SYSTEM_STATUS,INFORMATIONAL,0,false,NONE,true,POLICY_APPROVED_V06,0.4,2
V06_REAL_PATTERN_003,Samsung Cloud,synthetic.v05.real_pattern.cloud,데이터 백업 중…,데이터 백업이 백그라운드에서 진행 중입니다.,0,system_progress,v06_system_progress_01,CLEAR,v06_system_progress_real_pattern,msg,false,0,REVIEW,false,true,SYNTHETIC_REAL_PATTERN_REVIEWED,0.6,v0.6_patterns_from_private_room_error_taxonomy,,PROJECT_OWNED,false,true,POLICY_REVIEWED,,,SYSTEM_STATUS,INFORMATIONAL,0,false,NONE,true,POLICY_APPROVED_V06,0.4,2
V06_REAL_PATTERN_004,디바이스 케어,synthetic.v05.real_pattern.devicecare,휴대전화 검사 중…,휴대전화 검사이 백그라운드에서 진행 중입니다.,0,system_progress,v06_system_progress_01,CLEAR,v06_system_progress_real_pattern,msg,false,0,REVIEW,false,true,SYNTHETIC_REAL_PATTERN_REVIEWED,0.6,v0.6_patterns_from_private_room_error_taxonomy,,PROJECT_OWNED,false,true,POLICY_REVIEWED,,,SYSTEM_STATUS,INFORMATIONAL,0,false,NONE,true,POLICY_APPROVED_V06,0.4,2
V06_REAL_PATTERN_005,Galaxy,synthetic.v05.real_pattern.system,시스템 작업,완료될 때까지 잠시 기다려 주세요.,0,system_progress,v06_system_progress_02,CLEAR,v06_system_progress_real_pattern,msg,false,0,REVIEW,false,true,SYNTHETIC_REAL_PATTERN_REVIEWED,0.6,v0.6_patterns_from_private_room_error_taxonomy,,PROJECT_OWNED,false,true,POLICY_REVIEWED,,,SYSTEM_STATUS,INFORMATIONAL,0,false,NONE,true,POLICY_APPROVED_V06,0.4,1
V06_REAL_PATTERN_006,Galaxy Store,synthetic.v05.real_pattern.store,앱 업데이트,완료될 때까지 잠시 기다려 주세요.,0,system_progress,v06_system_progress_02,CLEAR,v06_system_progress_real_pattern,msg,false,0,REVIEW,false,true,SYNTHETIC_REAL_PATTERN_REVIEWED,0.6,v0.6_patterns_from_private_room_error_taxonomy,,PROJECT_OWNED,false,true,POLICY_REVIEWED,,,SYSTEM_STATUS,INFORMATIONAL,0,false,NONE,true,POLICY_APPROVED_V06,0.4,1
V06_REAL_PATTERN_007,Samsung Cloud,synthetic.v05.real_pattern.cloud,데이터 백업,완료될 때까지 잠시 기다려 주세요.,0,system_progress,v06_system_progress_02,CLEAR,v06_system_progress_real_pattern,msg,false,0,REVIEW,false,true,SYNTHETIC_REAL_PATTERN_REVIEWED,0.6,v0.6_patterns_from_private_room_error_taxonomy,,PROJECT_OWNED,false,true,POLICY_REVIEWED,,,SYSTEM_STATUS,INFORMATIONAL,0,false,NONE,true,POLICY_APPROVED_V06,0.4,1
V06_REAL_PATTERN_008,디바이스 케어,synthetic.v05.real_pattern.devicecare,휴대전화 검사,완료될 때까지 잠시 기다려 주세요.,0,system_progress,v06_system_progress_02,CLEAR,v06_system_progress_real_pattern,msg,false,0,REVIEW,false,true,SYNTHETIC_REAL_PATTERN_REVIEWED,0.6,v0.6_patterns_from_private_room_error_taxonomy,,PROJECT_OWNED,false,true,POLICY_REVIEWED,,,SYSTEM_STATUS,INFORMATIONAL,0,false,NONE,true,POLICY_APPROVED_V06,0.4,1
V06_REAL_PATTERN_009,Galaxy,synthetic.v05.real_pattern.system,진행 상태,시스템 작업 진행률은 76%입니다.,0,system_progress,v06_system_progress_03,CLEAR,v06_system_progress_real_pattern,msg,false,0,REVIEW,false,true,SYNTHETIC_REAL_PATTERN_REVIEWED,0.6,v0.6_patterns_from_private_room_error_taxonomy,,PROJECT_OWNED,false,true,POLICY_REVIEWED,,,SYSTEM_STATUS,INFORMATIONAL,0,false,NONE,true,POLICY_APPROVED_V06,0.4,1
V06_REAL_PATTERN_010,Galaxy Store,synthetic.v05.real_pattern.store,진행 상태,앱 업데이트 진행률은 76%입니다.,0,system_progress,v06_system_progress_03,CLEAR,v06_system_progress_real_pattern,msg,false,0,REVIEW,false,true,SYNTHETIC_REAL_PATTERN_REVIEWED,0.6,v0.6_patterns_from_private_room_error_taxonomy,,PROJECT_OWNED,false,true,POLICY_REVIEWED,,,SYSTEM_STATUS,INFORMATIONAL,0,false,NONE,true,POLICY_APPROVED_V06,0.4,1
V06_REAL_PATTERN_011,Samsung Cloud,synthetic.v05.real_pattern.cloud,진행 상태,데이터 백업 진행률은 76%입니다.,0,system_progress,v06_system_progress_03,CLEAR,v06_system_progress_real_pattern,msg,false,0,REVIEW,false,true,SYNTHETIC_REAL_PATTERN_REVIEWED,0.6,v0.6_patterns_from_private_room_error_taxonomy,,PROJECT_OWNED,false,true,POLICY_REVIEWED,,,SYSTEM_STATUS,INFORMATIONAL,0,false,NONE,true,POLICY_APPROVED_V06,0.4,1
V06_REAL_PATTERN_012,디바이스 케어,synthetic.v05.real_pattern.devicecare,진행 상태,휴대전화 검사 진행률은 76%입니다.,0,system_progress,v06_system_progress_03,CLEAR,v06_system_progress_real_pattern,msg,false,0,REVIEW,false,true,SYNTHETIC_REAL_PATTERN_REVIEWED,0.6,v0.6_patterns_from_private_room_error_taxonomy,,PROJECT_OWNED,false,true,POLICY_REVIEWED,,,SYSTEM_STATUS,INFORMATIONAL,0,false,NONE,true,POLICY_APPROVED_V06,0.4,1
V06_REAL_PATTERN_013,Galaxy,synthetic.v05.real_pattern.system,자동 실행,설정에 따라 시스템 작업을 자동으로 실행하고 있습니다.,0,system_progress,v06_system_progress_04,CLEAR,v06_system_progress_real_pattern,msg,false,0,REVIEW,false,true,SYNTHETIC_REAL_PATTERN_REVIEWED,0.6,v0.6_patterns_from_private_room_error_taxonomy,,PROJECT_OWNED,false,true,POLICY_REVIEWED,,,SYSTEM_STATUS,INFORMATIONAL,0,false,NONE,true,POLICY_APPROVED_V06,0.4,4
V06_REAL_PATTERN_014,Galaxy Store,synthetic.v05.real_pattern.store,자동 실행,설정에 따라 앱 업데이트을 자동으로 실행하고 있습니다.,0,system_progress,v06_system_progress_04,CLEAR,v06_system_progress_real_pattern,msg,false,0,REVIEW,false,true,SYNTHETIC_REAL_PATTERN_REVIEWED,0.6,v0.6_patterns_from_private_room_error_taxonomy,,PROJECT_OWNED,false,true,POLICY_REVIEWED,,,SYSTEM_STATUS,INFORMATIONAL,0,false,NONE,true,POLICY_APPROVED_V06,0.4,4
V06_REAL_PATTERN_015,Samsung Cloud,synthetic.v05.real_pattern.cloud,자동 실행,설정에 따라 데이터 백업을 자동으로 실행하고 있습니다.,0,system_progress,v06_system_progress_04,CLEAR,v06_system_progress_real_pattern,msg,false,0,REVIEW,false,true,SYNTHETIC_REAL_PATTERN_REVIEWED,0.6,v0.6_patterns_from_private_room_error_taxonomy,,PROJECT_OWNED,false,true,POLICY_REVIEWED,,,SYSTEM_STATUS,INFORMATIONAL,0,false,NONE,true,POLICY_APPROVED_V06,0.4,4
V06_REAL_PATTERN_016,디바이스 케어,synthetic.v05.real_pattern.devicecare,자동 실행,설정에 따라 휴대전화 검사을 자동으로 실행하고 있습니다.,0,system_progress,v06_system_progress_04,CLEAR,v06_system_progress_real_pattern,msg,false,0,REVIEW,false,true,SYNTHETIC_REAL_PATTERN_REVIEWED,0.6,v0.6_patterns_from_private_room_error_taxonomy,,PROJECT_OWNED,false,true,POLICY_REVIEWED,,,SYSTEM_STATUS,INFORMATIONAL,0,false,NONE,true,POLICY_APPROVED_V06,0.4,4
V06_REAL_PATTERN_017,Galaxy,synthetic.v05.real_pattern.system,처리 중,시스템 작업을 처리하고 있습니다.,0,system_progress,v06_system_progress_05,CLEAR,v06_system_progress_real_pattern,msg,false,0,REVIEW,false,true,SYNTHETIC_REAL_PATTERN_REVIEWED,0.6,v0.6_patterns_from_private_room_error_taxonomy,,PROJECT_OWNED,false,true,POLICY_REVIEWED,,,SYSTEM_STATUS,INFORMATIONAL,0,false,NONE,true,POLICY_APPROVED_V06,0.4,0
V06_REAL_PATTERN_018,Galaxy Store,synthetic.v05.real_pattern.store,처리 중,앱 업데이트을 처리하고 있습니다.,0,system_progress,v06_system_progress_05,CLEAR,v06_system_progress_real_pattern,msg,false,0,REVIEW,false,true,SYNTHETIC_REAL_PATTERN_REVIEWED,0.6,v0.6_patterns_from_private_room_error_taxonomy,,PROJECT_OWNED,false,true,POLICY_REVIEWED,,,SYSTEM_STATUS,INFORMATIONAL,0,false,NONE,true,POLICY_APPROVED_V06,0.4,0
V06_REAL_PATTERN_019,Samsung Cloud,synthetic.v05.real_pattern.cloud,처리 중,데이터 백업을 처리하고 있습니다.,0,system_progress,v06_system_progress_05,CLEAR,v06_system_progress_real_pattern,msg,false,0,REVIEW,false,true,SYNTHETIC_REAL_PATTERN_REVIEWED,0.6,v0.6_patterns_from_private_room_error_taxonomy,,PROJECT_OWNED,false,true,POLICY_REVIEWED,,,SYSTEM_STATUS,INFORMATIONAL,0,false,NONE,true,POLICY_APPROVED_V06,0.4,0
V06_REAL_PATTERN_020,디바이스 케어,synthetic.v05.real_pattern.devicecare,처리 중,휴대전화 검사을 처리하고 있습니다.,0,system_progress,v06_system_progress_05,CLEAR,v06_system_progress_real_pattern,msg,false,0,REVIEW,false,true,SYNTHETIC_REAL_PATTERN_REVIEWED,0.6,v0.6_patterns_from_private_room_error_taxonomy,,PROJECT_OWNED,false,true,POLICY_REVIEWED,,,SYSTEM_STATUS,INFORMATIONAL,0,false,NONE,true,POLICY_APPROVED_V06,0.4,0
V06_REAL_PATTERN_021,Galaxy,synthetic.v05.real_pattern.system,상태 표시,시스템 작업이 정상적으로 실행 중입니다.,0,system_progress,v06_system_progress_06,CLEAR,v06_system_progress_real_pattern,msg,false,0,REVIEW,false,true,SYNTHETIC_REAL_PATTERN_REVIEWED,0.6,v0.6_patterns_from_private_room_error_taxonomy,,PROJECT_OWNED,false,true,POLICY_REVIEWED,,,SYSTEM_STATUS,INFORMATIONAL,0,false,NONE,true,POLICY_APPROVED_V06,0.4,4
V06_REAL_PATTERN_022,Galaxy Store,synthetic.v05.real_pattern.store,상태 표시,앱 업데이트이 정상적으로 실행 중입니다.,0,system_progress,v06_system_progress_06,CLEAR,v06_system_progress_real_pattern,msg,false,0,REVIEW,false,true,SYNTHETIC_REAL_PATTERN_REVIEWED,0.6,v0.6_patterns_from_private_room_error_taxonomy,,PROJECT_OWNED,false,true,POLICY_REVIEWED,,,SYSTEM_STATUS,INFORMATIONAL,0,false,NONE,true,POLICY_APPROVED_V06,0.4,4
V06_REAL_PATTERN_023,Samsung Cloud,synthetic.v05.real_pattern.cloud,상태 표시,데이터 백업이 정상적으로 실행 중입니다.,0,system_progress,v06_system_progress_06,CLEAR,v06_system_progress_real_pattern,msg,false,0,REVIEW,false,true,SYNTHETIC_REAL_PATTERN_REVIEWED,0.6,v0.6_patterns_from_private_room_error_taxonomy,,PROJECT_OWNED,false,true,POLICY_REVIEWED,,,SYSTEM_STATUS,INFORMATIONAL,0,false,NONE,true,POLICY_APPROVED_V06,0.4,4
V06_REAL_PATTERN_024,디바이스 케어,synthetic.v05.real_pattern.devicecare,상태 표시,휴대전화 검사이 정상적으로 실행 중입니다.,0,system_progress,v06_system_progress_06,CLEAR,v06_system_progress_real_pattern,msg,false,0,REVIEW,false,true,SYNTHETIC_REAL_PATTERN_REVIEWED,0.6,v0.6_patterns_from_private_room_error_taxonomy,,PROJECT_OWNED,false,true,POLICY_REVIEWED,,,SYSTEM_STATUS,INFORMATIONAL,0,false,NONE,true,POLICY_APPROVED_V06,0.4,4
V06_REAL_PATTERN_025,Galaxy,synthetic.v05.real_pattern.system,다운로드 중,시스템 작업 파일을 내려받는 중입니다.,0,system_progress,v06_system_progress_07,CLEAR,v06_system_progress_real_pattern,msg,false,0,REVIEW,false,true,SYNTHETIC_REAL_PATTERN_REVIEWED,0.6,v0.6_patterns_from_private_room_error_taxonomy,,PROJECT_OWNED,false,true,POLICY_REVIEWED,,,SYSTEM_STATUS,INFORMATIONAL,0,false,NONE,true,POLICY_APPROVED_V06,0.4,0
V06_REAL_PATTERN_026,Galaxy Store,synthetic.v05.real_pattern.store,다운로드 중,앱 업데이트 파일을 내려받는 중입니다.,0,system_progress,v06_system_progress_07,CLEAR,v06_system_progress_real_pattern,msg,false,0,REVIEW,false,true,SYNTHETIC_REAL_PATTERN_REVIEWED,0.6,v0.6_patterns_from_private_room_error_taxonomy,,PROJECT_OWNED,false,true,POLICY_REVIEWED,,,SYSTEM_STATUS,INFORMATIONAL,0,false,NONE,true,POLICY_APPROVED_V06,0.4,0
V06_REAL_PATTERN_027,Samsung Cloud,synthetic.v05.real_pattern.cloud,다운로드 중,데이터 백업 파일을 내려받는 중입니다.,0,system_progress,v06_system_progress_07,CLEAR,v06_system_progress_real_pattern,msg,false,0,REVIEW,false,true,SYNTHETIC_REAL_PATTERN_REVIEWED,0.6,v0.6_patterns_from_private_room_error_taxonomy,,PROJECT_OWNED,false,true,POLICY_REVIEWED,,,SYSTEM_STATUS,INFORMATIONAL,0,false,NONE,true,POLICY_APPROVED_V06,0.4,0
V06_REAL_PATTERN_028,디바이스 케어,synthetic.v05.real_pattern.devicecare,다운로드 중,휴대전화 검사 파일을 내려받는 중입니다.,0,system_progress,v06_system_progress_07,CLEAR,v06_system_progress_real_pattern,msg,false,0,REVIEW,false,true,SYNTHETIC_REAL_PATTERN_REVIEWED,0.6,v0.6_patterns_from_private_room_error_taxonomy,,PROJECT_OWNED,false,true,POLICY_REVIEWED,,,SYSTEM_STATUS,INFORMATIONAL,0,false,NONE,true,POLICY_APPROVED_V06,0.4,0
V06_REAL_PATTERN_029,Galaxy,synthetic.v05.real_pattern.system,준비 중,시스템 작업을 사용할 수 있도록 준비하고 있습니다.,0,system_progress,v06_system_progress_08,CLEAR,v06_system_progress_real_pattern,msg,false,0,REVIEW,false,true,SYNTHETIC_REAL_PATTERN_REVIEWED,0.6,v0.6_patterns_from_private_room_error_taxonomy,,PROJECT_OWNED,false,true,POLICY_REVIEWED,,,SYSTEM_STATUS,INFORMATIONAL,0,false,NONE,true,POLICY_APPROVED_V06,0.4,0
V06_REAL_PATTERN_030,Galaxy Store,synthetic.v05.real_pattern.store,준비 중,앱 업데이트을 사용할 수 있도록 준비하고 있습니다.,0,system_progress,v06_system_progress_08,CLEAR,v06_system_progress_real_pattern,msg,false,0,REVIEW,false,true,SYNTHETIC_REAL_PATTERN_REVIEWED,0.6,v0.6_patterns_from_private_room_error_taxonomy,,PROJECT_OWNED,false,true,POLICY_REVIEWED,,,SYSTEM_STATUS,INFORMATIONAL,0,false,NONE,true,POLICY_APPROVED_V06,0.4,0
V06_REAL_PATTERN_031,Samsung Cloud,synthetic.v05.real_pattern.cloud,준비 중,데이터 백업을 사용할 수 있도록 준비하고 있습니다.,0,system_progress,v06_system_progress_08,CLEAR,v06_system_progress_real_pattern,msg,false,0,REVIEW,false,true,SYNTHETIC_REAL_PATTERN_REVIEWED,0.6,v0.6_patterns_from_private_room_error_taxonomy,,PROJECT_OWNED,false,true,POLICY_REVIEWED,,,SYSTEM_STATUS,INFORMATIONAL,0,false,NONE,true,POLICY_APPROVED_V06,0.4,0
V06_REAL_PATTERN_032,디바이스 케어,synthetic.v05.real_pattern.devicecare,준비 중,휴대전화 검사을 사용할 수 있도록 준비하고 있습니다.,0,system_progress,v06_system_progress_08,CLEAR,v06_system_progress_real_pattern,msg,false,0,REVIEW,false,true,SYNTHETIC_REAL_PATTERN_REVIEWED,0.6,v0.6_patterns_from_private_room_error_taxonomy,,PROJECT_OWNED,false,true,POLICY_REVIEWED,,,SYSTEM_STATUS,INFORMATIONAL,0,false,NONE,true,POLICY_APPROVED_V06,0.4,0
V06_REAL_PATTERN_033,카카오페이,synthetic.v05.real_pattern.kakaopay,잊고 계신가요?,최근 출석체크에 참여하지 않았어요. 지금 확인해 보세요.,0,engagement_prompt,v06_engagement_prompt_01,CLEAR,v06_engagement_prompt_real_pattern,msg,false,0,REVIEW,false,true,SYNTHETIC_REAL_PATTERN_REVIEWED,0.6,v0.6_patterns_from_private_room_error_taxonomy,,PROJECT_OWNED,false,true,POLICY_REVIEWED,,,PROMOTION,PROMOTIONAL,0,true,APP_EVENT_TYPE,true,POLICY_APPROVED_V06,0.4,3
V06_REAL_PATTERN_034,쇼핑,synthetic.v05.real_pattern.shopping,잊고 계신가요?,최근 관심 상품에 참여하지 않았어요. 지금 확인해 보세요.,0,engagement_prompt,v06_engagement_prompt_01,CLEAR,v06_engagement_prompt_real_pattern,msg,false,0,REVIEW,false,true,SYNTHETIC_REAL_PATTERN_REVIEWED,0.6,v0.6_patterns_from_private_room_error_taxonomy,,PROJECT_OWNED,false,true,POLICY_REVIEWED,,,PROMOTION,PROMOTIONAL,0,true,APP_EVENT_TYPE,true,POLICY_APPROVED_V06,0.4,3
V06_REAL_PATTERN_035,배달,synthetic.v05.real_pattern.delivery_review,잊고 계신가요?,최근 주문 리뷰에 참여하지 않았어요. 지금 확인해 보세요.,0,engagement_prompt,v06_engagement_prompt_01,CLEAR,v06_engagement_prompt_real_pattern,msg,false,0,REVIEW,false,true,SYNTHETIC_REAL_PATTERN_REVIEWED,0.6,v0.6_patterns_from_private_room_error_taxonomy,,PROJECT_OWNED,false,true,POLICY_REVIEWED,,,PROMOTION,PROMOTIONAL,0,true,APP_EVENT_TYPE,true,POLICY_APPROVED_V06,0.4,3
V06_REAL_PATTERN_036,리워드,synthetic.v05.real_pattern.reward,잊고 계신가요?,최근 걷기 포인트에 참여하지 않았어요. 지금 확인해 보세요.,0,engagement_prompt,v06_engagement_prompt_01,CLEAR,v06_engagement_prompt_real_pattern,msg,false,0,REVIEW,false,true,SYNTHETIC_REAL_PATTERN_REVIEWED,0.6,v0.6_patterns_from_private_room_error_taxonomy,,PROJECT_OWNED,false,true,POLICY_REVIEWED,,,PROMOTION,PROMOTIONAL,0,true,APP_EVENT_TYPE,true,POLICY_APPROVED_V06,0.4,3
V06_REAL_PATTERN_037,카카오페이,synthetic.v05.real_pattern.kakaopay,혜택이 기다리고 있어요,출석체크에 참여하면 포인트를 받을 수 있어요.,0,engagement_prompt,v06_engagement_prompt_02,CLEAR,v06_engagement_prompt_real_pattern,msg,false,0,REVIEW,false,true,SYNTHETIC_REAL_PATTERN_REVIEWED,0.6,v0.6_patterns_from_private_room_error_taxonomy,,PROJECT_OWNED,false,true,POLICY_REVIEWED,,,PROMOTION,PROMOTIONAL,0,true,APP_EVENT_TYPE,true,POLICY_APPROVED_V06,0.4,3
V06_REAL_PATTERN_038,쇼핑,synthetic.v05.real_pattern.shopping,혜택이 기다리고 있어요,관심 상품에 참여하면 포인트를 받을 수 있어요.,0,engagement_prompt,v06_engagement_prompt_02,CLEAR,v06_engagement_prompt_real_pattern,msg,false,0,REVIEW,false,true,SYNTHETIC_REAL_PATTERN_REVIEWED,0.6,v0.6_patterns_from_private_room_error_taxonomy,,PROJECT_OWNED,false,true,POLICY_REVIEWED,,,PROMOTION,PROMOTIONAL,0,true,APP_EVENT_TYPE,true,POLICY_APPROVED_V06,0.4,3
V06_REAL_PATTERN_039,배달,synthetic.v05.real_pattern.delivery_review,혜택이 기다리고 있어요,주문 리뷰에 참여하면 포인트를 받을 수 있어요.,0,engagement_prompt,v06_engagement_prompt_02,CLEAR,v06_engagement_prompt_real_pattern,msg,false,0,REVIEW,false,true,SYNTHETIC_REAL_PATTERN_REVIEWED,0.6,v0.6_patterns_from_private_room_error_taxonomy,,PROJECT_OWNED,false,true,POLICY_REVIEWED,,,PROMOTION,PROMOTIONAL,0,true,APP_EVENT_TYPE,true,POLICY_APPROVED_V06,0.4,3
V06_REAL_PATTERN_040,리워드,synthetic.v05.real_pattern.reward,혜택이 기다리고 있어요,걷기 포인트에 참여하면 포인트를 받을 수 있어요.,0,engagement_prompt,v06_engagement_prompt_02,CLEAR,v06_engagement_prompt_real_pattern,msg,false,0,REVIEW,false,true,SYNTHETIC_REAL_PATTERN_REVIEWED,0.6,v0.6_patterns_from_private_room_error_taxonomy,,PROJECT_OWNED,false,true,POLICY_REVIEWED,,,PROMOTION,PROMOTIONAL,0,true,APP_EVENT_TYPE,true,POLICY_APPROVED_V06,0.4,3
V06_REAL_PATTERN_041,카카오페이,synthetic.v05.real_pattern.kakaopay,의견을 남겨주세요,더 나은 서비스를 위해 출석체크에 참여해주세요.,0,engagement_prompt,v06_engagement_prompt_03,CLEAR,v06_engagement_prompt_real_pattern,msg,false,0,REVIEW,false,true,SYNTHETIC_REAL_PATTERN_REVIEWED,0.6,v0.6_patterns_from_private_room_error_taxonomy,,PROJECT_OWNED,false,true,POLICY_REVIEWED,,,PROMOTION,PROMOTIONAL,0,true,APP_EVENT_TYPE,true,POLICY_APPROVED_V06,0.4,1
V06_REAL_PATTERN_042,쇼핑,synthetic.v05.real_pattern.shopping,의견을 남겨주세요,더 나은 서비스를 위해 관심 상품에 참여해주세요.,0,engagement_prompt,v06_engagement_prompt_03,CLEAR,v06_engagement_prompt_real_pattern,msg,false,0,REVIEW,false,true,SYNTHETIC_REAL_PATTERN_REVIEWED,0.6,v0.6_patterns_from_private_room_error_taxonomy,,PROJECT_OWNED,false,true,POLICY_REVIEWED,,,PROMOTION,PROMOTIONAL,0,true,APP_EVENT_TYPE,true,POLICY_APPROVED_V06,0.4,1
V06_REAL_PATTERN_043,배달,synthetic.v05.real_pattern.delivery_review,의견을 남겨주세요,더 나은 서비스를 위해 주문 리뷰에 참여해주세요.,0,engagement_prompt,v06_engagement_prompt_03,CLEAR,v06_engagement_prompt_real_pattern,msg,false,0,REVIEW,false,true,SYNTHETIC_REAL_PATTERN_REVIEWED,0.6,v0.6_patterns_from_private_room_error_taxonomy,,PROJECT_OWNED,false,true,POLICY_REVIEWED,,,PROMOTION,PROMOTIONAL,0,true,APP_EVENT_TYPE,true,POLICY_APPROVED_V06,0.4,1
V06_REAL_PATTERN_044,리워드,synthetic.v05.real_pattern.reward,의견을 남겨주세요,더 나은 서비스를 위해 걷기 포인트에 참여해주세요.,0,engagement_prompt,v06_engagement_prompt_03,CLEAR,v06_engagement_prompt_real_pattern,msg,false,0,REVIEW,false,true,SYNTHETIC_REAL_PATTERN_REVIEWED,0.6,v0.6_patterns_from_private_room_error_taxonomy,,PROJECT_OWNED,false,true,POLICY_REVIEWED,,,PROMOTION,PROMOTIONAL,0,true,APP_EVENT_TYPE,true,POLICY_APPROVED_V06,0.4,1
V06_REAL_PATTERN_045,카카오페이,synthetic.v05.real_pattern.kakaopay,오늘의 추천,최근 이용 기록을 바탕으로 출석체크 소식을 준비했어요.,0,engagement_prompt,v06_engagement_prompt_04,CLEAR,v06_engagement_prompt_real_pattern,msg,false,0,REVIEW,false,true,SYNTHETIC_REAL_PATTERN_REVIEWED,0.6,v0.6_patterns_from_private_room_error_taxonomy,,PROJECT_OWNED,false,true,POLICY_REVIEWED,,,PROMOTION,PROMOTIONAL,0,true,APP_EVENT_TYPE,true,POLICY_APPROVED_V06,0.4,1
V06_REAL_PATTERN_046,쇼핑,synthetic.v05.real_pattern.shopping,오늘의 추천,최근 이용 기록을 바탕으로 관심 상품 소식을 준비했어요.,0,engagement_prompt,v06_engagement_prompt_04,CLEAR,v06_engagement_prompt_real_pattern,msg,false,0,REVIEW,false,true,SYNTHETIC_REAL_PATTERN_REVIEWED,0.6,v0.6_patterns_from_private_room_error_taxonomy,,PROJECT_OWNED,false,true,POLICY_REVIEWED,,,PROMOTION,PROMOTIONAL,0,true,APP_EVENT_TYPE,true,POLICY_APPROVED_V06,0.4,1
V06_REAL_PATTERN_047,배달,synthetic.v05.real_pattern.delivery_review,오늘의 추천,최근 이용 기록을 바탕으로 주문 리뷰 소식을 준비했어요.,0,engagement_prompt,v06_engagement_prompt_04,CLEAR,v06_engagement_prompt_real_pattern,msg,false,0,REVIEW,false,true,SYNTHETIC_REAL_PATTERN_REVIEWED,0.6,v0.6_patterns_from_private_room_error_taxonomy,,PROJECT_OWNED,false,true,POLICY_REVIEWED,,,PROMOTION,PROMOTIONAL,0,true,APP_EVENT_TYPE,true,POLICY_APPROVED_V06,0.4,1
V06_REAL_PATTERN_048,리워드,synthetic.v05.real_pattern.reward,오늘의 추천,최근 이용 기록을 바탕으로 걷기 포인트 소식을 준비했어요.,0,engagement_prompt,v06_engagement_prompt_04,CLEAR,v06_engagement_prompt_real_pattern,msg,false,0,REVIEW,false,true,SYNTHETIC_REAL_PATTERN_REVIEWED,0.6,v0.6_patterns_from_private_room_error_taxonomy,,PROJECT_OWNED,false,true,POLICY_REVIEWED,,,PROMOTION,PROMOTIONAL,0,true,APP_EVENT_TYPE,true,POLICY_APPROVED_V06,0.4,1
V06_REAL_PATTERN_049,카카오페이,synthetic.v05.real_pattern.kakaopay,새로운 소식,출석체크과 관련된 업데이트가 등록됐어요.,0,engagement_prompt,v06_engagement_prompt_05,CLEAR,v06_engagement_prompt_real_pattern,msg,false,0,REVIEW,false,true,SYNTHETIC_REAL_PATTERN_REVIEWED,0.6,v0.6_patterns_from_private_room_error_taxonomy,,PROJECT_OWNED,false,true,POLICY_REVIEWED,,,PROMOTION,PROMOTIONAL,0,true,APP_EVENT_TYPE,true,POLICY_APPROVED_V06,0.4,4
V06_REAL_PATTERN_050,쇼핑,synthetic.v05.real_pattern.shopping,새로운 소식,관심 상품과 관련된 업데이트가 등록됐어요.,0,engagement_prompt,v06_engagement_prompt_05,CLEAR,v06_engagement_prompt_real_pattern,msg,false,0,REVIEW,false,true,SYNTHETIC_REAL_PATTERN_REVIEWED,0.6,v0.6_patterns_from_private_room_error_taxonomy,,PROJECT_OWNED,false,true,POLICY_REVIEWED,,,PROMOTION,PROMOTIONAL,0,true,APP_EVENT_TYPE,true,POLICY_APPROVED_V06,0.4,4
V06_REAL_PATTERN_051,배달,synthetic.v05.real_pattern.delivery_review,새로운 소식,주문 리뷰과 관련된 업데이트가 등록됐어요.,0,engagement_prompt,v06_engagement_prompt_05,CLEAR,v06_engagement_prompt_real_pattern,msg,false,0,REVIEW,false,true,SYNTHETIC_REAL_PATTERN_REVIEWED,0.6,v0.6_patterns_from_private_room_error_taxonomy,,PROJECT_OWNED,false,true,POLICY_REVIEWED,,,PROMOTION,PROMOTIONAL,0,true,APP_EVENT_TYPE,true,POLICY_APPROVED_V06,0.4,4
V06_REAL_PATTERN_052,리워드,synthetic.v05.real_pattern.reward,새로운 소식,걷기 포인트과 관련된 업데이트가 등록됐어요.,0,engagement_prompt,v06_engagement_prompt_05,CLEAR,v06_engagement_prompt_real_pattern,msg,false,0,REVIEW,false,true,SYNTHETIC_REAL_PATTERN_REVIEWED,0.6,v0.6_patterns_from_private_room_error_taxonomy,,PROJECT_OWNED,false,true,POLICY_REVIEWED,,,PROMOTION,PROMOTIONAL,0,true,APP_EVENT_TYPE,true,POLICY_APPROVED_V06,0.4,4
V06_REAL_PATTERN_053,카카오페이,synthetic.v05.real_pattern.kakaopay,놓치지 마세요,출석체크 혜택이 곧 종료됩니다.,0,engagement_prompt,v06_engagement_prompt_06,CLEAR,v06_engagement_prompt_real_pattern,msg,false,0,REVIEW,false,true,SYNTHETIC_REAL_PATTERN_REVIEWED,0.6,v0.6_patterns_from_private_room_error_taxonomy,,PROJECT_OWNED,false,true,POLICY_REVIEWED,,,PROMOTION,PROMOTIONAL,0,true,APP_EVENT_TYPE,true,POLICY_APPROVED_V06,0.4,0
V06_REAL_PATTERN_054,쇼핑,synthetic.v05.real_pattern.shopping,놓치지 마세요,관심 상품 혜택이 곧 종료됩니다.,0,engagement_prompt,v06_engagement_prompt_06,CLEAR,v06_engagement_prompt_real_pattern,msg,false,0,REVIEW,false,true,SYNTHETIC_REAL_PATTERN_REVIEWED,0.6,v0.6_patterns_from_private_room_error_taxonomy,,PROJECT_OWNED,false,true,POLICY_REVIEWED,,,PROMOTION,PROMOTIONAL,0,true,APP_EVENT_TYPE,true,POLICY_APPROVED_V06,0.4,0
V06_REAL_PATTERN_055,배달,synthetic.v05.real_pattern.delivery_review,놓치지 마세요,주문 리뷰 혜택이 곧 종료됩니다.,0,engagement_prompt,v06_engagement_prompt_06,CLEAR,v06_engagement_prompt_real_pattern,msg,false,0,REVIEW,false,true,SYNTHETIC_REAL_PATTERN_REVIEWED,0.6,v0.6_patterns_from_private_room_error_taxonomy,,PROJECT_OWNED,false,true,POLICY_REVIEWED,,,PROMOTION,PROMOTIONAL,0,true,APP_EVENT_TYPE,true,POLICY_APPROVED_V06,0.4,0
V06_REAL_PATTERN_056,리워드,synthetic.v05.real_pattern.reward,놓치지 마세요,걷기 포인트 혜택이 곧 종료됩니다.,0,engagement_prompt,v06_engagement_prompt_06,CLEAR,v06_engagement_prompt_real_pattern,msg,false,0,REVIEW,false,true,SYNTHETIC_REAL_PATTERN_REVIEWED,0.6,v0.6_patterns_from_private_room_error_taxonomy,,PROJECT_OWNED,false,true,POLICY_REVIEWED,,,PROMOTION,PROMOTIONAL,0,true,APP_EVENT_TYPE,true,POLICY_APPROVED_V06,0.4,0
V06_REAL_PATTERN_057,카카오페이,synthetic.v05.real_pattern.kakaopay,확인해 보세요,출석체크 화면에서 새로운 내용을 볼 수 있어요.,0,engagement_prompt,v06_engagement_prompt_07,CLEAR,v06_engagement_prompt_real_pattern,msg,false,0,REVIEW,false,true,SYNTHETIC_REAL_PATTERN_REVIEWED,0.6,v0.6_patterns_from_private_room_error_taxonomy,,PROJECT_OWNED,false,true,POLICY_REVIEWED,,,PROMOTION,PROMOTIONAL,0,true,APP_EVENT_TYPE,true,POLICY_APPROVED_V06,0.4,2
V06_REAL_PATTERN_058,쇼핑,synthetic.v05.real_pattern.shopping,확인해 보세요,관심 상품 화면에서 새로운 내용을 볼 수 있어요.,0,engagement_prompt,v06_engagement_prompt_07,CLEAR,v06_engagement_prompt_real_pattern,msg,false,0,REVIEW,false,true,SYNTHETIC_REAL_PATTERN_REVIEWED,0.6,v0.6_patterns_from_private_room_error_taxonomy,,PROJECT_OWNED,false,true,POLICY_REVIEWED,,,PROMOTION,PROMOTIONAL,0,true,APP_EVENT_TYPE,true,POLICY_APPROVED_V06,0.4,2
V06_REAL_PATTERN_059,배달,synthetic.v05.real_pattern.delivery_review,확인해 보세요,주문 리뷰 화면에서 새로운 내용을 볼 수 있어요.,0,engagement_prompt,v06_engagement_prompt_07,CLEAR,v06_engagement_prompt_real_pattern,msg,false,0,REVIEW,false,true,SYNTHETIC_REAL_PATTERN_REVIEWED,0.6,v0.6_patterns_from_private_room_error_taxonomy,,PROJECT_OWNED,false,true,POLICY_REVIEWED,,,PROMOTION,PROMOTIONAL,0,true,APP_EVENT_TYPE,true,POLICY_APPROVED_V06,0.4,2
V06_REAL_PATTERN_060,리워드,synthetic.v05.real_pattern.reward,확인해 보세요,걷기 포인트 화면에서 새로운 내용을 볼 수 있어요.,0,engagement_prompt,v06_engagement_prompt_07,CLEAR,v06_engagement_prompt_real_pattern,msg,false,0,REVIEW,false,true,SYNTHETIC_REAL_PATTERN_REVIEWED,0.6,v0.6_patterns_from_private_room_error_taxonomy,,PROJECT_OWNED,false,true,POLICY_REVIEWED,,,PROMOTION,PROMOTIONAL,0,true,APP_EVENT_TYPE,true,POLICY_APPROVED_V06,0.4,2
V06_REAL_PATTERN_061,카카오페이,synthetic.v05.real_pattern.kakaopay,포인트 받기,출석체크을 완료하고 추가 포인트를 받아보세요.,0,engagement_prompt,v06_engagement_prompt_08,CLEAR,v06_engagement_prompt_real_pattern,msg,false,0,REVIEW,false,true,SYNTHETIC_REAL_PATTERN_REVIEWED,0.6,v0.6_patterns_from_private_room_error_taxonomy,,PROJECT_OWNED,false,true,POLICY_REVIEWED,,,PROMOTION,PROMOTIONAL,0,true,APP_EVENT_TYPE,true,POLICY_APPROVED_V06,0.4,1
V06_REAL_PATTERN_062,쇼핑,synthetic.v05.real_pattern.shopping,포인트 받기,관심 상품을 완료하고 추가 포인트를 받아보세요.,0,engagement_prompt,v06_engagement_prompt_08,CLEAR,v06_engagement_prompt_real_pattern,msg,false,0,REVIEW,false,true,SYNTHETIC_REAL_PATTERN_REVIEWED,0.6,v0.6_patterns_from_private_room_error_taxonomy,,PROJECT_OWNED,false,true,POLICY_REVIEWED,,,PROMOTION,PROMOTIONAL,0,true,APP_EVENT_TYPE,true,POLICY_APPROVED_V06,0.4,1
V06_REAL_PATTERN_063,배달,synthetic.v05.real_pattern.delivery_review,포인트 받기,주문 리뷰을 완료하고 추가 포인트를 받아보세요.,0,engagement_prompt,v06_engagement_prompt_08,CLEAR,v06_engagement_prompt_real_pattern,msg,false,0,REVIEW,false,true,SYNTHETIC_REAL_PATTERN_REVIEWED,0.6,v0.6_patterns_from_private_room_error_taxonomy,,PROJECT_OWNED,false,true,POLICY_REVIEWED,,,PROMOTION,PROMOTIONAL,0,true,APP_EVENT_TYPE,true,POLICY_APPROVED_V06,0.4,1
V06_REAL_PATTERN_064,리워드,synthetic.v05.real_pattern.reward,포인트 받기,걷기 포인트을 완료하고 추가 포인트를 받아보세요.,0,engagement_prompt,v06_engagement_prompt_08,CLEAR,v06_engagement_prompt_real_pattern,msg,false,0,REVIEW,false,true,SYNTHETIC_REAL_PATTERN_REVIEWED,0.6,v0.6_patterns_from_private_room_error_taxonomy,,PROJECT_OWNED,false,true,POLICY_REVIEWED,,,PROMOTION,PROMOTIONAL,0,true,APP_EVENT_TYPE,true,POLICY_APPROVED_V06,0.4,1
V06_REAL_PATTERN_065,안전디딤돌,synthetic.v05.real_pattern.safety,안전 안내,폭염 예방을 위한 생활 안전 수칙을 안내합니다.,0,general_safety,v06_general_safety_01,CLEAR,v06_general_safety_real_pattern,msg,false,0,REVIEW,false,true,SYNTHETIC_REAL_PATTERN_REVIEWED,0.6,v0.6_patterns_from_private_room_error_taxonomy,,PROJECT_OWNED,false,true,POLICY_REVIEWED,,,SAFETY_INFORMATION,INFORMATIONAL,0,false,NONE,true,POLICY_APPROVED_V06,0.4,1
V06_REAL_PATTERN_066,소방청,synthetic.v05.real_pattern.fire,안전 안내,전기화재 예방을 위한 생활 안전 수칙을 안내합니다.,0,general_safety,v06_general_safety_01,CLEAR,v06_general_safety_real_pattern,msg,false,0,REVIEW,false,true,SYNTHETIC_REAL_PATTERN_REVIEWED,0.6,v0.6_patterns_from_private_room_error_taxonomy,,PROJECT_OWNED,false,true,POLICY_REVIEWED,,,SAFETY_INFORMATION,INFORMATIONAL,0,false,NONE,true,POLICY_APPROVED_V06,0.4,1
V06_REAL_PATTERN_067,기상청,synthetic.v05.real_pattern.weather,안전 안내,강풍 예방을 위한 생활 안전 수칙을 안내합니다.,0,general_safety,v06_general_safety_01,CLEAR,v06_general_safety_real_pattern,msg,false,0,REVIEW,false,true,SYNTHETIC_REAL_PATTERN_REVIEWED,0.6,v0.6_patterns_from_private_room_error_taxonomy,,PROJECT_OWNED,false,true,POLICY_REVIEWED,,,SAFETY_INFORMATION,INFORMATIONAL,0,false,NONE,true,POLICY_APPROVED_V06,0.4,1
V06_REAL_PATTERN_068,지자체,synthetic.v05.real_pattern.local_safety,안전 안내,호우 예방을 위한 생활 안전 수칙을 안내합니다.,0,general_safety,v06_general_safety_01,CLEAR,v06_general_safety_real_pattern,msg,false,0,REVIEW,false,true,SYNTHETIC_REAL_PATTERN_REVIEWED,0.6,v0.6_patterns_from_private_room_error_taxonomy,,PROJECT_OWNED,false,true,POLICY_REVIEWED,,,SAFETY_INFORMATION,INFORMATIONAL,0,false,NONE,true,POLICY_APPROVED_V06,0.4,1
V06_REAL_PATTERN_069,안전디딤돌,synthetic.v05.real_pattern.safety,예방 수칙,폭염에 대비해 시설물 상태를 확인하시기 바랍니다.,0,general_safety,v06_general_safety_02,CLEAR,v06_general_safety_real_pattern,msg,false,0,REVIEW,false,true,SYNTHETIC_REAL_PATTERN_REVIEWED,0.6,v0.6_patterns_from_private_room_error_taxonomy,,PROJECT_OWNED,false,true,POLICY_REVIEWED,,,SAFETY_INFORMATION,INFORMATIONAL,0,false,NONE,true,POLICY_APPROVED_V06,0.4,1
V06_REAL_PATTERN_070,소방청,synthetic.v05.real_pattern.fire,예방 수칙,전기화재에 대비해 시설물 상태를 확인하시기 바랍니다.,0,general_safety,v06_general_safety_02,CLEAR,v06_general_safety_real_pattern,msg,false,0,REVIEW,false,true,SYNTHETIC_REAL_PATTERN_REVIEWED,0.6,v0.6_patterns_from_private_room_error_taxonomy,,PROJECT_OWNED,false,true,POLICY_REVIEWED,,,SAFETY_INFORMATION,INFORMATIONAL,0,false,NONE,true,POLICY_APPROVED_V06,0.4,1
V06_REAL_PATTERN_071,기상청,synthetic.v05.real_pattern.weather,예방 수칙,강풍에 대비해 시설물 상태를 확인하시기 바랍니다.,0,general_safety,v06_general_safety_02,CLEAR,v06_general_safety_real_pattern,msg,false,0,REVIEW,false,true,SYNTHETIC_REAL_PATTERN_REVIEWED,0.6,v0.6_patterns_from_private_room_error_taxonomy,,PROJECT_OWNED,false,true,POLICY_REVIEWED,,,SAFETY_INFORMATION,INFORMATIONAL,0,false,NONE,true,POLICY_APPROVED_V06,0.4,1
V06_REAL_PATTERN_072,지자체,synthetic.v05.real_pattern.local_safety,예방 수칙,호우에 대비해 시설물 상태를 확인하시기 바랍니다.,0,general_safety,v06_general_safety_02,CLEAR,v06_general_safety_real_pattern,msg,false,0,REVIEW,false,true,SYNTHETIC_REAL_PATTERN_REVIEWED,0.6,v0.6_patterns_from_private_room_error_taxonomy,,PROJECT_OWNED,false,true,POLICY_REVIEWED,,,SAFETY_INFORMATION,INFORMATIONAL,0,false,NONE,true,POLICY_APPROVED_V06,0.4,1
V06_REAL_PATTERN_073,안전디딤돌,synthetic.v05.real_pattern.safety,생활 정보,폭염 발생 가능성이 있어 일반 행동 요령을 알려드립니다.,0,general_safety,v06_general_safety_03,CLEAR,v06_general_safety_real_pattern,msg,false,0,REVIEW,false,true,SYNTHETIC_REAL_PATTERN_REVIEWED,0.6,v0.6_patterns_from_private_room_error_taxonomy,,PROJECT_OWNED,false,true,POLICY_REVIEWED,,,SAFETY_INFORMATION,INFORMATIONAL,0,false,NONE,true,POLICY_APPROVED_V06,0.4,4
V06_REAL_PATTERN_074,소방청,synthetic.v05.real_pattern.fire,생활 정보,전기화재 발생 가능성이 있어 일반 행동 요령을 알려드립니다.,0,general_safety,v06_general_safety_03,CLEAR,v06_general_safety_real_pattern,msg,false,0,REVIEW,false,true,SYNTHETIC_REAL_PATTERN_REVIEWED,0.6,v0.6_patterns_from_private_room_error_taxonomy,,PROJECT_OWNED,false,true,POLICY_REVIEWED,,,SAFETY_INFORMATION,INFORMATIONAL,0,false,NONE,true,POLICY_APPROVED_V06,0.4,4
V06_REAL_PATTERN_075,기상청,synthetic.v05.real_pattern.weather,생활 정보,강풍 발생 가능성이 있어 일반 행동 요령을 알려드립니다.,0,general_safety,v06_general_safety_03,CLEAR,v06_general_safety_real_pattern,msg,false,0,REVIEW,false,true,SYNTHETIC_REAL_PATTERN_REVIEWED,0.6,v0.6_patterns_from_private_room_error_taxonomy,,PROJECT_OWNED,false,true,POLICY_REVIEWED,,,SAFETY_INFORMATION,INFORMATIONAL,0,false,NONE,true,POLICY_APPROVED_V06,0.4,4
V06_REAL_PATTERN_076,지자체,synthetic.v05.real_pattern.local_safety,생활 정보,호우 발생 가능성이 있어 일반 행동 요령을 알려드립니다.,0,general_safety,v06_general_safety_03,CLEAR,v06_general_safety_real_pattern,msg,false,0,REVIEW,false,true,SYNTHETIC_REAL_PATTERN_REVIEWED,0.6,v0.6_patterns_from_private_room_error_taxonomy,,PROJECT_OWNED,false,true,POLICY_REVIEWED,,,SAFETY_INFORMATION,INFORMATIONAL,0,false,NONE,true,POLICY_APPROVED_V06,0.4,4
V06_REAL_PATTERN_077,안전디딤돌,synthetic.v05.real_pattern.safety,주의 안내,폭염 관련 최신 안전 정보를 확인할 수 있습니다.,0,general_safety,v06_general_safety_04,CLEAR,v06_general_safety_real_pattern,msg,false,0,REVIEW,false,true,SYNTHETIC_REAL_PATTERN_REVIEWED,0.6,v0.6_patterns_from_private_room_error_taxonomy,,PROJECT_OWNED,false,true,POLICY_REVIEWED,,,SAFETY_INFORMATION,INFORMATIONAL,0,false,NONE,true,POLICY_APPROVED_V06,0.4,4
V06_REAL_PATTERN_078,소방청,synthetic.v05.real_pattern.fire,주의 안내,전기화재 관련 최신 안전 정보를 확인할 수 있습니다.,0,general_safety,v06_general_safety_04,CLEAR,v06_general_safety_real_pattern,msg,false,0,REVIEW,false,true,SYNTHETIC_REAL_PATTERN_REVIEWED,0.6,v0.6_patterns_from_private_room_error_taxonomy,,PROJECT_OWNED,false,true,POLICY_REVIEWED,,,SAFETY_INFORMATION,INFORMATIONAL,0,false,NONE,true,POLICY_APPROVED_V06,0.4,4
V06_REAL_PATTERN_079,기상청,synthetic.v05.real_pattern.weather,주의 안내,강풍 관련 최신 안전 정보를 확인할 수 있습니다.,0,general_safety,v06_general_safety_04,CLEAR,v06_general_safety_real_pattern,msg,false,0,REVIEW,false,true,SYNTHETIC_REAL_PATTERN_REVIEWED,0.6,v0.6_patterns_from_private_room_error_taxonomy,,PROJECT_OWNED,false,true,POLICY_REVIEWED,,,SAFETY_INFORMATION,INFORMATIONAL,0,false,NONE,true,POLICY_APPROVED_V06,0.4,4
V06_REAL_PATTERN_080,지자체,synthetic.v05.real_pattern.local_safety,주의 안내,호우 관련 최신 안전 정보를 확인할 수 있습니다.,0,general_safety,v06_general_safety_04,CLEAR,v06_general_safety_real_pattern,msg,false,0,REVIEW,false,true,SYNTHETIC_REAL_PATTERN_REVIEWED,0.6,v0.6_patterns_from_private_room_error_taxonomy,,PROJECT_OWNED,false,true,POLICY_REVIEWED,,,SAFETY_INFORMATION,INFORMATIONAL,0,false,NONE,true,POLICY_APPROVED_V06,0.4,4
V06_REAL_PATTERN_081,쿠팡,synthetic.v05.real_pattern.coupang,배송 완료,주문 상품이 문 앞에 배송 완료되었습니다.,1,delivery_complete,v06_delivery_complete_01,CLEAR,v06_delivery_complete_real_pattern,msg,false,20,REVIEW,false,true,SYNTHETIC_REAL_PATTERN_REVIEWED,0.6,v0.6_patterns_from_private_room_error_taxonomy,,PROJECT_OWNED,false,true,POLICY_REVIEWED,,,DELIVERY_COMPLETE,ATTENTION_WORTHY,1,true,APP_EVENT_TYPE,true,POLICY_APPROVED_V06,0.4,1
V06_REAL_PATTERN_082,오늘의집,synthetic.v05.real_pattern.ohouse,배송 완료,가구 주문이 문 앞에 배송 완료되었습니다.,1,delivery_complete,v06_delivery_complete_01,CLEAR,v06_delivery_complete_real_pattern,msg,false,20,REVIEW,false,true,SYNTHETIC_REAL_PATTERN_REVIEWED,0.6,v0.6_patterns_from_private_room_error_taxonomy,,PROJECT_OWNED,false,true,POLICY_REVIEWED,,,DELIVERY_COMPLETE,ATTENTION_WORTHY,1,true,APP_EVENT_TYPE,true,POLICY_APPROVED_V06,0.4,1
V06_REAL_PATTERN_083,CJ대한통운,synthetic.v05.real_pattern.cjlogistics,배송 완료,택배 물품이 문 앞에 배송 완료되었습니다.,1,delivery_complete,v06_delivery_complete_01,CLEAR,v06_delivery_complete_real_pattern,msg,false,20,REVIEW,false,true,SYNTHETIC_REAL_PATTERN_REVIEWED,0.6,v0.6_patterns_from_private_room_error_taxonomy,,PROJECT_OWNED,false,true,POLICY_REVIEWED,,,DELIVERY_COMPLETE,ATTENTION_WORTHY,1,true,APP_EVENT_TYPE,true,POLICY_APPROVED_V06,0.4,1
V06_REAL_PATTERN_084,컬리,synthetic.v05.real_pattern.kurly,배송 완료,식품 주문이 문 앞에 배송 완료되었습니다.,1,delivery_complete,v06_delivery_complete_01,CLEAR,v06_delivery_complete_real_pattern,msg,false,20,REVIEW,false,true,SYNTHETIC_REAL_PATTERN_REVIEWED,0.6,v0.6_patterns_from_private_room_error_taxonomy,,PROJECT_OWNED,false,true,POLICY_REVIEWED,,,DELIVERY_COMPLETE,ATTENTION_WORTHY,1,true,APP_EVENT_TYPE,true,POLICY_APPROVED_V06,0.4,1
V06_REAL_PATTERN_085,쿠팡,synthetic.v05.real_pattern.coupang,배달 완료,요청한 장소에 주문 상품을 전달했습니다.,1,delivery_complete,v06_delivery_complete_02,CLEAR,v06_delivery_complete_real_pattern,msg,false,20,REVIEW,false,true,SYNTHETIC_REAL_PATTERN_REVIEWED,0.6,v0.6_patterns_from_private_room_error_taxonomy,,PROJECT_OWNED,false,true,POLICY_REVIEWED,,,DELIVERY_COMPLETE,ATTENTION_WORTHY,1,true,APP_EVENT_TYPE,true,POLICY_APPROVED_V06,0.4,4
V06_REAL_PATTERN_086,오늘의집,synthetic.v05.real_pattern.ohouse,배달 완료,요청한 장소에 가구 주문을 전달했습니다.,1,delivery_complete,v06_delivery_complete_02,CLEAR,v06_delivery_complete_real_pattern,msg,false,20,REVIEW,false,true,SYNTHETIC_REAL_PATTERN_REVIEWED,0.6,v0.6_patterns_from_private_room_error_taxonomy,,PROJECT_OWNED,false,true,POLICY_REVIEWED,,,DELIVERY_COMPLETE,ATTENTION_WORTHY,1,true,APP_EVENT_TYPE,true,POLICY_APPROVED_V06,0.4,4
V06_REAL_PATTERN_087,CJ대한통운,synthetic.v05.real_pattern.cjlogistics,배달 완료,요청한 장소에 택배 물품을 전달했습니다.,1,delivery_complete,v06_delivery_complete_02,CLEAR,v06_delivery_complete_real_pattern,msg,false,20,REVIEW,false,true,SYNTHETIC_REAL_PATTERN_REVIEWED,0.6,v0.6_patterns_from_private_room_error_taxonomy,,PROJECT_OWNED,false,true,POLICY_REVIEWED,,,DELIVERY_COMPLETE,ATTENTION_WORTHY,1,true,APP_EVENT_TYPE,true,POLICY_APPROVED_V06,0.4,4
V06_REAL_PATTERN_088,컬리,synthetic.v05.real_pattern.kurly,배달 완료,요청한 장소에 식품 주문을 전달했습니다.,1,delivery_complete,v06_delivery_complete_02,CLEAR,v06_delivery_complete_real_pattern,msg,false,20,REVIEW,false,true,SYNTHETIC_REAL_PATTERN_REVIEWED,0.6,v0.6_patterns_from_private_room_error_taxonomy,,PROJECT_OWNED,false,true,POLICY_REVIEWED,,,DELIVERY_COMPLETE,ATTENTION_WORTHY,1,true,APP_EVENT_TYPE,true,POLICY_APPROVED_V06,0.4,4
V06_REAL_PATTERN_089,쿠팡,synthetic.v05.real_pattern.coupang,상품 도착,주문 상품이 배송지에 도착했습니다.,1,delivery_complete,v06_delivery_complete_03,CLEAR,v06_delivery_complete_real_pattern,msg,false,20,REVIEW,false,true,SYNTHETIC_REAL_PATTERN_REVIEWED,0.6,v0.6_patterns_from_private_room_error_taxonomy,,PROJECT_OWNED,false,true,POLICY_REVIEWED,,,DELIVERY_COMPLETE,ATTENTION_WORTHY,1,true,APP_EVENT_TYPE,true,POLICY_APPROVED_V06,0.4,3
V06_REAL_PATTERN_090,오늘의집,synthetic.v05.real_pattern.ohouse,상품 도착,가구 주문이 배송지에 도착했습니다.,1,delivery_complete,v06_delivery_complete_03,CLEAR,v06_delivery_complete_real_pattern,msg,false,20,REVIEW,false,true,SYNTHETIC_REAL_PATTERN_REVIEWED,0.6,v0.6_patterns_from_private_room_error_taxonomy,,PROJECT_OWNED,false,true,POLICY_REVIEWED,,,DELIVERY_COMPLETE,ATTENTION_WORTHY,1,true,APP_EVENT_TYPE,true,POLICY_APPROVED_V06,0.4,3
V06_REAL_PATTERN_091,CJ대한통운,synthetic.v05.real_pattern.cjlogistics,상품 도착,택배 물품이 배송지에 도착했습니다.,1,delivery_complete,v06_delivery_complete_03,CLEAR,v06_delivery_complete_real_pattern,msg,false,20,REVIEW,false,true,SYNTHETIC_REAL_PATTERN_REVIEWED,0.6,v0.6_patterns_from_private_room_error_taxonomy,,PROJECT_OWNED,false,true,POLICY_REVIEWED,,,DELIVERY_COMPLETE,ATTENTION_WORTHY,1,true,APP_EVENT_TYPE,true,POLICY_APPROVED_V06,0.4,3
V06_REAL_PATTERN_092,컬리,synthetic.v05.real_pattern.kurly,상품 도착,식품 주문이 배송지에 도착했습니다.,1,delivery_complete,v06_delivery_complete_03,CLEAR,v06_delivery_complete_real_pattern,msg,false,20,REVIEW,false,true,SYNTHETIC_REAL_PATTERN_REVIEWED,0.6,v0.6_patterns_from_private_room_error_taxonomy,,PROJECT_OWNED,false,true,POLICY_REVIEWED,,,DELIVERY_COMPLETE,ATTENTION_WORTHY,1,true,APP_EVENT_TYPE,true,POLICY_APPROVED_V06,0.4,3
V06_REAL_PATTERN_093,쿠팡,synthetic.v05.real_pattern.coupang,수령 확인,주문 상품 배송을 완료했습니다. 수령 상태를 확인해주세요.,1,delivery_complete,v06_delivery_complete_04,CLEAR,v06_delivery_complete_real_pattern,msg,false,20,REVIEW,false,true,SYNTHETIC_REAL_PATTERN_REVIEWED,0.6,v0.6_patterns_from_private_room_error_taxonomy,,PROJECT_OWNED,false,true,POLICY_REVIEWED,,,DELIVERY_COMPLETE,ATTENTION_WORTHY,1,true,APP_EVENT_TYPE,true,POLICY_APPROVED_V06,0.4,3
V06_REAL_PATTERN_094,오늘의집,synthetic.v05.real_pattern.ohouse,수령 확인,가구 주문 배송을 완료했습니다. 수령 상태를 확인해주세요.,1,delivery_complete,v06_delivery_complete_04,CLEAR,v06_delivery_complete_real_pattern,msg,false,20,REVIEW,false,true,SYNTHETIC_REAL_PATTERN_REVIEWED,0.6,v0.6_patterns_from_private_room_error_taxonomy,,PROJECT_OWNED,false,true,POLICY_REVIEWED,,,DELIVERY_COMPLETE,ATTENTION_WORTHY,1,true,APP_EVENT_TYPE,true,POLICY_APPROVED_V06,0.4,3
V06_REAL_PATTERN_095,CJ대한통운,synthetic.v05.real_pattern.cjlogistics,수령 확인,택배 물품 배송을 완료했습니다. 수령 상태를 확인해주세요.,1,delivery_complete,v06_delivery_complete_04,CLEAR,v06_delivery_complete_real_pattern,msg,false,20,REVIEW,false,true,SYNTHETIC_REAL_PATTERN_REVIEWED,0.6,v0.6_patterns_from_private_room_error_taxonomy,,PROJECT_OWNED,false,true,POLICY_REVIEWED,,,DELIVERY_COMPLETE,ATTENTION_WORTHY,1,true,APP_EVENT_TYPE,true,POLICY_APPROVED_V06,0.4,3
V06_REAL_PATTERN_096,컬리,synthetic.v05.real_pattern.kurly,수령 확인,식품 주문 배송을 완료했습니다. 수령 상태를 확인해주세요.,1,delivery_complete,v06_delivery_complete_04,CLEAR,v06_delivery_complete_real_pattern,msg,false,20,REVIEW,false,true,SYNTHETIC_REAL_PATTERN_REVIEWED,0.6,v0.6_patterns_from_private_room_error_taxonomy,,PROJECT_OWNED,false,true,POLICY_REVIEWED,,,DELIVERY_COMPLETE,ATTENTION_WORTHY,1,true,APP_EVENT_TYPE,true,POLICY_APPROVED_V06,0.4,3
V06_REAL_PATTERN_097,쿠팡,synthetic.v05.real_pattern.coupang,회수 예정,오늘 주문 상품을 회수합니다. 지정한 장소에 놓아주세요.,1,pickup_preparation,v06_pickup_preparation_01,CLEAR,v06_pickup_preparation_real_pattern,msg,false,25,REVIEW,false,true,SYNTHETIC_REAL_PATTERN_REVIEWED,0.6,v0.6_patterns_from_private_room_error_taxonomy,,PROJECT_OWNED,false,true,POLICY_REVIEWED,,,PICKUP_PREPARATION,ATTENTION_WORTHY,1,true,APP_EVENT_TYPE,true,POLICY_APPROVED_V06,0.4,4
V06_REAL_PATTERN_098,오늘의집,synthetic.v05.real_pattern.ohouse,회수 예정,오늘 가구 주문을 회수합니다. 지정한 장소에 놓아주세요.,1,pickup_preparation,v06_pickup_preparation_01,CLEAR,v06_pickup_preparation_real_pattern,msg,false,25,REVIEW,false,true,SYNTHETIC_REAL_PATTERN_REVIEWED,0.6,v0.6_patterns_from_private_room_error_taxonomy,,PROJECT_OWNED,false,true,POLICY_REVIEWED,,,PICKUP_PREPARATION,ATTENTION_WORTHY,1,true,APP_EVENT_TYPE,true,POLICY_APPROVED_V06,0.4,4
V06_REAL_PATTERN_099,CJ대한통운,synthetic.v05.real_pattern.cjlogistics,회수 예정,오늘 택배 물품을 회수합니다. 지정한 장소에 놓아주세요.,1,pickup_preparation,v06_pickup_preparation_01,CLEAR,v06_pickup_preparation_real_pattern,msg,false,25,REVIEW,false,true,SYNTHETIC_REAL_PATTERN_REVIEWED,0.6,v0.6_patterns_from_private_room_error_taxonomy,,PROJECT_OWNED,false,true,POLICY_REVIEWED,,,PICKUP_PREPARATION,ATTENTION_WORTHY,1,true,APP_EVENT_TYPE,true,POLICY_APPROVED_V06,0.4,4
V06_REAL_PATTERN_100,컬리,synthetic.v05.real_pattern.kurly,회수 예정,오늘 식품 주문을 회수합니다. 지정한 장소에 놓아주세요.,1,pickup_preparation,v06_pickup_preparation_01,CLEAR,v06_pickup_preparation_real_pattern,msg,false,25,REVIEW,false,true,SYNTHETIC_REAL_PATTERN_REVIEWED,0.6,v0.6_patterns_from_private_room_error_taxonomy,,PROJECT_OWNED,false,true,POLICY_REVIEWED,,,PICKUP_PREPARATION,ATTENTION_WORTHY,1,true,APP_EVENT_TYPE,true,POLICY_APPROVED_V06,0.4,4
V06_REAL_PATTERN_101,쿠팡,synthetic.v05.real_pattern.coupang,반품 방문 안내,기사님이 곧 방문합니다. 주문 상품을 포장해 준비해주세요.,1,pickup_preparation,v06_pickup_preparation_02,CLEAR,v06_pickup_preparation_real_pattern,msg,false,25,REVIEW,false,true,SYNTHETIC_REAL_PATTERN_REVIEWED,0.6,v0.6_patterns_from_private_room_error_taxonomy,,PROJECT_OWNED,false,true,POLICY_REVIEWED,,,PICKUP_PREPARATION,ATTENTION_WORTHY,1,true,APP_EVENT_TYPE,true,POLICY_APPROVED_V06,0.4,4
V06_REAL_PATTERN_102,오늘의집,synthetic.v05.real_pattern.ohouse,반품 방문 안내,기사님이 곧 방문합니다. 가구 주문을 포장해 준비해주세요.,1,pickup_preparation,v06_pickup_preparation_02,CLEAR,v06_pickup_preparation_real_pattern,msg,false,25,REVIEW,false,true,SYNTHETIC_REAL_PATTERN_REVIEWED,0.6,v0.6_patterns_from_private_room_error_taxonomy,,PROJECT_OWNED,false,true,POLICY_REVIEWED,,,PICKUP_PREPARATION,ATTENTION_WORTHY,1,true,APP_EVENT_TYPE,true,POLICY_APPROVED_V06,0.4,4
V06_REAL_PATTERN_103,CJ대한통운,synthetic.v05.real_pattern.cjlogistics,반품 방문 안내,기사님이 곧 방문합니다. 택배 물품을 포장해 준비해주세요.,1,pickup_preparation,v06_pickup_preparation_02,CLEAR,v06_pickup_preparation_real_pattern,msg,false,25,REVIEW,false,true,SYNTHETIC_REAL_PATTERN_REVIEWED,0.6,v0.6_patterns_from_private_room_error_taxonomy,,PROJECT_OWNED,false,true,POLICY_REVIEWED,,,PICKUP_PREPARATION,ATTENTION_WORTHY,1,true,APP_EVENT_TYPE,true,POLICY_APPROVED_V06,0.4,4
V06_REAL_PATTERN_104,컬리,synthetic.v05.real_pattern.kurly,반품 방문 안내,기사님이 곧 방문합니다. 식품 주문을 포장해 준비해주세요.,1,pickup_preparation,v06_pickup_preparation_02,CLEAR,v06_pickup_preparation_real_pattern,msg,false,25,REVIEW,false,true,SYNTHETIC_REAL_PATTERN_REVIEWED,0.6,v0.6_patterns_from_private_room_error_taxonomy,,PROJECT_OWNED,false,true,POLICY_REVIEWED,,,PICKUP_PREPARATION,ATTENTION_WORTHY,1,true,APP_EVENT_TYPE,true,POLICY_APPROVED_V06,0.4,4
V06_REAL_PATTERN_105,쿠팡,synthetic.v05.real_pattern.coupang,수거 준비 요청,주문 상품 수거를 위해 문 앞에 내놓아 주세요.,1,pickup_preparation,v06_pickup_preparation_03,CLEAR,v06_pickup_preparation_real_pattern,msg,false,25,REVIEW,false,true,SYNTHETIC_REAL_PATTERN_REVIEWED,0.6,v0.6_patterns_from_private_room_error_taxonomy,,PROJECT_OWNED,false,true,POLICY_REVIEWED,,,PICKUP_PREPARATION,ATTENTION_WORTHY,1,true,APP_EVENT_TYPE,true,POLICY_APPROVED_V06,0.4,3
V06_REAL_PATTERN_106,오늘의집,synthetic.v05.real_pattern.ohouse,수거 준비 요청,가구 주문 수거를 위해 문 앞에 내놓아 주세요.,1,pickup_preparation,v06_pickup_preparation_03,CLEAR,v06_pickup_preparation_real_pattern,msg,false,25,REVIEW,false,true,SYNTHETIC_REAL_PATTERN_REVIEWED,0.6,v0.6_patterns_from_private_room_error_taxonomy,,PROJECT_OWNED,false,true,POLICY_REVIEWED,,,PICKUP_PREPARATION,ATTENTION_WORTHY,1,true,APP_EVENT_TYPE,true,POLICY_APPROVED_V06,0.4,3
V06_REAL_PATTERN_107,CJ대한통운,synthetic.v05.real_pattern.cjlogistics,수거 준비 요청,택배 물품 수거를 위해 문 앞에 내놓아 주세요.,1,pickup_preparation,v06_pickup_preparation_03,CLEAR,v06_pickup_preparation_real_pattern,msg,false,25,REVIEW,false,true,SYNTHETIC_REAL_PATTERN_REVIEWED,0.6,v0.6_patterns_from_private_room_error_taxonomy,,PROJECT_OWNED,false,true,POLICY_REVIEWED,,,PICKUP_PREPARATION,ATTENTION_WORTHY,1,true,APP_EVENT_TYPE,true,POLICY_APPROVED_V06,0.4,3
V06_REAL_PATTERN_108,컬리,synthetic.v05.real_pattern.kurly,수거 준비 요청,식품 주문 수거를 위해 문 앞에 내놓아 주세요.,1,pickup_preparation,v06_pickup_preparation_03,CLEAR,v06_pickup_preparation_real_pattern,msg,false,25,REVIEW,false,true,SYNTHETIC_REAL_PATTERN_REVIEWED,0.6,v0.6_patterns_from_private_room_error_taxonomy,,PROJECT_OWNED,false,true,POLICY_REVIEWED,,,PICKUP_PREPARATION,ATTENTION_WORTHY,1,true,APP_EVENT_TYPE,true,POLICY_APPROVED_V06,0.4,3
V06_REAL_PATTERN_109,쿠팡,synthetic.v05.real_pattern.coupang,교환 상품 회수,교환할 주문 상품을 방문 전에 준비해주세요.,1,pickup_preparation,v06_pickup_preparation_04,CLEAR,v06_pickup_preparation_real_pattern,msg,false,25,REVIEW,false,true,SYNTHETIC_REAL_PATTERN_REVIEWED,0.6,v0.6_patterns_from_private_room_error_taxonomy,,PROJECT_OWNED,false,true,POLICY_REVIEWED,,,PICKUP_PREPARATION,ATTENTION_WORTHY,1,true,APP_EVENT_TYPE,true,POLICY_APPROVED_V06,0.4,1
V06_REAL_PATTERN_110,오늘의집,synthetic.v05.real_pattern.ohouse,교환 상품 회수,교환할 가구 주문을 방문 전에 준비해주세요.,1,pickup_preparation,v06_pickup_preparation_04,CLEAR,v06_pickup_preparation_real_pattern,msg,false,25,REVIEW,false,true,SYNTHETIC_REAL_PATTERN_REVIEWED,0.6,v0.6_patterns_from_private_room_error_taxonomy,,PROJECT_OWNED,false,true,POLICY_REVIEWED,,,PICKUP_PREPARATION,ATTENTION_WORTHY,1,true,APP_EVENT_TYPE,true,POLICY_APPROVED_V06,0.4,1
V06_REAL_PATTERN_111,CJ대한통운,synthetic.v05.real_pattern.cjlogistics,교환 상품 회수,교환할 택배 물품을 방문 전에 준비해주세요.,1,pickup_preparation,v06_pickup_preparation_04,CLEAR,v06_pickup_preparation_real_pattern,msg,false,25,REVIEW,false,true,SYNTHETIC_REAL_PATTERN_REVIEWED,0.6,v0.6_patterns_from_private_room_error_taxonomy,,PROJECT_OWNED,false,true,POLICY_REVIEWED,,,PICKUP_PREPARATION,ATTENTION_WORTHY,1,true,APP_EVENT_TYPE,true,POLICY_APPROVED_V06,0.4,1
V06_REAL_PATTERN_112,컬리,synthetic.v05.real_pattern.kurly,교환 상품 회수,교환할 식품 주문을 방문 전에 준비해주세요.,1,pickup_preparation,v06_pickup_preparation_04,CLEAR,v06_pickup_preparation_real_pattern,msg,false,25,REVIEW,false,true,SYNTHETIC_REAL_PATTERN_REVIEWED,0.6,v0.6_patterns_from_private_room_error_taxonomy,,PROJECT_OWNED,false,true,POLICY_REVIEWED,,,PICKUP_PREPARATION,ATTENTION_WORTHY,1,true,APP_EVENT_TYPE,true,POLICY_APPROVED_V06,0.4,1
V06_REAL_PATTERN_113,Slack,synthetic.v05.real_pattern.slack,참석 여부 확인,오늘 오후 7시까지 팀 회의 참석 여부를 응답해주세요.,1,explicit_action,v06_explicit_action_01,CLEAR,v06_explicit_action_real_pattern,msg,false,30,REVIEW,false,true,SYNTHETIC_REAL_PATTERN_REVIEWED,0.6,v0.6_patterns_from_private_room_error_taxonomy,,PROJECT_OWNED,false,true,POLICY_REVIEWED,,,USER_ACTION,ACTION_REQUIRED,1,false,NONE,true,POLICY_APPROVED_V06,0.4,3
V06_REAL_PATTERN_114,학교 포털,synthetic.v05.real_pattern.school,참석 여부 확인,오늘 오후 7시까지 수강 신청 참석 여부를 응답해주세요.,1,explicit_action,v06_explicit_action_01,CLEAR,v06_explicit_action_real_pattern,msg,false,30,REVIEW,false,true,SYNTHETIC_REAL_PATTERN_REVIEWED,0.6,v0.6_patterns_from_private_room_error_taxonomy,,PROJECT_OWNED,false,true,POLICY_REVIEWED,,,USER_ACTION,ACTION_REQUIRED,1,false,NONE,true,POLICY_APPROVED_V06,0.4,3
V06_REAL_PATTERN_115,정부24,synthetic.v05.real_pattern.gov24,참석 여부 확인,오늘 오후 7시까지 민원 신청 참석 여부를 응답해주세요.,1,explicit_action,v06_explicit_action_01,CLEAR,v06_explicit_action_real_pattern,msg,false,30,REVIEW,false,true,SYNTHETIC_REAL_PATTERN_REVIEWED,0.6,v0.6_patterns_from_private_room_error_taxonomy,,PROJECT_OWNED,false,true,POLICY_REVIEWED,,,USER_ACTION,ACTION_REQUIRED,1,false,NONE,true,POLICY_APPROVED_V06,0.4,3
V06_REAL_PATTERN_116,예약 서비스,synthetic.v05.real_pattern.reservation,참석 여부 확인,오늘 오후 7시까지 방문 예약 참석 여부를 응답해주세요.,1,explicit_action,v06_explicit_action_01,CLEAR,v06_explicit_action_real_pattern,msg,false,30,REVIEW,false,true,SYNTHETIC_REAL_PATTERN_REVIEWED,0.6,v0.6_patterns_from_private_room_error_taxonomy,,PROJECT_OWNED,false,true,POLICY_REVIEWED,,,USER_ACTION,ACTION_REQUIRED,1,false,NONE,true,POLICY_APPROVED_V06,0.4,3
V06_REAL_PATTERN_117,Slack,synthetic.v05.real_pattern.slack,오늘까지 응답 필요,팀 회의 요청에 오늘 안으로 답변해주세요.,1,explicit_action,v06_explicit_action_02,CLEAR,v06_explicit_action_real_pattern,msg,false,30,REVIEW,false,true,SYNTHETIC_REAL_PATTERN_REVIEWED,0.6,v0.6_patterns_from_private_room_error_taxonomy,,PROJECT_OWNED,false,true,POLICY_REVIEWED,,,USER_ACTION,ACTION_REQUIRED,1,false,NONE,true,POLICY_APPROVED_V06,0.4,1
V06_REAL_PATTERN_118,학교 포털,synthetic.v05.real_pattern.school,오늘까지 응답 필요,수강 신청 요청에 오늘 안으로 답변해주세요.,1,explicit_action,v06_explicit_action_02,CLEAR,v06_explicit_action_real_pattern,msg,false,30,REVIEW,false,true,SYNTHETIC_REAL_PATTERN_REVIEWED,0.6,v0.6_patterns_from_private_room_error_taxonomy,,PROJECT_OWNED,false,true,POLICY_REVIEWED,,,USER_ACTION,ACTION_REQUIRED,1,false,NONE,true,POLICY_APPROVED_V06,0.4,1
V06_REAL_PATTERN_119,정부24,synthetic.v05.real_pattern.gov24,오늘까지 응답 필요,민원 신청 요청에 오늘 안으로 답변해주세요.,1,explicit_action,v06_explicit_action_02,CLEAR,v06_explicit_action_real_pattern,msg,false,30,REVIEW,false,true,SYNTHETIC_REAL_PATTERN_REVIEWED,0.6,v0.6_patterns_from_private_room_error_taxonomy,,PROJECT_OWNED,false,true,POLICY_REVIEWED,,,USER_ACTION,ACTION_REQUIRED,1,false,NONE,true,POLICY_APPROVED_V06,0.4,1
V06_REAL_PATTERN_120,예약 서비스,synthetic.v05.real_pattern.reservation,오늘까지 응답 필요,방문 예약 요청에 오늘 안으로 답변해주세요.,1,explicit_action,v06_explicit_action_02,CLEAR,v06_explicit_action_real_pattern,msg,false,30,REVIEW,false,true,SYNTHETIC_REAL_PATTERN_REVIEWED,0.6,v0.6_patterns_from_private_room_error_taxonomy,,PROJECT_OWNED,false,true,POLICY_REVIEWED,,,USER_ACTION,ACTION_REQUIRED,1,false,NONE,true,POLICY_APPROVED_V06,0.4,1
V06_REAL_PATTERN_121,Slack,synthetic.v05.real_pattern.slack,승인 요청,팀 회의 처리를 진행하려면 승인이 필요합니다.,1,explicit_action,v06_explicit_action_03,CLEAR,v06_explicit_action_real_pattern,msg,false,30,REVIEW,false,true,SYNTHETIC_REAL_PATTERN_REVIEWED,0.6,v0.6_patterns_from_private_room_error_taxonomy,,PROJECT_OWNED,false,true,POLICY_REVIEWED,,,USER_ACTION,ACTION_REQUIRED,1,false,NONE,true,POLICY_APPROVED_V06,0.4,0
V06_REAL_PATTERN_122,학교 포털,synthetic.v05.real_pattern.school,승인 요청,수강 신청 처리를 진행하려면 승인이 필요합니다.,1,explicit_action,v06_explicit_action_03,CLEAR,v06_explicit_action_real_pattern,msg,false,30,REVIEW,false,true,SYNTHETIC_REAL_PATTERN_REVIEWED,0.6,v0.6_patterns_from_private_room_error_taxonomy,,PROJECT_OWNED,false,true,POLICY_REVIEWED,,,USER_ACTION,ACTION_REQUIRED,1,false,NONE,true,POLICY_APPROVED_V06,0.4,0
V06_REAL_PATTERN_123,정부24,synthetic.v05.real_pattern.gov24,승인 요청,민원 신청 처리를 진행하려면 승인이 필요합니다.,1,explicit_action,v06_explicit_action_03,CLEAR,v06_explicit_action_real_pattern,msg,false,30,REVIEW,false,true,SYNTHETIC_REAL_PATTERN_REVIEWED,0.6,v0.6_patterns_from_private_room_error_taxonomy,,PROJECT_OWNED,false,true,POLICY_REVIEWED,,,USER_ACTION,ACTION_REQUIRED,1,false,NONE,true,POLICY_APPROVED_V06,0.4,0
V06_REAL_PATTERN_124,예약 서비스,synthetic.v05.real_pattern.reservation,승인 요청,방문 예약 처리를 진행하려면 승인이 필요합니다.,1,explicit_action,v06_explicit_action_03,CLEAR,v06_explicit_action_real_pattern,msg,false,30,REVIEW,false,true,SYNTHETIC_REAL_PATTERN_REVIEWED,0.6,v0.6_patterns_from_private_room_error_taxonomy,,PROJECT_OWNED,false,true,POLICY_REVIEWED,,,USER_ACTION,ACTION_REQUIRED,1,false,NONE,true,POLICY_APPROVED_V06,0.4,0
V06_REAL_PATTERN_125,Slack,synthetic.v05.real_pattern.slack,제출 마감,팀 회의 관련 서류 제출이 오늘 마감됩니다.,1,explicit_action,v06_explicit_action_04,CLEAR,v06_explicit_action_real_pattern,msg,false,30,REVIEW,false,true,SYNTHETIC_REAL_PATTERN_REVIEWED,0.6,v0.6_patterns_from_private_room_error_taxonomy,,PROJECT_OWNED,false,true,POLICY_REVIEWED,,,USER_ACTION,ACTION_REQUIRED,1,false,NONE,true,POLICY_APPROVED_V06,0.4,1
V06_REAL_PATTERN_126,학교 포털,synthetic.v05.real_pattern.school,제출 마감,수강 신청 관련 서류 제출이 오늘 마감됩니다.,1,explicit_action,v06_explicit_action_04,CLEAR,v06_explicit_action_real_pattern,msg,false,30,REVIEW,false,true,SYNTHETIC_REAL_PATTERN_REVIEWED,0.6,v0.6_patterns_from_private_room_error_taxonomy,,PROJECT_OWNED,false,true,POLICY_REVIEWED,,,USER_ACTION,ACTION_REQUIRED,1,false,NONE,true,POLICY_APPROVED_V06,0.4,1
V06_REAL_PATTERN_127,정부24,synthetic.v05.real_pattern.gov24,제출 마감,민원 신청 관련 서류 제출이 오늘 마감됩니다.,1,explicit_action,v06_explicit_action_04,CLEAR,v06_explicit_action_real_pattern,msg,false,30,REVIEW,false,true,SYNTHETIC_REAL_PATTERN_REVIEWED,0.6,v0.6_patterns_from_private_room_error_taxonomy,,PROJECT_OWNED,false,true,POLICY_REVIEWED,,,USER_ACTION,ACTION_REQUIRED,1,false,NONE,true,POLICY_APPROVED_V06,0.4,1
V06_REAL_PATTERN_128,예약 서비스,synthetic.v05.real_pattern.reservation,제출 마감,방문 예약 관련 서류 제출이 오늘 마감됩니다.,1,explicit_action,v06_explicit_action_04,CLEAR,v06_explicit_action_real_pattern,msg,false,30,REVIEW,false,true,SYNTHETIC_REAL_PATTERN_REVIEWED,0.6,v0.6_patterns_from_private_room_error_taxonomy,,PROJECT_OWNED,false,true,POLICY_REVIEWED,,,USER_ACTION,ACTION_REQUIRED,1,false,NONE,true,POLICY_APPROVED_V06,0.4,1
V06_REAL_PATTERN_129,Slack,synthetic.v05.real_pattern.slack,정보 보완 필요,팀 회의 정보가 부족합니다. 내용을 추가해주세요.,1,explicit_action,v06_explicit_action_05,CLEAR,v06_explicit_action_real_pattern,msg,false,30,REVIEW,false,true,SYNTHETIC_REAL_PATTERN_REVIEWED,0.6,v0.6_patterns_from_private_room_error_taxonomy,,PROJECT_OWNED,false,true,POLICY_REVIEWED,,,USER_ACTION,ACTION_REQUIRED,1,false,NONE,true,POLICY_APPROVED_V06,0.4,1
V06_REAL_PATTERN_130,학교 포털,synthetic.v05.real_pattern.school,정보 보완 필요,수강 신청 정보가 부족합니다. 내용을 추가해주세요.,1,explicit_action,v06_explicit_action_05,CLEAR,v06_explicit_action_real_pattern,msg,false,30,REVIEW,false,true,SYNTHETIC_REAL_PATTERN_REVIEWED,0.6,v0.6_patterns_from_private_room_error_taxonomy,,PROJECT_OWNED,false,true,POLICY_REVIEWED,,,USER_ACTION,ACTION_REQUIRED,1,false,NONE,true,POLICY_APPROVED_V06,0.4,1
V06_REAL_PATTERN_131,정부24,synthetic.v05.real_pattern.gov24,정보 보완 필요,민원 신청 정보가 부족합니다. 내용을 추가해주세요.,1,explicit_action,v06_explicit_action_05,CLEAR,v06_explicit_action_real_pattern,msg,false,30,REVIEW,false,true,SYNTHETIC_REAL_PATTERN_REVIEWED,0.6,v0.6_patterns_from_private_room_error_taxonomy,,PROJECT_OWNED,false,true,POLICY_REVIEWED,,,USER_ACTION,ACTION_REQUIRED,1,false,NONE,true,POLICY_APPROVED_V06,0.4,1
V06_REAL_PATTERN_132,예약 서비스,synthetic.v05.real_pattern.reservation,정보 보완 필요,방문 예약 정보가 부족합니다. 내용을 추가해주세요.,1,explicit_action,v06_explicit_action_05,CLEAR,v06_explicit_action_real_pattern,msg,false,30,REVIEW,false,true,SYNTHETIC_REAL_PATTERN_REVIEWED,0.6,v0.6_patterns_from_private_room_error_taxonomy,,PROJECT_OWNED,false,true,POLICY_REVIEWED,,,USER_ACTION,ACTION_REQUIRED,1,false,NONE,true,POLICY_APPROVED_V06,0.4,1
V06_REAL_PATTERN_133,Slack,synthetic.v05.real_pattern.slack,본인 확인 요청,팀 회의을 계속하려면 본인 확인을 완료해주세요.,1,explicit_action,v06_explicit_action_06,CLEAR,v06_explicit_action_real_pattern,msg,false,30,REVIEW,false,true,SYNTHETIC_REAL_PATTERN_REVIEWED,0.6,v0.6_patterns_from_private_room_error_taxonomy,,PROJECT_OWNED,false,true,POLICY_REVIEWED,,,USER_ACTION,ACTION_REQUIRED,1,false,NONE,true,POLICY_APPROVED_V06,0.4,2
V06_REAL_PATTERN_134,학교 포털,synthetic.v05.real_pattern.school,본인 확인 요청,수강 신청을 계속하려면 본인 확인을 완료해주세요.,1,explicit_action,v06_explicit_action_06,CLEAR,v06_explicit_action_real_pattern,msg,false,30,REVIEW,false,true,SYNTHETIC_REAL_PATTERN_REVIEWED,0.6,v0.6_patterns_from_private_room_error_taxonomy,,PROJECT_OWNED,false,true,POLICY_REVIEWED,,,USER_ACTION,ACTION_REQUIRED,1,false,NONE,true,POLICY_APPROVED_V06,0.4,2
V06_REAL_PATTERN_135,정부24,synthetic.v05.real_pattern.gov24,본인 확인 요청,민원 신청을 계속하려면 본인 확인을 완료해주세요.,1,explicit_action,v06_explicit_action_06,CLEAR,v06_explicit_action_real_pattern,msg,false,30,REVIEW,false,true,SYNTHETIC_REAL_PATTERN_REVIEWED,0.6,v0.6_patterns_from_private_room_error_taxonomy,,PROJECT_OWNED,false,true,POLICY_REVIEWED,,,USER_ACTION,ACTION_REQUIRED,1,false,NONE,true,POLICY_APPROVED_V06,0.4,2
V06_REAL_PATTERN_136,예약 서비스,synthetic.v05.real_pattern.reservation,본인 확인 요청,방문 예약을 계속하려면 본인 확인을 완료해주세요.,1,explicit_action,v06_explicit_action_06,CLEAR,v06_explicit_action_real_pattern,msg,false,30,REVIEW,false,true,SYNTHETIC_REAL_PATTERN_REVIEWED,0.6,v0.6_patterns_from_private_room_error_taxonomy,,PROJECT_OWNED,false,true,POLICY_REVIEWED,,,USER_ACTION,ACTION_REQUIRED,1,false,NONE,true,POLICY_APPROVED_V06,0.4,2
V06_REAL_PATTERN_137,Slack,synthetic.v05.real_pattern.slack,예약 유지 확인,팀 회의을 유지하려면 정해진 시간까지 확인해주세요.,1,explicit_action,v06_explicit_action_07,CLEAR,v06_explicit_action_real_pattern,msg,false,30,REVIEW,false,true,SYNTHETIC_REAL_PATTERN_REVIEWED,0.6,v0.6_patterns_from_private_room_error_taxonomy,,PROJECT_OWNED,false,true,POLICY_REVIEWED,,,USER_ACTION,ACTION_REQUIRED,1,false,NONE,true,POLICY_APPROVED_V06,0.4,0
V06_REAL_PATTERN_138,학교 포털,synthetic.v05.real_pattern.school,예약 유지 확인,수강 신청을 유지하려면 정해진 시간까지 확인해주세요.,1,explicit_action,v06_explicit_action_07,CLEAR,v06_explicit_action_real_pattern,msg,false,30,REVIEW,false,true,SYNTHETIC_REAL_PATTERN_REVIEWED,0.6,v0.6_patterns_from_private_room_error_taxonomy,,PROJECT_OWNED,false,true,POLICY_REVIEWED,,,USER_ACTION,ACTION_REQUIRED,1,false,NONE,true,POLICY_APPROVED_V06,0.4,0
V06_REAL_PATTERN_139,정부24,synthetic.v05.real_pattern.gov24,예약 유지 확인,민원 신청을 유지하려면 정해진 시간까지 확인해주세요.,1,explicit_action,v06_explicit_action_07,CLEAR,v06_explicit_action_real_pattern,msg,false,30,REVIEW,false,true,SYNTHETIC_REAL_PATTERN_REVIEWED,0.6,v0.6_patterns_from_private_room_error_taxonomy,,PROJECT_OWNED,false,true,POLICY_REVIEWED,,,USER_ACTION,ACTION_REQUIRED,1,false,NONE,true,POLICY_APPROVED_V06,0.4,0
V06_REAL_PATTERN_140,예약 서비스,synthetic.v05.real_pattern.reservation,예약 유지 확인,방문 예약을 유지하려면 정해진 시간까지 확인해주세요.,1,explicit_action,v06_explicit_action_07,CLEAR,v06_explicit_action_real_pattern,msg,false,30,REVIEW,false,true,SYNTHETIC_REAL_PATTERN_REVIEWED,0.6,v0.6_patterns_from_private_room_error_taxonomy,,PROJECT_OWNED,false,true,POLICY_REVIEWED,,,USER_ACTION,ACTION_REQUIRED,1,false,NONE,true,POLICY_APPROVED_V06,0.4,0
V06_REAL_PATTERN_141,Slack,synthetic.v05.real_pattern.slack,선택 필요,팀 회의 처리 방법을 선택해주세요.,1,explicit_action,v06_explicit_action_08,CLEAR,v06_explicit_action_real_pattern,msg,false,30,REVIEW,false,true,SYNTHETIC_REAL_PATTERN_REVIEWED,0.6,v0.6_patterns_from_private_room_error_taxonomy,,PROJECT_OWNED,false,true,POLICY_REVIEWED,,,USER_ACTION,ACTION_REQUIRED,1,false,NONE,true,POLICY_APPROVED_V06,0.4,0
V06_REAL_PATTERN_142,학교 포털,synthetic.v05.real_pattern.school,선택 필요,수강 신청 처리 방법을 선택해주세요.,1,explicit_action,v06_explicit_action_08,CLEAR,v06_explicit_action_real_pattern,msg,false,30,REVIEW,false,true,SYNTHETIC_REAL_PATTERN_REVIEWED,0.6,v0.6_patterns_from_private_room_error_taxonomy,,PROJECT_OWNED,false,true,POLICY_REVIEWED,,,USER_ACTION,ACTION_REQUIRED,1,false,NONE,true,POLICY_APPROVED_V06,0.4,0
V06_REAL_PATTERN_143,정부24,synthetic.v05.real_pattern.gov24,선택 필요,민원 신청 처리 방법을 선택해주세요.,1,explicit_action,v06_explicit_action_08,CLEAR,v06_explicit_action_real_pattern,msg,false,30,REVIEW,false,true,SYNTHETIC_REAL_PATTERN_REVIEWED,0.6,v0.6_patterns_from_private_room_error_taxonomy,,PROJECT_OWNED,false,true,POLICY_REVIEWED,,,USER_ACTION,ACTION_REQUIRED,1,false,NONE,true,POLICY_APPROVED_V06,0.4,0
V06_REAL_PATTERN_144,예약 서비스,synthetic.v05.real_pattern.reservation,선택 필요,방문 예약 처리 방법을 선택해주세요.,1,explicit_action,v06_explicit_action_08,CLEAR,v06_explicit_action_real_pattern,msg,false,30,REVIEW,false,true,SYNTHETIC_REAL_PATTERN_REVIEWED,0.6,v0.6_patterns_from_private_room_error_taxonomy,,PROJECT_OWNED,false,true,POLICY_REVIEWED,,,USER_ACTION,ACTION_REQUIRED,1,false,NONE,true,POLICY_APPROVED_V06,0.4,0
V06_REAL_PATTERN_145,현대카드,synthetic.v05.real_pattern.hyundaicard,이용내역 안내,후불교통카드 이용 내역이 새로 등록되었습니다.,1,transaction_record,v06_transaction_record_01,CLEAR,v06_transaction_record_real_pattern,msg,false,20,REVIEW,false,true,SYNTHETIC_REAL_PATTERN_REVIEWED,0.6,v0.6_patterns_from_private_room_error_taxonomy,,PROJECT_OWNED,false,true,POLICY_REVIEWED,,,TRANSACTION_STATUS,ATTENTION_WORTHY,1,true,APP_EVENT_TYPE,true,POLICY_APPROVED_V06,0.4,0
V06_REAL_PATTERN_146,토스,synthetic.v05.real_pattern.toss,이용내역 안내,계좌 출금 내역이 새로 등록되었습니다.,1,transaction_record,v06_transaction_record_01,CLEAR,v06_transaction_record_real_pattern,msg,false,20,REVIEW,false,true,SYNTHETIC_REAL_PATTERN_REVIEWED,0.6,v0.6_patterns_from_private_room_error_taxonomy,,PROJECT_OWNED,false,true,POLICY_REVIEWED,,,TRANSACTION_STATUS,ATTENTION_WORTHY,1,true,APP_EVENT_TYPE,true,POLICY_APPROVED_V06,0.4,0
V06_REAL_PATTERN_147,카카오뱅크,synthetic.v05.real_pattern.kakaobank,이용내역 안내,계좌 이체 내역이 새로 등록되었습니다.,1,transaction_record,v06_transaction_record_01,CLEAR,v06_transaction_record_real_pattern,msg,false,20,REVIEW,false,true,SYNTHETIC_REAL_PATTERN_REVIEWED,0.6,v0.6_patterns_from_private_room_error_taxonomy,,PROJECT_OWNED,false,true,POLICY_REVIEWED,,,TRANSACTION_STATUS,ATTENTION_WORTHY,1,true,APP_EVENT_TYPE,true,POLICY_APPROVED_V06,0.4,0
V06_REAL_PATTERN_148,KB Pay,synthetic.v05.real_pattern.kbpay,이용내역 안내,카드 결제 내역이 새로 등록되었습니다.,1,transaction_record,v06_transaction_record_01,CLEAR,v06_transaction_record_real_pattern,msg,false,20,REVIEW,false,true,SYNTHETIC_REAL_PATTERN_REVIEWED,0.6,v0.6_patterns_from_private_room_error_taxonomy,,PROJECT_OWNED,false,true,POLICY_REVIEWED,,,TRANSACTION_STATUS,ATTENTION_WORTHY,1,true,APP_EVENT_TYPE,true,POLICY_APPROVED_V06,0.4,0
V06_REAL_PATTERN_149,현대카드,synthetic.v05.real_pattern.hyundaicard,거래 완료,요청한 후불교통카드 이용 처리가 완료되었습니다.,1,transaction_record,v06_transaction_record_02,CLEAR,v06_transaction_record_real_pattern,msg,false,20,REVIEW,false,true,SYNTHETIC_REAL_PATTERN_REVIEWED,0.6,v0.6_patterns_from_private_room_error_taxonomy,,PROJECT_OWNED,false,true,POLICY_REVIEWED,,,TRANSACTION_STATUS,ATTENTION_WORTHY,1,true,APP_EVENT_TYPE,true,POLICY_APPROVED_V06,0.4,2
V06_REAL_PATTERN_150,토스,synthetic.v05.real_pattern.toss,거래 완료,요청한 계좌 출금 처리가 완료되었습니다.,1,transaction_record,v06_transaction_record_02,CLEAR,v06_transaction_record_real_pattern,msg,false,20,REVIEW,false,true,SYNTHETIC_REAL_PATTERN_REVIEWED,0.6,v0.6_patterns_from_private_room_error_taxonomy,,PROJECT_OWNED,false,true,POLICY_REVIEWED,,,TRANSACTION_STATUS,ATTENTION_WORTHY,1,true,APP_EVENT_TYPE,true,POLICY_APPROVED_V06,0.4,2
V06_REAL_PATTERN_151,카카오뱅크,synthetic.v05.real_pattern.kakaobank,거래 완료,요청한 계좌 이체 처리가 완료되었습니다.,1,transaction_record,v06_transaction_record_02,CLEAR,v06_transaction_record_real_pattern,msg,false,20,REVIEW,false,true,SYNTHETIC_REAL_PATTERN_REVIEWED,0.6,v0.6_patterns_from_private_room_error_taxonomy,,PROJECT_OWNED,false,true,POLICY_REVIEWED,,,TRANSACTION_STATUS,ATTENTION_WORTHY,1,true,APP_EVENT_TYPE,true,POLICY_APPROVED_V06,0.4,2
V06_REAL_PATTERN_152,KB Pay,synthetic.v05.real_pattern.kbpay,거래 완료,요청한 카드 결제 처리가 완료되었습니다.,1,transaction_record,v06_transaction_record_02,CLEAR,v06_transaction_record_real_pattern,msg,false,20,REVIEW,false,true,SYNTHETIC_REAL_PATTERN_REVIEWED,0.6,v0.6_patterns_from_private_room_error_taxonomy,,PROJECT_OWNED,false,true,POLICY_REVIEWED,,,TRANSACTION_STATUS,ATTENTION_WORTHY,1,true,APP_EVENT_TYPE,true,POLICY_APPROVED_V06,0.4,2
V06_REAL_PATTERN_153,현대카드,synthetic.v05.real_pattern.hyundaicard,금융 내역,후불교통카드 이용 금액과 잔액을 확인할 수 있습니다.,1,transaction_record,v06_transaction_record_03,CLEAR,v06_transaction_record_real_pattern,msg,false,20,REVIEW,false,true,SYNTHETIC_REAL_PATTERN_REVIEWED,0.6,v0.6_patterns_from_private_room_error_taxonomy,,PROJECT_OWNED,false,true,POLICY_REVIEWED,,,TRANSACTION_STATUS,ATTENTION_WORTHY,1,true,APP_EVENT_TYPE,true,POLICY_APPROVED_V06,0.4,2
V06_REAL_PATTERN_154,토스,synthetic.v05.real_pattern.toss,금융 내역,계좌 출금 금액과 잔액을 확인할 수 있습니다.,1,transaction_record,v06_transaction_record_03,CLEAR,v06_transaction_record_real_pattern,msg,false,20,REVIEW,false,true,SYNTHETIC_REAL_PATTERN_REVIEWED,0.6,v0.6_patterns_from_private_room_error_taxonomy,,PROJECT_OWNED,false,true,POLICY_REVIEWED,,,TRANSACTION_STATUS,ATTENTION_WORTHY,1,true,APP_EVENT_TYPE,true,POLICY_APPROVED_V06,0.4,2
V06_REAL_PATTERN_155,카카오뱅크,synthetic.v05.real_pattern.kakaobank,금융 내역,계좌 이체 금액과 잔액을 확인할 수 있습니다.,1,transaction_record,v06_transaction_record_03,CLEAR,v06_transaction_record_real_pattern,msg,false,20,REVIEW,false,true,SYNTHETIC_REAL_PATTERN_REVIEWED,0.6,v0.6_patterns_from_private_room_error_taxonomy,,PROJECT_OWNED,false,true,POLICY_REVIEWED,,,TRANSACTION_STATUS,ATTENTION_WORTHY,1,true,APP_EVENT_TYPE,true,POLICY_APPROVED_V06,0.4,2
V06_REAL_PATTERN_156,KB Pay,synthetic.v05.real_pattern.kbpay,금융 내역,카드 결제 금액과 잔액을 확인할 수 있습니다.,1,transaction_record,v06_transaction_record_03,CLEAR,v06_transaction_record_real_pattern,msg,false,20,REVIEW,false,true,SYNTHETIC_REAL_PATTERN_REVIEWED,0.6,v0.6_patterns_from_private_room_error_taxonomy,,PROJECT_OWNED,false,true,POLICY_REVIEWED,,,TRANSACTION_STATUS,ATTENTION_WORTHY,1,true,APP_EVENT_TYPE,true,POLICY_APPROVED_V06,0.4,2
V06_REAL_PATTERN_157,현대카드,synthetic.v05.real_pattern.hyundaicard,승인 내역,후불교통카드 이용이 정상 승인되었습니다.,1,transaction_record,v06_transaction_record_04,CLEAR,v06_transaction_record_real_pattern,msg,false,20,REVIEW,false,true,SYNTHETIC_REAL_PATTERN_REVIEWED,0.6,v0.6_patterns_from_private_room_error_taxonomy,,PROJECT_OWNED,false,true,POLICY_REVIEWED,,,TRANSACTION_STATUS,ATTENTION_WORTHY,1,true,APP_EVENT_TYPE,true,POLICY_APPROVED_V06,0.4,4
V06_REAL_PATTERN_158,토스,synthetic.v05.real_pattern.toss,승인 내역,계좌 출금이 정상 승인되었습니다.,1,transaction_record,v06_transaction_record_04,CLEAR,v06_transaction_record_real_pattern,msg,false,20,REVIEW,false,true,SYNTHETIC_REAL_PATTERN_REVIEWED,0.6,v0.6_patterns_from_private_room_error_taxonomy,,PROJECT_OWNED,false,true,POLICY_REVIEWED,,,TRANSACTION_STATUS,ATTENTION_WORTHY,1,true,APP_EVENT_TYPE,true,POLICY_APPROVED_V06,0.4,4
V06_REAL_PATTERN_159,카카오뱅크,synthetic.v05.real_pattern.kakaobank,승인 내역,계좌 이체이 정상 승인되었습니다.,1,transaction_record,v06_transaction_record_04,CLEAR,v06_transaction_record_real_pattern,msg,false,20,REVIEW,false,true,SYNTHETIC_REAL_PATTERN_REVIEWED,0.6,v0.6_patterns_from_private_room_error_taxonomy,,PROJECT_OWNED,false,true,POLICY_REVIEWED,,,TRANSACTION_STATUS,ATTENTION_WORTHY,1,true,APP_EVENT_TYPE,true,POLICY_APPROVED_V06,0.4,4
V06_REAL_PATTERN_160,KB Pay,synthetic.v05.real_pattern.kbpay,승인 내역,카드 결제이 정상 승인되었습니다.,1,transaction_record,v06_transaction_record_04,CLEAR,v06_transaction_record_real_pattern,msg,false,20,REVIEW,false,true,SYNTHETIC_REAL_PATTERN_REVIEWED,0.6,v0.6_patterns_from_private_room_error_taxonomy,,PROJECT_OWNED,false,true,POLICY_REVIEWED,,,TRANSACTION_STATUS,ATTENTION_WORTHY,1,true,APP_EVENT_TYPE,true,POLICY_APPROVED_V06,0.4,4
